scenario,year,metric,value,low,high
Baseline,1960.0,cancers,0.0,0.0,0.0
Baseline,1961.0,cancers,44.59706115722656,44.59706115722656,44.59706115722656
Baseline,1962.0,cancers,133.7911834716797,89.19412231445312,178.38824462890625
Baseline,1963.0,cancers,282.44805399576825,267.5823669433594,312.17942810058594
Baseline,1964.0,cancers,728.4186706542969,668.9559326171875,802.7471008300781
Baseline,1965.0,cancers,1263.5833791097004,1114.9265441894531,1471.7029571533203
Baseline,1966.0,cancers,1873.076624552409,1427.1060028076172,2229.8530883789062
Baseline,1967.0,cancers,2512.3011474609375,2408.2413024902344,2631.2265625
Baseline,1968.0,cancers,3344.7794392903647,2988.0030517578125,3835.346923828125
Baseline,1969.0,cancers,4771.8852132161455,4459.7056884765625,5262.452880859375
Baseline,1970.0,cancers,6763.88720703125,5530.03515625,8741.0234375
Baseline,1971.0,cancers,8681.560831705729,6912.544189453125,10391.11474609375
Baseline,1972.0,cancers,9915.412434895834,9276.18798828125,10569.502685546875
Baseline,1973.0,cancers,11164.130493164062,10747.891235351562,11550.638671875
Baseline,1974.0,cancers,12962.87841796875,10837.085205078125,14627.83544921875
Baseline,1975.0,cancers,16084.673502604166,13602.10302734375,19533.513671875
Baseline,1976.0,cancers,17184.734619140625,16144.135986328125,17972.6171875
Baseline,1977.0,cancers,21153.873372395832,19265.93017578125,23725.63818359375
Baseline,1978.0,cancers,22625.5771484375,21897.15771484375,23814.83251953125
Baseline,1979.0,cancers,23235.069173177082,22655.30712890625,24037.81640625
Baseline,1980.0,cancers,24305.398763020832,21941.75390625,25955.49072265625
Baseline,1981.0,cancers,26460.923177083332,24483.78759765625,27828.56640625
Baseline,1982.0,cancers,29657.046712239582,26936.62548828125,32199.078125
Baseline,1983.0,cancers,29924.62841796875,26669.04345703125,33715.37890625
Baseline,1984.0,cancers,31976.093098958332,29166.47705078125,37283.14501953125
Baseline,1985.0,cancers,33224.811197916664,31262.5400390625,35410.06787109375
Baseline,1986.0,cancers,32793.706705729164,28809.70263671875,34964.0966796875
Baseline,1987.0,cancers,34072.154459635414,32868.033203125,34785.70751953125
Baseline,1988.0,cancers,34414.06591796875,33804.57421875,34830.30419921875
Baseline,1989.0,cancers,35023.55908203125,33804.57373046875,37193.947265625
Baseline,1990.0,cancers,35380.3349609375,33358.60009765625,39022.4296875
Baseline,1991.0,cancers,37773.7099609375,36970.9619140625,38175.083984375
Baseline,1992.0,cancers,37372.33740234375,34384.33544921875,39379.205078125
Baseline,1993.0,cancers,36629.05322265625,35365.470703125,38754.84765625
Baseline,1994.0,cancers,36807.441080729164,34964.0966796875,39780.5791015625
Baseline,1995.0,cancers,38264.27734375,36703.380859375,40003.5625
Baseline,1996.0,cancers,38903.501953125,37015.560546875,40271.142578125
Baseline,1997.0,cancers,37862.904947916664,34562.7216796875,39557.59375
Baseline,1998.0,cancers,39572.458333333336,39111.62109375,40092.759765625
Baseline,1999.0,cancers,41445.5361328125,40806.3125,42055.029296875
Baseline,2000.0,cancers,41133.356119791664,39156.2197265625,45043.0322265625
Baseline,2001.0,cancers,40642.7880859375,37461.53125,44418.673828125
Baseline,2002.0,cancers,42411.805338541664,37238.54296875,46603.9306640625
Baseline,2003.0,cancers,42932.103190104164,41341.474609375,44641.65625
Baseline,2004.0,cancers,42055.027994791664,41519.86328125,42411.8046875
Baseline,2005.0,cancers,42946.970703125,39869.771484375,45845.78125
Baseline,2006.0,cancers,43898.374348958336,43125.357421875,44686.255859375
Baseline,2007.0,cancers,47689.124674479164,46157.9560546875,49145.962890625
Baseline,2008.0,cancers,44894.374674479164,44374.076171875,45845.7783203125
Baseline,2009.0,cancers,47659.39453125,46202.55859375,50305.4853515625
Baseline,2010.0,cancers,47466.140625,46782.3193359375,47852.6474609375
Baseline,2011.0,cancers,50439.276692708336,48744.5888671875,53561.0693359375
Baseline,2012.0,cancers,51806.920247395836,50573.0673828125,52490.7412109375
Baseline,2013.0,cancers,53531.3408203125,50751.455078125,55255.76171875
Baseline,2014.0,cancers,53665.130859375,52758.3271484375,54809.7861328125
Baseline,2015.0,cancers,57931.583333333336,52981.3125,62034.51171875
Baseline,2016.0,cancers,57827.521809895836,55746.3251953125,60027.642578125
Baseline,2017.0,cancers,61083.108723958336,58778.927734375,62257.5
Baseline,2018.0,cancers,63862.993489583336,61365.55859375,66048.25
Baseline,2019.0,cancers,63565.6787109375,61410.1533203125,65914.4580078125
Baseline,2020.0,cancers,62435.8857421875,60830.3916015625,63907.5869140625
Baseline,2021.0,cancers,66598.27864583333,63996.7861328125,70240.37109375
Baseline,2022.0,cancers,64636.007486979164,62480.4853515625,66092.8447265625
Baseline,2023.0,cancers,68218.63802083333,65156.3046875,70463.35546875
Baseline,2024.0,cancers,65780.66536458333,62034.5126953125,69660.609375
Baseline,2025.0,cancers,70433.62434895833,69303.8310546875,71667.4775390625
Baseline,2026.0,cancers,71563.4169921875,69303.8291015625,72827.001953125
Baseline,2027.0,cancers,71845.86393229167,69616.009765625,73005.384765625
Baseline,2028.0,cancers,71830.9970703125,67921.3203125,78178.646484375
Baseline,2029.0,cancers,72856.732421875,72291.833984375,73183.779296875
Baseline,2030.0,cancers,75175.78255208333,72960.794921875,76483.962890625
Baseline,2031.0,cancers,75874.46744791667,69660.611328125,82905.9375
Baseline,2032.0,cancers,76067.72330729167,73228.376953125,77598.888671875
Baseline,2033.0,cancers,80185.51692708333,79070.58984375,81523.4296875
Baseline,2034.0,cancers,79531.427734375,77509.697265625,82816.74609375
Baseline,2035.0,cancers,81999.12955729167,77242.107421875,86116.92578125
Baseline,2036.0,cancers,80586.888671875,78000.259765625,82415.369140625
Baseline,2037.0,cancers,85552.02994791667,79338.173828125,91067.201171875
Baseline,2038.0,cancers,87499.4375,86473.703125,88748.154296875
Baseline,2039.0,cancers,91706.42317708333,87410.240234375,97533.7734375
Baseline,2040.0,cancers,91542.90234375,90086.06640625,94322.783203125
Baseline,2041.0,cancers,94382.248046875,90755.0234375,98871.68359375
Baseline,2042.0,cancers,98068.939453125,90130.666015625,103688.16796875
Baseline,2043.0,cancers,97221.59244791667,91423.9765625,101190.728515625
Baseline,2044.0,cancers,99406.84895833333,95259.322265625,103732.763671875
Baseline,2045.0,cancers,104803.091796875,102885.416015625,106408.587890625
Baseline,2046.0,cancers,109054.677734375,104936.880859375,111492.65234375
Baseline,2047.0,cancers,107895.15234375,102573.23828125,111314.2578125
Baseline,2048.0,cancers,110600.70703125,108638.4375,113187.3359375
Baseline,2049.0,cancers,114837.42513020833,109976.349609375,118984.9453125
Baseline,2050.0,cancers,117840.294921875,113544.11328125,122686.50390625
Baseline,2051.0,cancers,117483.517578125,114346.85546875,119074.146484375
Baseline,2052.0,cancers,121675.640625,118984.955078125,124871.76171875
Baseline,2053.0,cancers,127740.837890625,125094.75,129955.82421875
Baseline,2054.0,cancers,127146.2109375,122686.50390625,129955.828125
Baseline,2055.0,cancers,133999.29361979166,132497.859375,136244.01171875
Baseline,2056.0,cancers,132022.15690104166,130268.00390625,133478.9921875
Baseline,2057.0,cancers,141982.1640625,141194.28515625,142799.77734375
Baseline,2058.0,cancers,138577.92447916666,134816.90234375,142175.421875
Baseline,2059.0,cancers,142398.40625,140034.76171875,143736.31640625
Baseline,2060.0,cancers,148835.24869791666,146233.75390625,151897.58203125
Baseline,2061.0,cancers,149236.62239583334,147482.46484375,151763.79296875
Baseline,2062.0,cancers,151600.27213541666,144182.2890625,157516.82421875
Baseline,2063.0,cancers,157606.00520833334,154528.80859375,160192.63671875
Baseline,2064.0,cancers,157947.91536458334,151897.58203125,165990.25
Baseline,2065.0,cancers,160519.68359375,160148.04296875,160727.8046875
Baseline,2066.0,cancers,165202.37760416666,162110.31640625,168576.8828125
Baseline,2067.0,cancers,163596.87890625,159746.66796875,165990.25
Baseline,2068.0,cancers,171252.71354166666,166525.421875,178745.0234375
Baseline,2069.0,cancers,172501.42838541666,167328.1640625,175801.609375
Baseline,2070.0,cancers,175043.4609375,173616.35546875,177451.69921875
Baseline,2071.0,cancers,178849.078125,174463.6953125,181911.41796875
Baseline,2072.0,cancers,182654.69140625,176738.1484375,187173.859375
Baseline,2073.0,cancers,185152.125,179859.9453125,189671.2890625
Baseline,2074.0,cancers,192124.13151041666,183829.0703125,200463.78515625
Baseline,2075.0,cancers,184453.43619791666,180082.92578125,192926.87890625
Baseline,2076.0,cancers,190845.68489583334,188645.5625,194398.58984375
Baseline,2077.0,cancers,195231.0625,191544.3671875,202470.65234375
Baseline,2078.0,cancers,200894.8828125,194487.77734375,204120.73828125
Baseline,2079.0,cancers,190042.93880208334,186281.921875,194710.765625
Baseline,2080.0,cancers,204209.92838541666,200686.765625,206930.34765625
Baseline,2081.0,cancers,203317.98958333334,196539.234375,210096.7421875
Baseline,2082.0,cancers,208045.28125,201846.29296875,211657.6484375
Baseline,2083.0,cancers,207301.99088541666,200508.37890625,210810.29296875
Baseline,2084.0,cancers,211360.32291666666,210275.125,213263.12890625
Baseline,2085.0,cancers,207896.61328125,200909.73828125,211969.80859375
Baseline,2086.0,cancers,208922.35546875,205280.26171875,215403.796875
Baseline,2087.0,cancers,208966.94791666666,208223.66015625,210453.51953125
Baseline,2088.0,cancers,214764.56640625,211523.8515625,217633.64453125
Baseline,2089.0,cancers,216488.98567708334,210988.68359375,221870.3671875
Baseline,2090.0,cancers,210958.95052083334,207064.14453125,216964.68359375
Baseline,2091.0,cancers,216801.16276041666,212371.1796875,221023.015625
Baseline,2092.0,cancers,221379.79557291666,212549.57421875,230745.1796875
Baseline,2093.0,cancers,223044.75,218882.359375,228693.703125
Baseline,2094.0,cancers,222450.12369791666,219506.72265625,225081.34765625
Baseline,2095.0,cancers,222301.46744791666,219283.734375,227534.18359375
Baseline,2096.0,cancers,225780.03515625,223877.2265625,227623.375
Baseline,2097.0,cancers,227549.05338541666,219863.48828125,233019.625
Baseline,2098.0,cancers,223669.10807291666,221870.359375,226240.86328125
Baseline,2099.0,cancers,227801.77083333334,226107.08203125,229764.0390625
Baseline,2100.0,cancers,230715.44140625,221379.796875,237390.1328125
Baseline,1960.0,cancer_deaths,0.0,0.0,0.0
Baseline,1961.0,cancer_deaths,0.0,0.0,0.0
Baseline,1962.0,cancer_deaths,0.0,0.0,0.0
Baseline,1963.0,cancer_deaths,0.0,0.0,0.0
Baseline,1964.0,cancer_deaths,0.0,0.0,0.0
Baseline,1965.0,cancer_deaths,0.0,0.0,0.0
Baseline,1966.0,cancer_deaths,29.731374104817707,0.0,44.59706115722656
Baseline,1967.0,cancer_deaths,59.462748209635414,0.0,133.7911834716797
Baseline,1968.0,cancer_deaths,104.05980936686198,44.59706115722656,133.7911834716797
Baseline,1969.0,cancer_deaths,282.44805399576825,178.38824462890625,356.7764892578125
Baseline,1970.0,cancer_deaths,445.9706115722656,356.7764892578125,490.5676727294922
Baseline,1971.0,cancer_deaths,535.1647338867188,356.7764892578125,668.9559173583984
Baseline,1972.0,cancer_deaths,981.1353454589844,802.7471008300781,1248.7176971435547
Baseline,1973.0,cancer_deaths,1694.6882019042969,1471.7029724121094,1873.0763854980469
Baseline,1974.0,cancer_deaths,2214.9871826171875,1962.2705078125,2675.823486328125
Baseline,1975.0,cancer_deaths,3181.2567545572915,2631.226318359375,3656.958740234375
Baseline,1976.0,cancer_deaths,4623.228434244792,3523.1676025390625,5530.035400390625
Baseline,1977.0,cancer_deaths,5500.304036458333,4861.0794677734375,6734.156005859375
Baseline,1978.0,cancer_deaths,6689.5590413411455,5842.21484375,7403.112060546875
Baseline,1979.0,cancer_deaths,7388.2463785807295,7269.321044921875,7581.500244140625
Baseline,1980.0,cancer_deaths,9082.935750325521,8072.0682373046875,10480.310791015625
Baseline,1981.0,cancer_deaths,10331.654256184896,9677.564086914062,11595.2373046875
Baseline,1982.0,cancer_deaths,11743.894694010416,10391.116455078125,13111.5380859375
Baseline,1983.0,cancer_deaths,13468.312825520834,12174.99853515625,14226.46240234375
Baseline,1984.0,cancer_deaths,14642.702311197916,13691.29931640625,16233.330078125
Baseline,1985.0,cancer_deaths,16723.89794921875,14627.8369140625,18641.5703125
Baseline,1986.0,cancer_deaths,17437.45068359375,14895.4189453125,19355.1240234375
Baseline,1987.0,cancer_deaths,18463.182291666668,17303.6591796875,19176.734375
Baseline,1988.0,cancer_deaths,20960.617838541668,18775.36083984375,22878.29248046875
Baseline,1989.0,cancer_deaths,20410.58740234375,20113.27294921875,21005.21533203125
Baseline,1990.0,cancer_deaths,22268.798828125,21629.57177734375,22789.09912109375
Baseline,1991.0,cancer_deaths,22863.42578125,21094.40869140625,23904.0244140625
Baseline,1992.0,cancer_deaths,21912.022135416668,21674.1708984375,22209.3359375
Baseline,1993.0,cancer_deaths,24602.712076822918,23012.0830078125,27560.984375
Baseline,1994.0,cancer_deaths,24587.846354166668,24483.78759765625,24751.36865234375
Baseline,1995.0,cancer_deaths,26089.281412760418,24706.7724609375,26802.83447265625
Baseline,1996.0,cancer_deaths,26163.609375,24840.56396484375,28631.3125
Baseline,1997.0,cancer_deaths,26119.01220703125,25598.7138671875,26758.236328125
Baseline,1998.0,cancer_deaths,27650.177408854168,26892.02685546875,28452.9248046875
Baseline,1999.0,cancer_deaths,26877.161458333332,25554.11474609375,28096.1474609375
Baseline,2000.0,cancer_deaths,27337.997884114582,25955.4892578125,28185.341796875
Baseline,2001.0,cancer_deaths,28794.83544921875,28542.119140625,28988.08984375
Baseline,2002.0,cancer_deaths,28155.611002604168,26847.4306640625,29657.04443359375
Baseline,2003.0,cancer_deaths,28452.924153645832,27873.16259765625,29121.88037109375
Baseline,2004.0,cancer_deaths,29404.328450520832,27783.96826171875,31262.53955078125
Baseline,2005.0,cancer_deaths,28512.3876953125,27694.77490234375,29300.26904296875
Baseline,2006.0,cancer_deaths,31113.882486979168,29567.8515625,32823.43701171875
Baseline,2007.0,cancer_deaths,30073.284342447918,29300.26806640625,31039.5537109375
Baseline,2008.0,cancer_deaths,30043.552897135418,29657.04443359375,30459.79248046875
Baseline,2009.0,cancer_deaths,31470.657552083332,30905.76123046875,32020.6884765625
Baseline,2010.0,cancer_deaths,32050.419921875,30459.79150390625,35142.482421875
Baseline,2011.0,cancer_deaths,33016.689453125,31842.30029296875,35276.27197265625
Baseline,2012.0,cancer_deaths,33016.689290364586,31931.494140625,33626.1826171875
Baseline,2013.0,cancer_deaths,34711.377604166664,31396.330078125,37060.1552734375
Baseline,2014.0,cancer_deaths,35083.0185546875,33849.1669921875,35945.228515625
Baseline,2015.0,cancer_deaths,34027.555989583336,32555.8544921875,36524.9892578125
Baseline,2016.0,cancer_deaths,36718.244303385414,35677.64794921875,37327.7373046875
Baseline,2017.0,cancer_deaths,37134.482259114586,36569.5859375,37550.720703125
Baseline,2018.0,cancer_deaths,38903.4990234375,38085.8857421875,39869.7685546875
Baseline,2019.0,cancer_deaths,40434.664713541664,38665.6474609375,43036.16015625
Baseline,2020.0,cancer_deaths,41950.964192708336,41341.4716796875,43080.7568359375
Baseline,2021.0,cancer_deaths,42798.3095703125,41698.248046875,43437.53515625
Baseline,2022.0,cancer_deaths,41876.636393229164,40761.708984375,44061.892578125
Baseline,2023.0,cancer_deaths,45132.224609375,44730.8515625,45578.1953125
Baseline,2024.0,cancer_deaths,47035.030924479164,46336.34375,48120.2275390625
Baseline,2025.0,cancer_deaths,48328.346354166664,47049.896484375,50216.2900390625
Baseline,2026.0,cancer_deaths,47674.257486979164,46782.3134765625,49458.142578125
Baseline,2027.0,cancer_deaths,49859.512044270836,48967.5712890625,50394.677734375
Baseline,2028.0,cancer_deaths,50751.455078125,48209.421875,52847.517578125
Baseline,2029.0,cancer_deaths,52104.231770833336,51108.23046875,52624.5302734375
Baseline,2030.0,cancer_deaths,51702.857747395836,49190.5546875,53739.4580078125
Baseline,2031.0,cancer_deaths,53486.740559895836,52000.171875,54720.591796875
Baseline,2032.0,cancer_deaths,55330.0849609375,54408.412109375,56192.294921875
Baseline,2033.0,cancer_deaths,55315.220052083336,53784.0546875,56905.84765625
Baseline,2034.0,cancer_deaths,56043.6376953125,53605.6650390625,59403.28125
Baseline,2035.0,cancer_deaths,57619.400390625,57128.83203125,58377.55078125
Baseline,2036.0,cancer_deaths,57530.207682291664,54408.4140625,59626.26953125
Baseline,2037.0,cancer_deaths,57976.177408854164,55434.146484375,61008.7763671875
Baseline,2038.0,cancer_deaths,59596.5361328125,58020.7734375,60919.5830078125
Baseline,2039.0,cancer_deaths,60815.522135416664,59001.9091796875,62525.076171875
Baseline,2040.0,cancer_deaths,62019.642578125,61276.357421875,62569.673828125
Baseline,2041.0,cancer_deaths,62198.030924479164,59135.701171875,66271.2265625
Baseline,2042.0,cancer_deaths,63342.6875,60206.0283203125,65646.8671875
Baseline,2043.0,cancer_deaths,66746.9296875,65869.8525390625,67609.140625
Baseline,2044.0,cancer_deaths,68902.45377604167,63952.1796875,72559.412109375
Baseline,2045.0,cancer_deaths,68486.212890625,66628.0029296875,71712.06640625
Baseline,2046.0,cancer_deaths,69526.8125,67698.3330078125,70953.91796875
Baseline,2047.0,cancer_deaths,70745.79752604167,67832.125,74343.29296875
Baseline,2048.0,cancer_deaths,74789.263671875,73718.935546875,75458.21875
Baseline,2049.0,cancer_deaths,77227.23502604167,74789.263671875,79427.35546875
Baseline,2050.0,cancer_deaths,78490.81705729167,74432.484375,82013.984375
Baseline,2051.0,cancer_deaths,80289.56575520833,78357.025390625,82638.345703125
Baseline,2052.0,cancer_deaths,84645.21223958333,82013.986328125,87900.796875
Baseline,2053.0,cancer_deaths,84228.97200520833,82995.12109375,86027.720703125
Baseline,2054.0,cancer_deaths,85730.408203125,81746.40234375,89283.30859375
Baseline,2055.0,cancer_deaths,90086.0546875,88034.587890625,93966.00390625
Baseline,2056.0,cancer_deaths,91305.04036458333,90219.841796875,93341.642578125
Baseline,2057.0,cancer_deaths,93401.10546875,92048.328125,95660.689453125
Baseline,2058.0,cancer_deaths,93520.03125,91334.7734375,96820.216796875
Baseline,2059.0,cancer_deaths,94025.46354166667,92137.517578125,95348.51171875
Baseline,2060.0,cancer_deaths,98321.65234375,96463.439453125,100566.375
Baseline,2061.0,cancer_deaths,101919.1484375,100744.76171875,103821.953125
Baseline,2062.0,cancer_deaths,105472.04427083333,105293.65625,105695.029296875
Baseline,2063.0,cancer_deaths,107151.86848958333,106274.79296875,108460.046875
Baseline,2064.0,cancer_deaths,108757.36197916667,108549.244140625,108950.61328125
Baseline,2065.0,cancer_deaths,109441.18359375,106586.97265625,111715.6328125
Baseline,2066.0,cancer_deaths,114450.91796875,110823.693359375,118315.994140625
Baseline,2067.0,cancer_deaths,115610.44140625,112161.603515625,120233.66796875
Baseline,2068.0,cancer_deaths,119044.41536458333,115595.578125,122954.08984375
Baseline,2069.0,cancer_deaths,121155.34114583333,117870.0234375,123043.28515625
Baseline,2070.0,cancer_deaths,127280.00065104167,126388.05859375,128840.8984375
Baseline,2071.0,cancer_deaths,124797.435546875,121259.400390625,130713.98046875
Baseline,2072.0,cancer_deaths,127815.166015625,125540.71875,132096.484375
Baseline,2073.0,cancer_deaths,131308.60416666666,129554.453125,132631.65234375
Baseline,2074.0,cancer_deaths,132378.931640625,131427.52734375,134237.14453125
Baseline,2075.0,cancer_deaths,134370.93098958334,131918.08984375,136868.36328125
Baseline,2076.0,cancer_deaths,138042.75651041666,135575.05078125,142755.1796875
Baseline,2077.0,cancer_deaths,138652.24869791666,137358.93359375,140168.55078125
Baseline,2078.0,cancer_deaths,140213.14453125,139722.578125,140837.50390625
Baseline,2079.0,cancer_deaths,145490.4609375,141729.44140625,147705.44921875
Baseline,2080.0,cancer_deaths,147333.80729166666,144940.43359375,149266.34375
Baseline,2081.0,cancer_deaths,149058.2265625,148062.2265625,150871.83984375
Baseline,2082.0,cancer_deaths,149415.0,146947.30078125,153057.0859375
Baseline,2083.0,cancer_deaths,153339.54427083334,151986.765625,155643.7265625
Baseline,2084.0,cancer_deaths,152774.64713541666,152165.15234375,153503.0703125
Baseline,2085.0,cancer_deaths,155316.68229166666,151942.171875,157828.98046875
Baseline,2086.0,cancer_deaths,158408.74088541666,157739.78515625,159523.66796875
Baseline,2087.0,cancer_deaths,153517.9296875,148686.5859375,157516.796875
Baseline,2088.0,cancer_deaths,160564.26171875,159077.69921875,162645.453125
Baseline,2089.0,cancer_deaths,160058.83203125,158497.9375,161441.33984375
Baseline,2090.0,cancer_deaths,160564.265625,158542.53125,163894.17578125
Baseline,2091.0,cancer_deaths,163463.06770833334,158364.13671875,167417.33984375
Baseline,2092.0,cancer_deaths,162734.65494791666,162244.0859375,163671.1953125
Baseline,2093.0,cancer_deaths,162035.96484375,157383.00390625,165544.26953125
Baseline,2094.0,cancer_deaths,164682.06119791666,160504.8046875,168443.07421875
Baseline,2095.0,cancer_deaths,167387.61328125,162199.48828125,174597.47265625
Baseline,2096.0,cancer_deaths,167893.046875,166213.2265625,169825.5859375
Baseline,2097.0,cancer_deaths,167803.85026041666,164607.73046875,170137.765625
Baseline,2098.0,cancer_deaths,168799.85416666666,166391.61328125,171297.28515625
Baseline,2099.0,cancer_deaths,170643.19921875,167729.5234375,175132.63671875
Baseline,2100.0,cancer_deaths,174582.60416666666,170093.1640625,177050.3046875
Baseline,1960.0,cum_cancers,0.0,0.0,0.0
Baseline,1961.0,cum_cancers,44.59706115722656,44.59706115722656,44.59706115722656
Baseline,1962.0,cum_cancers,178.38824462890625,133.7911834716797,222.9853057861328
Baseline,1963.0,cum_cancers,460.8362986246745,401.37355041503906,535.1647338867188
Baseline,1964.0,cum_cancers,1189.2549692789714,1114.9265441894531,1248.7177124023438
Baseline,1965.0,cum_cancers,2452.838348388672,2363.644256591797,2586.6295013427734
Baseline,1966.0,cum_cancers,4325.914972941081,3790.750259399414,4816.48258972168
Baseline,1967.0,cum_cancers,6838.2161204020185,6421.976821899414,7224.723892211914
Baseline,1968.0,cum_cancers,10182.995559692383,9409.979873657227,10703.294570922852
Baseline,1969.0,cum_cancers,14954.88077290853,14003.476943969727,15965.747451782227
Baseline,1970.0,cum_cancers,21718.767979939777,19533.512100219727,24706.770889282227
Baseline,1971.0,cum_cancers,30400.328811645508,26446.05628967285,35097.88563537598
Baseline,1972.0,cum_cancers,40315.74124654134,35722.2442779541,45667.38832092285
Baseline,1973.0,cum_cancers,51479.871739705406,46916.10585021973,57218.02699279785
Baseline,1974.0,cum_cancers,64442.750157674156,57753.19105529785,71845.8624420166
Baseline,1975.0,cum_cancers,80527.42366027832,71355.2940826416,91379.3761138916
Baseline,1976.0,cum_cancers,97712.15827941895,87499.43006896973,109351.9933013916
Baseline,1977.0,cum_cancers,118866.03165181477,106765.36024475098,133077.63148498535
Baseline,1978.0,cum_cancers,141491.6088002523,128662.51795959473,156892.4640045166
Baseline,1979.0,cum_cancers,164726.67797342935,151317.82508850098,180930.2804107666
Baseline,1980.0,cum_cancers,189032.0767364502,173259.57899475098,206885.77113342285
Baseline,1981.0,cum_cancers,215492.99991353354,197743.36659240723,233956.1866607666
Baseline,1982.0,cum_cancers,245150.0466257731,224679.99208068848,263791.6231842041
Baseline,1983.0,cum_cancers,275074.6750437419,251349.03553771973,293181.0860748291
Baseline,1984.0,cum_cancers,307050.7681427002,280515.512588501,330464.23109436035
Baseline,1985.0,cum_cancers,340275.5793406169,315925.5804595947,363466.0567779541
Baseline,1986.0,cum_cancers,373069.286046346,344735.2830963135,398430.1534576416
Baseline,1987.0,cum_cancers,407141.44050598145,379520.9906158447,432992.8761138916
Baseline,1988.0,cum_cancers,441555.5064239502,414128.3099517822,466797.4503326416
Baseline,1989.0,cum_cancers,476579.06550598145,447932.883682251,503991.3975982666
Baseline,1990.0,cum_cancers,511959.40046691895,481692.8587799072,543013.8272857666
Baseline,1991.0,cum_cancers,549733.1104278564,519867.9427642822,579984.7891998291
Baseline,1992.0,cum_cancers,587105.4478302002,558221.4144439697,614369.1246490479
Baseline,1993.0,cum_cancers,623734.5010528564,593586.8851470947,650135.9659576416
Baseline,1994.0,cum_cancers,660541.9421335856,628550.9818267822,685813.6134185791
Baseline,1995.0,cum_cancers,698806.2194773356,666636.8704986572,722516.9942779541
Baseline,1996.0,cum_cancers,737709.7214304606,703652.4310455322,761940.7970123291
Baseline,1997.0,cum_cancers,775572.6263783773,743120.8304595947,796503.5186920166
Baseline,1998.0,cum_cancers,815145.0847117106,782633.8246002197,836596.2784576416
Baseline,1999.0,cum_cancers,856590.6208445231,824688.8538970947,877402.5909576416
Baseline,2000.0,cum_cancers,897723.9769643148,863889.6703033447,916558.8106842041
Baseline,2001.0,cum_cancers,938366.7650502523,903937.8294830322,957142.1237335205
Baseline,2002.0,cum_cancers,980778.570388794,947330.7718658447,1003746.054397583
Baseline,2003.0,cum_cancers,1023710.6735788981,988672.2464752197,1048387.710647583
Baseline,2004.0,cum_cancers,1065765.7015736897,1031084.0511627197,1089907.573928833
Baseline,2005.0,cum_cancers,1108712.6722768147,1074209.4105377197,1135753.355178833
Baseline,2006.0,cum_cancers,1152611.0466257732,1117334.7679595947,1179636.864944458
Baseline,2007.0,cum_cancers,1200300.1713002522,1163492.7240142822,1228782.827835083
Baseline,2008.0,cum_cancers,1245194.5459747314,1207955.9935455322,1274628.6061553955
Baseline,2009.0,cum_cancers,1292853.9405059814,1254158.5521392822,1324934.091506958
Baseline,2010.0,cum_cancers,1340320.0811309814,1301922.0072174072,1371716.4108428955
Baseline,2011.0,cum_cancers,1390759.3578236897,1350934.1790924072,1425277.480178833
Baseline,2012.0,cum_cancers,1442566.2780710857,1403291.1312408447,1477768.2213897705
Baseline,2013.0,cum_cancers,1496097.6188913982,1458546.8929595947,1528519.6764678955
Baseline,2014.0,cum_cancers,1549762.7497507732,1511305.2201080322,1583329.462600708
Baseline,2015.0,cum_cancers,1607694.3330841064,1564286.5326080322,1645363.974319458
Baseline,2016.0,cum_cancers,1665521.8548940022,1621995.1302642822,1701110.2995147705
Baseline,2017.0,cum_cancers,1726604.9636179607,1684208.0287017822,1763367.7995147705
Baseline,2018.0,cum_cancers,1790467.957107544,1748383.2005767822,1829416.0495147705
Baseline,2019.0,cum_cancers,1854033.6358184814,1809793.3538970947,1892788.474319458
Baseline,2020.0,cum_cancers,1916469.521560669,1872363.0326080322,1953618.8659210205
Baseline,2021.0,cum_cancers,1983067.8002065022,1936359.8187408447,2023859.2370147705
Baseline,2022.0,cum_cancers,2047703.8076934814,1998840.3040924072,2089952.081741333
Baseline,2023.0,cum_cancers,2115922.445714315,2067876.5579986572,2160415.437210083
Baseline,2024.0,cum_cancers,2181703.111078898,2133523.4320220947,2230076.046585083
Baseline,2025.0,cum_cancers,2252136.7354278564,2203852.9964752197,2301743.5241241455
Baseline,2026.0,cum_cancers,2323700.152420044,2276412.4163970947,2374570.5260772705
Baseline,2027.0,cum_cancers,2395546.0163523355,2349417.8011627197,2447486.7233428955
Baseline,2028.0,cum_cancers,2467377.013422648,2418810.825576782,2525665.3698272705
Baseline,2029.0,cum_cancers,2540233.745844523,2491905.409561157,2597957.2038116455
Baseline,2030.0,cum_cancers,2615409.5283966064,2567987.999404907,2674441.1667022705
Baseline,2031.0,cum_cancers,2691283.995844523,2650893.936904907,2749498.0202178955
Baseline,2032.0,cum_cancers,2767351.719151815,2728492.825576782,2826873.9245147705
Baseline,2033.0,cum_cancers,2847537.236078898,2810016.255264282,2906836.4557647705
Baseline,2034.0,cum_cancers,2927068.663813273,2888284.095108032,2989653.2018585205
Baseline,2035.0,cum_cancers,3009067.793370565,2970922.450576782,3075770.1276397705
Baseline,2036.0,cum_cancers,3089654.68204244,3053337.819717407,3157115.1647491455
Baseline,2037.0,cum_cancers,3175206.7119903564,3137849.2354888916,3248182.3659210205
Baseline,2038.0,cum_cancers,3262706.1494903564,3224322.9386138916,3336930.5202178955
Baseline,2039.0,cum_cancers,3354412.57266744,3311733.1788482666,3427105.7760772705
Baseline,2040.0,cum_cancers,3445955.47501119,3401819.2452545166,3521428.5592803955
Baseline,2041.0,cum_cancers,3540337.723058065,3495339.2823638916,3620300.2428741455
Baseline,2042.0,cum_cancers,3638406.66251119,3595504.309951782,3723988.4108428955
Baseline,2043.0,cum_cancers,3735628.2549591064,3687151.2433013916,3825179.1393585205
Baseline,2044.0,cum_cancers,3835035.10391744,3786379.7042388916,3928911.9030303955
Baseline,2045.0,cum_cancers,3939838.195714315,3891494.9757232666,4031797.3190460205
Baseline,2046.0,cum_cancers,4048892.87344869,4001159.173233032,4142531.8190460205
Baseline,2047.0,cum_cancers,4156788.02579244,4103732.411514282,4253846.0768585205
Baseline,2048.0,cum_cancers,4267388.7328236895,4212370.849014282,4367033.4127960205
Baseline,2049.0,cum_cancers,4382226.157953898,4322347.198623657,4486018.3581085205
Baseline,2050.0,cum_cancers,4500066.452875773,4439637.466201782,4608704.8620147705
Baseline,2051.0,cum_cancers,4617549.970453898,4558711.612686157,4727734.4127960205
Baseline,2052.0,cum_cancers,4739225.611078898,4679881.817764282,4846719.3678741455
Baseline,2053.0,cum_cancers,4866966.448969523,4809837.641983032,4974891.3073272705
Baseline,2054.0,cum_cancers,4994112.659907023,4932524.145889282,5104847.1354522705
Baseline,2055.0,cum_cancers,5128111.9535268145,5068768.157608032,5238103.1452178955
Baseline,2056.0,cum_cancers,5260134.110427856,5201087.632217407,5368371.1491241455
Baseline,2057.0,cum_cancers,5402116.274490356,5343040.061904907,5509565.4342803955
Baseline,2058.0,cum_cancers,5540694.198969523,5481781.511123657,5644382.3366241455
Baseline,2059.0,cum_cancers,5683092.605219523,5621816.272842407,5788118.6530303955
Baseline,2060.0,cum_cancers,5831927.8539174395,5770190.682998657,5940016.2350616455
Baseline,2061.0,cum_cancers,5981164.476313273,5917673.147842407,6088479.8444366455
Baseline,2062.0,cum_cancers,6132764.7484486895,6061855.436904907,6245996.6686553955
Baseline,2063.0,cum_cancers,6290370.753657023,6219952.007217407,6406189.3053741455
Baseline,2064.0,cum_cancers,6448318.669021606,6375907.921279907,6572179.5553741455
Baseline,2065.0,cum_cancers,6608838.352615356,6536591.124404907,6732327.5983428955
Baseline,2066.0,cum_cancers,6774040.730219523,6705168.007217407,6894437.9147491455
Baseline,2067.0,cum_cancers,6937637.609125773,6871158.257217407,7059491.6334991455
Baseline,2068.0,cum_cancers,7108890.3226674395,7037683.679092407,7227979.3288116455
Baseline,2069.0,cum_cancers,7281391.751052856,7205011.843154907,7402353.8405303955
Baseline,2070.0,cum_cancers,7456435.211990356,7382463.542373657,7575970.1959991455
Baseline,2071.0,cum_cancers,7635284.290115356,7556927.237686157,7757881.6139678955
Baseline,2072.0,cum_cancers,7817938.981521606,7740979.304092407,7934619.7624053955
Baseline,2073.0,cum_cancers,8003091.106521606,7920839.249404907,8120544.9030303955
Baseline,2074.0,cum_cancers,8195215.238032023,8104668.319717407,8321008.6881866455
Baseline,2075.0,cum_cancers,8379668.6742299395,8285018.823623657,8513935.567092896
Baseline,2076.0,cum_cancers,8570514.359125772,8479417.413467407,8703428.469436646
Baseline,2077.0,cum_cancers,8765745.421625772,8670961.780654907,8905899.121780396
Baseline,2078.0,cum_cancers,8966640.304438272,8875082.518936157,9109975.254592896
Baseline,2079.0,cum_cancers,9156683.243240356,9061364.440811157,9304686.020217896
Baseline,2080.0,cum_cancers,9360893.171625772,9266377.112686157,9511616.367874146
Baseline,2081.0,cum_cancers,9564211.161209106,9469695.104873657,9721713.110061646
Baseline,2082.0,cum_cancers,9772256.442459106,9671541.397842407,9932345.012405396
Baseline,2083.0,cum_cancers,9979558.433344522,9872049.776748657,10142932.313186646
Baseline,2084.0,cum_cancers,10190918.75626119,10085312.905654907,10353475.028030396
Baseline,2085.0,cum_cancers,10398815.36954244,10286222.643936157,10565444.836624146
Baseline,2086.0,cum_cancers,10607737.72501119,10491502.905654907,10780848.633499146
Baseline,2087.0,cum_cancers,10816704.672927856,10701956.425186157,10989072.293655396
Baseline,2088.0,cum_cancers,11031469.239334106,10913480.276748657,11206705.938186646
Baseline,2089.0,cum_cancers,11247958.22501119,11130088.182998657,11428576.305374146
Baseline,2090.0,cum_cancers,11458917.175532022,11338936.206436157,11635640.449905396
Baseline,2091.0,cum_cancers,11675718.33829244,11559959.222061157,11848011.629592896
Baseline,2092.0,cum_cancers,11897098.133865356,11780803.854873657,12078756.809280396
Baseline,2093.0,cum_cancers,12120142.883865356,12002362.042373657,12307450.512405396
Baseline,2094.0,cum_cancers,12342593.007563272,12227443.390029907,12526957.235061646
Baseline,2095.0,cum_cancers,12564894.47501119,12454977.573623657,12747043.719436646
Baseline,2096.0,cum_cancers,12790674.51016744,12682600.948623657,12972883.223342896
Baseline,2097.0,cum_cancers,13018223.563552856,12912364.995498657,13192746.711624146
Baseline,2098.0,cum_cancers,13241892.671625772,13138605.858779907,13415642.813186646
Baseline,2099.0,cum_cancers,13469694.442459106,13364712.940811157,13645406.852249146
Baseline,2100.0,cum_cancers,13700409.883865356,13586092.737686157,13878783.246780396
Adolescent: 0.5 coverage,1960.0,cancers,0.0,0.0,0.0
Adolescent: 0.5 coverage,1961.0,cancers,44.59706115722656,44.59706115722656,44.59706115722656
Adolescent: 0.5 coverage,1962.0,cancers,133.7911834716797,89.19412231445312,178.38824462890625
Adolescent: 0.5 coverage,1963.0,cancers,282.44805399576825,267.5823669433594,312.17942810058594
Adolescent: 0.5 coverage,1964.0,cancers,728.4186706542969,668.9559326171875,802.7471008300781
Adolescent: 0.5 coverage,1965.0,cancers,1263.5833791097004,1114.9265441894531,1471.7029571533203
Adolescent: 0.5 coverage,1966.0,cancers,1873.076624552409,1427.1060028076172,2229.8530883789062
Adolescent: 0.5 coverage,1967.0,cancers,2512.3011474609375,2408.2413024902344,2631.2265625
Adolescent: 0.5 coverage,1968.0,cancers,3344.7794392903647,2988.0030517578125,3835.346923828125
Adolescent: 0.5 coverage,1969.0,cancers,4771.8852132161455,4459.7056884765625,5262.452880859375
Adolescent: 0.5 coverage,1970.0,cancers,6763.88720703125,5530.03515625,8741.0234375
Adolescent: 0.5 coverage,1971.0,cancers,8681.560831705729,6912.544189453125,10391.11474609375
Adolescent: 0.5 coverage,1972.0,cancers,9915.412434895834,9276.18798828125,10569.502685546875
Adolescent: 0.5 coverage,1973.0,cancers,11164.130493164062,10747.891235351562,11550.638671875
Adolescent: 0.5 coverage,1974.0,cancers,12962.87841796875,10837.085205078125,14627.83544921875
Adolescent: 0.5 coverage,1975.0,cancers,16084.673502604166,13602.10302734375,19533.513671875
Adolescent: 0.5 coverage,1976.0,cancers,17184.734619140625,16144.135986328125,17972.6171875
Adolescent: 0.5 coverage,1977.0,cancers,21153.873372395832,19265.93017578125,23725.63818359375
Adolescent: 0.5 coverage,1978.0,cancers,22625.5771484375,21897.15771484375,23814.83251953125
Adolescent: 0.5 coverage,1979.0,cancers,23235.069173177082,22655.30712890625,24037.81640625
Adolescent: 0.5 coverage,1980.0,cancers,24305.398763020832,21941.75390625,25955.49072265625
Adolescent: 0.5 coverage,1981.0,cancers,26460.923177083332,24483.78759765625,27828.56640625
Adolescent: 0.5 coverage,1982.0,cancers,29657.046712239582,26936.62548828125,32199.078125
Adolescent: 0.5 coverage,1983.0,cancers,29924.62841796875,26669.04345703125,33715.37890625
Adolescent: 0.5 coverage,1984.0,cancers,31976.093098958332,29166.47705078125,37283.14501953125
Adolescent: 0.5 coverage,1985.0,cancers,33224.811197916664,31262.5400390625,35410.06787109375
Adolescent: 0.5 coverage,1986.0,cancers,32793.706705729164,28809.70263671875,34964.0966796875
Adolescent: 0.5 coverage,1987.0,cancers,34072.154459635414,32868.033203125,34785.70751953125
Adolescent: 0.5 coverage,1988.0,cancers,34414.06591796875,33804.57421875,34830.30419921875
Adolescent: 0.5 coverage,1989.0,cancers,35023.55908203125,33804.57373046875,37193.947265625
Adolescent: 0.5 coverage,1990.0,cancers,35380.3349609375,33358.60009765625,39022.4296875
Adolescent: 0.5 coverage,1991.0,cancers,37773.7099609375,36970.9619140625,38175.083984375
Adolescent: 0.5 coverage,1992.0,cancers,37372.33740234375,34384.33544921875,39379.205078125
Adolescent: 0.5 coverage,1993.0,cancers,36629.05322265625,35365.470703125,38754.84765625
Adolescent: 0.5 coverage,1994.0,cancers,36807.441080729164,34964.0966796875,39780.5791015625
Adolescent: 0.5 coverage,1995.0,cancers,38264.27734375,36703.380859375,40003.5625
Adolescent: 0.5 coverage,1996.0,cancers,38903.501953125,37015.560546875,40271.142578125
Adolescent: 0.5 coverage,1997.0,cancers,37862.904947916664,34562.7216796875,39557.59375
Adolescent: 0.5 coverage,1998.0,cancers,39572.458333333336,39111.62109375,40092.759765625
Adolescent: 0.5 coverage,1999.0,cancers,41445.5361328125,40806.3125,42055.029296875
Adolescent: 0.5 coverage,2000.0,cancers,41133.356119791664,39156.2197265625,45043.0322265625
Adolescent: 0.5 coverage,2001.0,cancers,40642.7880859375,37461.53125,44418.673828125
Adolescent: 0.5 coverage,2002.0,cancers,42411.805338541664,37238.54296875,46603.9306640625
Adolescent: 0.5 coverage,2003.0,cancers,42932.103190104164,41341.474609375,44641.65625
Adolescent: 0.5 coverage,2004.0,cancers,42055.027994791664,41519.86328125,42411.8046875
Adolescent: 0.5 coverage,2005.0,cancers,42946.970703125,39869.771484375,45845.78125
Adolescent: 0.5 coverage,2006.0,cancers,43898.374348958336,43125.357421875,44686.255859375
Adolescent: 0.5 coverage,2007.0,cancers,47689.124674479164,46157.9560546875,49145.962890625
Adolescent: 0.5 coverage,2008.0,cancers,44894.374674479164,44374.076171875,45845.7783203125
Adolescent: 0.5 coverage,2009.0,cancers,47659.39453125,46202.55859375,50305.4853515625
Adolescent: 0.5 coverage,2010.0,cancers,47466.140625,46782.3193359375,47852.6474609375
Adolescent: 0.5 coverage,2011.0,cancers,50439.276692708336,48744.5888671875,53561.0693359375
Adolescent: 0.5 coverage,2012.0,cancers,51806.920247395836,50573.0673828125,52490.7412109375
Adolescent: 0.5 coverage,2013.0,cancers,53531.3408203125,50751.455078125,55255.76171875
Adolescent: 0.5 coverage,2014.0,cancers,53665.130859375,52758.3271484375,54809.7861328125
Adolescent: 0.5 coverage,2015.0,cancers,57931.583333333336,52981.3125,62034.51171875
Adolescent: 0.5 coverage,2016.0,cancers,57827.521809895836,55746.3251953125,60027.642578125
Adolescent: 0.5 coverage,2017.0,cancers,61083.108723958336,58778.927734375,62257.5
Adolescent: 0.5 coverage,2018.0,cancers,63862.993489583336,61365.55859375,66048.25
Adolescent: 0.5 coverage,2019.0,cancers,63565.6787109375,61410.1533203125,65914.4580078125
Adolescent: 0.5 coverage,2020.0,cancers,62435.8857421875,60830.3916015625,63907.5869140625
Adolescent: 0.5 coverage,2021.0,cancers,66598.27864583333,63996.7861328125,70240.37109375
Adolescent: 0.5 coverage,2022.0,cancers,64636.007486979164,62480.4853515625,66092.8447265625
Adolescent: 0.5 coverage,2023.0,cancers,68218.63802083333,65156.3046875,70463.35546875
Adolescent: 0.5 coverage,2024.0,cancers,65780.66536458333,62034.5126953125,69660.609375
Adolescent: 0.5 coverage,2025.0,cancers,70403.89322916667,69259.2353515625,71667.4775390625
Adolescent: 0.5 coverage,2026.0,cancers,70968.78971354167,67921.322265625,72648.615234375
Adolescent: 0.5 coverage,2027.0,cancers,71548.55013020833,68768.666015625,74387.8984375
Adolescent: 0.5 coverage,2028.0,cancers,72574.2841796875,70329.56640625,76929.9287109375
Adolescent: 0.5 coverage,2029.0,cancers,72960.79036458333,71578.28125,73763.537109375
Adolescent: 0.5 coverage,2030.0,cancers,76365.03580729167,74477.09375,77643.486328125
Adolescent: 0.5 coverage,2031.0,cancers,76305.57421875,69437.625,80765.283203125
Adolescent: 0.5 coverage,2032.0,cancers,74982.52473958333,73406.759765625,77955.662109375
Adolescent: 0.5 coverage,2033.0,cancers,78907.06705729167,73718.939453125,84466.837890625
Adolescent: 0.5 coverage,2034.0,cancers,79278.70833333333,76037.98828125,84199.25
Adolescent: 0.5 coverage,2035.0,cancers,79353.0390625,73897.33203125,83931.66796875
Adolescent: 0.5 coverage,2036.0,cancers,78624.61848958333,74120.318359375,81389.6328125
Adolescent: 0.5 coverage,2037.0,cancers,81122.0546875,77152.919921875,83842.470703125
Adolescent: 0.5 coverage,2038.0,cancers,82682.951171875,78981.400390625,84556.02734375
Adolescent: 0.5 coverage,2039.0,cancers,86220.98567708333,83307.3125,91290.18359375
Adolescent: 0.5 coverage,2040.0,cancers,87157.52408854167,83396.505859375,89327.9140625
Adolescent: 0.5 coverage,2041.0,cancers,85447.96809895833,83173.513671875,89640.09375
Adolescent: 0.5 coverage,2042.0,cancers,85284.44596354167,83530.29296875,88792.748046875
Adolescent: 0.5 coverage,2043.0,cancers,89313.04817708333,83664.08984375,92494.302734375
Adolescent: 0.5 coverage,2044.0,cancers,85224.98372395833,80854.47265625,88703.552734375
Adolescent: 0.5 coverage,2045.0,cancers,86443.96940104167,82147.78515625,91022.599609375
Adolescent: 0.5 coverage,2046.0,cancers,88495.43684895833,88079.19921875,89149.525390625
Adolescent: 0.5 coverage,2047.0,cancers,88123.79231770833,85537.166015625,89640.08984375
Adolescent: 0.5 coverage,2048.0,cancers,85789.88151041667,84377.638671875,87365.64453125
Adolescent: 0.5 coverage,2049.0,cancers,86845.341796875,86116.923828125,87767.013671875
Adolescent: 0.5 coverage,2050.0,cancers,88108.92838541667,85224.984375,92449.70703125
Adolescent: 0.5 coverage,2051.0,cancers,86949.40299479167,84422.236328125,89461.703125
Adolescent: 0.5 coverage,2052.0,cancers,87767.01432291667,86384.505859375,89194.119140625
Adolescent: 0.5 coverage,2053.0,cancers,86741.28059895833,86250.712890625,87053.4609375
Adolescent: 0.5 coverage,2054.0,cancers,87008.86588541667,81077.4609375,90130.658203125
Adolescent: 0.5 coverage,2055.0,cancers,89550.89778645833,86339.908203125,94590.3671875
Adolescent: 0.5 coverage,2056.0,cancers,87796.74544270833,84288.443359375,89907.671875
Adolescent: 0.5 coverage,2057.0,cancers,87321.04427083333,86607.4921875,88525.1640625
Adolescent: 0.5 coverage,2058.0,cancers,90175.25716145833,89729.287109375,91067.197265625
Adolescent: 0.5 coverage,2059.0,cancers,87261.58203125,81924.80078125,94991.73828125
Adolescent: 0.5 coverage,2060.0,cancers,91171.25846354167,89104.9296875,93386.244140625
Adolescent: 0.5 coverage,2061.0,cancers,89104.927734375,87410.240234375,91513.16796875
Adolescent: 0.5 coverage,2062.0,cancers,89298.1796875,87187.251953125,92048.33203125
Adolescent: 0.5 coverage,2063.0,cancers,90725.2890625,87767.017578125,92449.7109375
Adolescent: 0.5 coverage,2064.0,cancers,91364.50911458333,86964.267578125,97043.201171875
Adolescent: 0.5 coverage,2065.0,cancers,91498.30013020833,90710.419921875,92628.091796875
Adolescent: 0.5 coverage,2066.0,cancers,92524.03190104167,89238.71875,96285.048828125
Adolescent: 0.5 coverage,2067.0,cancers,92598.36067708333,91691.5546875,93118.66015625
Adolescent: 0.5 coverage,2068.0,cancers,93133.52408854167,87499.43359375,97622.9609375
Adolescent: 0.5 coverage,2069.0,cancers,90561.76236979167,86830.4765625,94501.166015625
Adolescent: 0.5 coverage,2070.0,cancers,95244.44986979167,87722.4140625,99897.41015625
Adolescent: 0.5 coverage,2071.0,cancers,93163.25520833333,85804.7421875,100164.9921875
Adolescent: 0.5 coverage,2072.0,cancers,93207.85416666667,89149.5234375,96508.037109375
Adolescent: 0.5 coverage,2073.0,cancers,94144.392578125,86830.47265625,99451.443359375
Adolescent: 0.5 coverage,2074.0,cancers,95690.423828125,88168.384765625,99496.041015625
Adolescent: 0.5 coverage,2075.0,cancers,94040.333984375,89550.8984375,96954.0078125
Adolescent: 0.5 coverage,2076.0,cancers,95690.42578125,88168.388671875,100521.775390625
Adolescent: 0.5 coverage,2077.0,cancers,96433.70963541667,90576.626953125,100298.7890625
Adolescent: 0.5 coverage,2078.0,cancers,98425.71158854167,95036.3359375,102439.443359375
Adolescent: 0.5 coverage,2079.0,cancers,99481.17447916667,96418.84375,102127.263671875
Adolescent: 0.5 coverage,2080.0,cancers,101844.81705729167,97444.572265625,106988.34375
Adolescent: 0.5 coverage,2081.0,cancers,101785.35611979167,98336.517578125,106141.0
Adolescent: 0.5 coverage,2082.0,cancers,100001.47265625,95705.2890625,103242.193359375
Adolescent: 0.5 coverage,2083.0,cancers,102766.48697916667,95259.31640625,109129.001953125
Adolescent: 0.5 coverage,2084.0,cancers,99748.75325520833,95660.6875,102930.013671875
Adolescent: 0.5 coverage,2085.0,cancers,104505.77408854167,101235.322265625,106363.984375
Adolescent: 0.5 coverage,2086.0,cancers,105040.93619791667,99629.826171875,108906.01171875
Adolescent: 0.5 coverage,2087.0,cancers,104535.50520833333,100031.203125,109039.80859375
Adolescent: 0.5 coverage,2088.0,cancers,109024.94075520833,101502.904296875,114837.423828125
Adolescent: 0.5 coverage,2089.0,cancers,110050.671875,107077.53515625,113454.9140625
Adolescent: 0.5 coverage,2090.0,cancers,110556.1015625,104669.291015625,115818.5546875
Adolescent: 0.5 coverage,2091.0,cancers,110808.82096354167,108192.4609375,112652.169921875
Adolescent: 0.5 coverage,2092.0,cancers,111745.35872395833,105828.81640625,115238.79296875
Adolescent: 0.5 coverage,2093.0,cancers,113811.68880208333,109797.951171875,118271.39453125
Adolescent: 0.5 coverage,2094.0,cancers,112012.94140625,110779.0859375,112696.763671875
Adolescent: 0.5 coverage,2095.0,cancers,114614.43489583333,107523.501953125,118449.78515625
Adolescent: 0.5 coverage,2096.0,cancers,117721.3671875,114346.853515625,121304.0
Adolescent: 0.5 coverage,2097.0,cancers,118598.44270833333,111358.849609375,122998.6875
Adolescent: 0.5 coverage,2098.0,cancers,116428.05078125,113276.525390625,118538.9765625
Adolescent: 0.5 coverage,2099.0,cancers,118895.75520833333,116130.73828125,121259.400390625
Adolescent: 0.5 coverage,2100.0,cancers,120635.04036458333,115640.16796875,125897.498046875
Adolescent: 0.5 coverage,1960.0,cancer_deaths,0.0,0.0,0.0
Adolescent: 0.5 coverage,1961.0,cancer_deaths,0.0,0.0,0.0
Adolescent: 0.5 coverage,1962.0,cancer_deaths,0.0,0.0,0.0
Adolescent: 0.5 coverage,1963.0,cancer_deaths,0.0,0.0,0.0
Adolescent: 0.5 coverage,1964.0,cancer_deaths,0.0,0.0,0.0
Adolescent: 0.5 coverage,1965.0,cancer_deaths,0.0,0.0,0.0
Adolescent: 0.5 coverage,1966.0,cancer_deaths,29.731374104817707,0.0,44.59706115722656
Adolescent: 0.5 coverage,1967.0,cancer_deaths,59.462748209635414,0.0,133.7911834716797
Adolescent: 0.5 coverage,1968.0,cancer_deaths,104.05980936686198,44.59706115722656,133.7911834716797
Adolescent: 0.5 coverage,1969.0,cancer_deaths,282.44805399576825,178.38824462890625,356.7764892578125
Adolescent: 0.5 coverage,1970.0,cancer_deaths,445.9706115722656,356.7764892578125,490.5676727294922
Adolescent: 0.5 coverage,1971.0,cancer_deaths,535.1647338867188,356.7764892578125,668.9559173583984
Adolescent: 0.5 coverage,1972.0,cancer_deaths,981.1353454589844,802.7471008300781,1248.7176971435547
Adolescent: 0.5 coverage,1973.0,cancer_deaths,1694.6882019042969,1471.7029724121094,1873.0763854980469
Adolescent: 0.5 coverage,1974.0,cancer_deaths,2214.9871826171875,1962.2705078125,2675.823486328125
Adolescent: 0.5 coverage,1975.0,cancer_deaths,3181.2567545572915,2631.226318359375,3656.958740234375
Adolescent: 0.5 coverage,1976.0,cancer_deaths,4623.228434244792,3523.1676025390625,5530.035400390625
Adolescent: 0.5 coverage,1977.0,cancer_deaths,5500.304036458333,4861.0794677734375,6734.156005859375
Adolescent: 0.5 coverage,1978.0,cancer_deaths,6689.5590413411455,5842.21484375,7403.112060546875
Adolescent: 0.5 coverage,1979.0,cancer_deaths,7388.2463785807295,7269.321044921875,7581.500244140625
Adolescent: 0.5 coverage,1980.0,cancer_deaths,9082.935750325521,8072.0682373046875,10480.310791015625
Adolescent: 0.5 coverage,1981.0,cancer_deaths,10331.654256184896,9677.564086914062,11595.2373046875
Adolescent: 0.5 coverage,1982.0,cancer_deaths,11743.894694010416,10391.116455078125,13111.5380859375
Adolescent: 0.5 coverage,1983.0,cancer_deaths,13468.312825520834,12174.99853515625,14226.46240234375
Adolescent: 0.5 coverage,1984.0,cancer_deaths,14642.702311197916,13691.29931640625,16233.330078125
Adolescent: 0.5 coverage,1985.0,cancer_deaths,16723.89794921875,14627.8369140625,18641.5703125
Adolescent: 0.5 coverage,1986.0,cancer_deaths,17437.45068359375,14895.4189453125,19355.1240234375
Adolescent: 0.5 coverage,1987.0,cancer_deaths,18463.182291666668,17303.6591796875,19176.734375
Adolescent: 0.5 coverage,1988.0,cancer_deaths,20960.617838541668,18775.36083984375,22878.29248046875
Adolescent: 0.5 coverage,1989.0,cancer_deaths,20410.58740234375,20113.27294921875,21005.21533203125
Adolescent: 0.5 coverage,1990.0,cancer_deaths,22268.798828125,21629.57177734375,22789.09912109375
Adolescent: 0.5 coverage,1991.0,cancer_deaths,22863.42578125,21094.40869140625,23904.0244140625
Adolescent: 0.5 coverage,1992.0,cancer_deaths,21912.022135416668,21674.1708984375,22209.3359375
Adolescent: 0.5 coverage,1993.0,cancer_deaths,24602.712076822918,23012.0830078125,27560.984375
Adolescent: 0.5 coverage,1994.0,cancer_deaths,24587.846354166668,24483.78759765625,24751.36865234375
Adolescent: 0.5 coverage,1995.0,cancer_deaths,26089.281412760418,24706.7724609375,26802.83447265625
Adolescent: 0.5 coverage,1996.0,cancer_deaths,26163.609375,24840.56396484375,28631.3125
Adolescent: 0.5 coverage,1997.0,cancer_deaths,26119.01220703125,25598.7138671875,26758.236328125
Adolescent: 0.5 coverage,1998.0,cancer_deaths,27650.177408854168,26892.02685546875,28452.9248046875
Adolescent: 0.5 coverage,1999.0,cancer_deaths,26877.161458333332,25554.11474609375,28096.1474609375
Adolescent: 0.5 coverage,2000.0,cancer_deaths,27337.997884114582,25955.4892578125,28185.341796875
Adolescent: 0.5 coverage,2001.0,cancer_deaths,28794.83544921875,28542.119140625,28988.08984375
Adolescent: 0.5 coverage,2002.0,cancer_deaths,28155.611002604168,26847.4306640625,29657.04443359375
Adolescent: 0.5 coverage,2003.0,cancer_deaths,28452.924153645832,27873.16259765625,29121.88037109375
Adolescent: 0.5 coverage,2004.0,cancer_deaths,29404.328450520832,27783.96826171875,31262.53955078125
Adolescent: 0.5 coverage,2005.0,cancer_deaths,28512.3876953125,27694.77490234375,29300.26904296875
Adolescent: 0.5 coverage,2006.0,cancer_deaths,31113.882486979168,29567.8515625,32823.43701171875
Adolescent: 0.5 coverage,2007.0,cancer_deaths,30073.284342447918,29300.26806640625,31039.5537109375
Adolescent: 0.5 coverage,2008.0,cancer_deaths,30043.552897135418,29657.04443359375,30459.79248046875
Adolescent: 0.5 coverage,2009.0,cancer_deaths,31470.657552083332,30905.76123046875,32020.6884765625
Adolescent: 0.5 coverage,2010.0,cancer_deaths,32050.419921875,30459.79150390625,35142.482421875
Adolescent: 0.5 coverage,2011.0,cancer_deaths,33016.689453125,31842.30029296875,35276.27197265625
Adolescent: 0.5 coverage,2012.0,cancer_deaths,33016.689290364586,31931.494140625,33626.1826171875
Adolescent: 0.5 coverage,2013.0,cancer_deaths,34711.377604166664,31396.330078125,37060.1552734375
Adolescent: 0.5 coverage,2014.0,cancer_deaths,35083.0185546875,33849.1669921875,35945.228515625
Adolescent: 0.5 coverage,2015.0,cancer_deaths,34027.555989583336,32555.8544921875,36524.9892578125
Adolescent: 0.5 coverage,2016.0,cancer_deaths,36718.244303385414,35677.64794921875,37327.7373046875
Adolescent: 0.5 coverage,2017.0,cancer_deaths,37134.482259114586,36569.5859375,37550.720703125
Adolescent: 0.5 coverage,2018.0,cancer_deaths,38903.4990234375,38085.8857421875,39869.7685546875
Adolescent: 0.5 coverage,2019.0,cancer_deaths,40434.664713541664,38665.6474609375,43036.16015625
Adolescent: 0.5 coverage,2020.0,cancer_deaths,41950.964192708336,41341.4716796875,43080.7568359375
Adolescent: 0.5 coverage,2021.0,cancer_deaths,42798.3095703125,41698.248046875,43437.53515625
Adolescent: 0.5 coverage,2022.0,cancer_deaths,41876.636393229164,40761.708984375,44061.892578125
Adolescent: 0.5 coverage,2023.0,cancer_deaths,45132.224609375,44730.8515625,45578.1953125
Adolescent: 0.5 coverage,2024.0,cancer_deaths,47035.030924479164,46336.34375,48120.2275390625
Adolescent: 0.5 coverage,2025.0,cancer_deaths,48298.614583333336,47005.298828125,50216.2900390625
Adolescent: 0.5 coverage,2026.0,cancer_deaths,47882.3759765625,46871.509765625,49725.7216796875
Adolescent: 0.5 coverage,2027.0,cancer_deaths,49740.587565104164,48744.5859375,50260.8876953125
Adolescent: 0.5 coverage,2028.0,cancer_deaths,50483.871744791664,48655.392578125,51866.3798828125
Adolescent: 0.5 coverage,2029.0,cancer_deaths,51271.75390625,50082.4990234375,52000.173828125
Adolescent: 0.5 coverage,2030.0,cancer_deaths,51004.171549479164,48566.197265625,53739.4580078125
Adolescent: 0.5 coverage,2031.0,cancer_deaths,53263.7568359375,51910.9794921875,54185.4296875
Adolescent: 0.5 coverage,2032.0,cancer_deaths,54973.3095703125,53248.890625,56370.6845703125
Adolescent: 0.5 coverage,2033.0,cancer_deaths,55478.7421875,53784.0546875,57128.83203125
Adolescent: 0.5 coverage,2034.0,cancer_deaths,56846.385091145836,54051.63671875,59893.849609375
Adolescent: 0.5 coverage,2035.0,cancer_deaths,56712.595052083336,56326.087890625,57307.2216796875
Adolescent: 0.5 coverage,2036.0,cancer_deaths,57738.326171875,53382.6826171875,61053.373046875
Adolescent: 0.5 coverage,2037.0,cancer_deaths,58318.087565104164,56459.876953125,59938.4462890625
Adolescent: 0.5 coverage,2038.0,cancer_deaths,59254.625325520836,57307.220703125,61900.71484375
Adolescent: 0.5 coverage,2039.0,cancer_deaths,59433.014322916664,58422.1484375,61320.9560546875
Adolescent: 0.5 coverage,2040.0,cancer_deaths,61811.5234375,59670.865234375,63640.001953125
Adolescent: 0.5 coverage,2041.0,cancer_deaths,62093.9716796875,59581.6708984375,64888.720703125
Adolescent: 0.5 coverage,2042.0,cancer_deaths,61662.8662109375,57485.6083984375,64308.9580078125
Adolescent: 0.5 coverage,2043.0,cancer_deaths,64190.0322265625,63238.62890625,65780.6611328125
Adolescent: 0.5 coverage,2044.0,cancer_deaths,65498.212565104164,62658.8681640625,67698.3359375
Adolescent: 0.5 coverage,2045.0,cancer_deaths,66613.13899739583,64442.7490234375,70597.140625
Adolescent: 0.5 coverage,2046.0,cancer_deaths,67311.82454427083,65423.8828125,68322.69140625
Adolescent: 0.5 coverage,2047.0,cancer_deaths,67088.83919270833,65067.1064453125,68278.0947265625
Adolescent: 0.5 coverage,2048.0,cancer_deaths,66107.7041015625,64175.166015625,68857.857421875
Adolescent: 0.5 coverage,2049.0,cancer_deaths,69363.28971354167,68233.498046875,70374.158203125
Adolescent: 0.5 coverage,2050.0,cancer_deaths,67222.6318359375,63595.4052734375,70418.75390625
Adolescent: 0.5 coverage,2051.0,cancer_deaths,69422.75260416667,64977.912109375,72202.6328125
Adolescent: 0.5 coverage,2052.0,cancer_deaths,68501.08072916667,67832.126953125,69303.826171875
Adolescent: 0.5 coverage,2053.0,cancer_deaths,70433.61783854167,66940.181640625,73406.75390625
Adolescent: 0.5 coverage,2054.0,cancer_deaths,69051.10970052083,67252.3603515625,70240.365234375
Adolescent: 0.5 coverage,2055.0,cancer_deaths,71087.70930989583,69571.4052734375,72158.041015625
Adolescent: 0.5 coverage,2056.0,cancer_deaths,68337.5576171875,67609.138671875,69303.830078125
Adolescent: 0.5 coverage,2057.0,cancer_deaths,68322.69205729167,65423.8828125,70820.126953125
Adolescent: 0.5 coverage,2058.0,cancer_deaths,68129.43619791667,67118.572265625,69348.421875
Adolescent: 0.5 coverage,2059.0,cancer_deaths,69155.16927083333,67564.54296875,71489.078125
Adolescent: 0.5 coverage,2060.0,cancer_deaths,72202.63606770833,70195.767578125,73451.353515625
Adolescent: 0.5 coverage,2061.0,cancer_deaths,67906.4521484375,66717.19921875,69170.03515625
Adolescent: 0.5 coverage,2062.0,cancer_deaths,69660.603515625,68902.455078125,70641.736328125
Adolescent: 0.5 coverage,2063.0,cancer_deaths,68441.6171875,66895.5849609375,70374.1572265625
Adolescent: 0.5 coverage,2064.0,cancer_deaths,68352.42154947917,65914.4501953125,72113.439453125
Adolescent: 0.5 coverage,2065.0,cancer_deaths,68411.88444010417,66628.00390625,69883.5859375
Adolescent: 0.5 coverage,2066.0,cancer_deaths,67832.12337239583,66895.5869140625,68590.2734375
Adolescent: 0.5 coverage,2067.0,cancer_deaths,68501.08072916667,66092.83984375,69749.798828125
Adolescent: 0.5 coverage,2068.0,cancer_deaths,68352.42317708333,67430.75,69482.216796875
Adolescent: 0.5 coverage,2069.0,cancer_deaths,70240.3642578125,67653.7353515625,72737.798828125
Adolescent: 0.5 coverage,2070.0,cancer_deaths,70121.43880208333,70017.380859375,70240.36328125
Adolescent: 0.5 coverage,2071.0,cancer_deaths,67356.42317708333,65111.705078125,69705.203125
Adolescent: 0.5 coverage,2072.0,cancer_deaths,69824.12630208333,67386.158203125,72782.396484375
Adolescent: 0.5 coverage,2073.0,cancer_deaths,69853.85774739583,68188.9013671875,71043.11328125
Adolescent: 0.5 coverage,2074.0,cancer_deaths,70894.455078125,69170.033203125,71935.0546875
Adolescent: 0.5 coverage,2075.0,cancer_deaths,69274.09505208333,64888.71875,71489.08203125
Adolescent: 0.5 coverage,2076.0,cancer_deaths,69378.15559895833,68991.6484375,69928.185546875
Adolescent: 0.5 coverage,2077.0,cancer_deaths,70329.55924479167,66092.837890625,72514.81640625
Adolescent: 0.5 coverage,2078.0,cancer_deaths,71756.6630859375,65245.4931640625,76171.771484375
Adolescent: 0.5 coverage,2079.0,cancer_deaths,70552.54427083333,66137.435546875,74031.11328125
Adolescent: 0.5 coverage,2080.0,cancer_deaths,72514.8134765625,68634.8701171875,77465.083984375
Adolescent: 0.5 coverage,2081.0,cancer_deaths,68679.46842447917,62257.4931640625,73629.7421875
Adolescent: 0.5 coverage,2082.0,cancer_deaths,70998.51432291667,66315.82421875,76528.548828125
Adolescent: 0.5 coverage,2083.0,cancer_deaths,72455.3515625,69660.603515625,76573.146484375
Adolescent: 0.5 coverage,2084.0,cancer_deaths,73005.38151041667,71087.708984375,74298.6953125
Adolescent: 0.5 coverage,2085.0,cancer_deaths,73064.84440104167,71444.484375,74521.681640625
Adolescent: 0.5 coverage,2086.0,cancer_deaths,75056.84440104167,69616.00390625,77955.65234375
Adolescent: 0.5 coverage,2087.0,cancer_deaths,74447.353515625,70552.544921875,76662.33984375
Adolescent: 0.5 coverage,2088.0,cancer_deaths,72856.72526041667,67921.318359375,75592.009765625
Adolescent: 0.5 coverage,2089.0,cancer_deaths,75383.89127604167,73585.142578125,76885.326171875
Adolescent: 0.5 coverage,2090.0,cancer_deaths,76870.458984375,73406.755859375,79605.744140625
Adolescent: 0.5 coverage,2091.0,cancer_deaths,76855.59440104167,75458.220703125,78178.640625
Adolescent: 0.5 coverage,2092.0,cancer_deaths,77390.75846354167,76082.576171875,79561.1484375
Adolescent: 0.5 coverage,2093.0,cancer_deaths,79070.57942708333,74878.455078125,81612.61328125
Adolescent: 0.5 coverage,2094.0,cancer_deaths,79486.81901041667,76483.951171875,81924.791015625
Adolescent: 0.5 coverage,2095.0,cancer_deaths,78862.46028645833,73941.919921875,82549.1484375
Adolescent: 0.5 coverage,2096.0,cancer_deaths,82043.71614583333,78312.431640625,84600.611328125
Adolescent: 0.5 coverage,2097.0,cancer_deaths,80661.20833333333,73763.529296875,85581.75
Adolescent: 0.5 coverage,2098.0,cancer_deaths,80185.505859375,75859.591796875,83039.716796875
Adolescent: 0.5 coverage,2099.0,cancer_deaths,84764.13802083333,82772.134765625,86607.484375
Adolescent: 0.5 coverage,2100.0,cancer_deaths,83411.36067708333,80363.89453125,85581.751953125
Adolescent: 0.5 coverage,1960.0,cum_cancers,0.0,0.0,0.0
Adolescent: 0.5 coverage,1961.0,cum_cancers,44.59706115722656,44.59706115722656,44.59706115722656
Adolescent: 0.5 coverage,1962.0,cum_cancers,178.38824462890625,133.7911834716797,222.9853057861328
Adolescent: 0.5 coverage,1963.0,cum_cancers,460.8362986246745,401.37355041503906,535.1647338867188
Adolescent: 0.5 coverage,1964.0,cum_cancers,1189.2549692789714,1114.9265441894531,1248.7177124023438
Adolescent: 0.5 coverage,1965.0,cum_cancers,2452.838348388672,2363.644256591797,2586.6295013427734
Adolescent: 0.5 coverage,1966.0,cum_cancers,4325.914972941081,3790.750259399414,4816.48258972168
Adolescent: 0.5 coverage,1967.0,cum_cancers,6838.2161204020185,6421.976821899414,7224.723892211914
Adolescent: 0.5 coverage,1968.0,cum_cancers,10182.995559692383,9409.979873657227,10703.294570922852
Adolescent: 0.5 coverage,1969.0,cum_cancers,14954.88077290853,14003.476943969727,15965.747451782227
Adolescent: 0.5 coverage,1970.0,cum_cancers,21718.767979939777,19533.512100219727,24706.770889282227
Adolescent: 0.5 coverage,1971.0,cum_cancers,30400.328811645508,26446.05628967285,35097.88563537598
Adolescent: 0.5 coverage,1972.0,cum_cancers,40315.74124654134,35722.2442779541,45667.38832092285
Adolescent: 0.5 coverage,1973.0,cum_cancers,51479.871739705406,46916.10585021973,57218.02699279785
Adolescent: 0.5 coverage,1974.0,cum_cancers,64442.750157674156,57753.19105529785,71845.8624420166
Adolescent: 0.5 coverage,1975.0,cum_cancers,80527.42366027832,71355.2940826416,91379.3761138916
Adolescent: 0.5 coverage,1976.0,cum_cancers,97712.15827941895,87499.43006896973,109351.9933013916
Adolescent: 0.5 coverage,1977.0,cum_cancers,118866.03165181477,106765.36024475098,133077.63148498535
Adolescent: 0.5 coverage,1978.0,cum_cancers,141491.6088002523,128662.51795959473,156892.4640045166
Adolescent: 0.5 coverage,1979.0,cum_cancers,164726.67797342935,151317.82508850098,180930.2804107666
Adolescent: 0.5 coverage,1980.0,cum_cancers,189032.0767364502,173259.57899475098,206885.77113342285
Adolescent: 0.5 coverage,1981.0,cum_cancers,215492.99991353354,197743.36659240723,233956.1866607666
Adolescent: 0.5 coverage,1982.0,cum_cancers,245150.0466257731,224679.99208068848,263791.6231842041
Adolescent: 0.5 coverage,1983.0,cum_cancers,275074.6750437419,251349.03553771973,293181.0860748291
Adolescent: 0.5 coverage,1984.0,cum_cancers,307050.7681427002,280515.512588501,330464.23109436035
Adolescent: 0.5 coverage,1985.0,cum_cancers,340275.5793406169,315925.5804595947,363466.0567779541
Adolescent: 0.5 coverage,1986.0,cum_cancers,373069.286046346,344735.2830963135,398430.1534576416
Adolescent: 0.5 coverage,1987.0,cum_cancers,407141.44050598145,379520.9906158447,432992.8761138916
Adolescent: 0.5 coverage,1988.0,cum_cancers,441555.5064239502,414128.3099517822,466797.4503326416
Adolescent: 0.5 coverage,1989.0,cum_cancers,476579.06550598145,447932.883682251,503991.3975982666
Adolescent: 0.5 coverage,1990.0,cum_cancers,511959.40046691895,481692.8587799072,543013.8272857666
Adolescent: 0.5 coverage,1991.0,cum_cancers,549733.1104278564,519867.9427642822,579984.7891998291
Adolescent: 0.5 coverage,1992.0,cum_cancers,587105.4478302002,558221.4144439697,614369.1246490479
Adolescent: 0.5 coverage,1993.0,cum_cancers,623734.5010528564,593586.8851470947,650135.9659576416
Adolescent: 0.5 coverage,1994.0,cum_cancers,660541.9421335856,628550.9818267822,685813.6134185791
Adolescent: 0.5 coverage,1995.0,cum_cancers,698806.2194773356,666636.8704986572,722516.9942779541
Adolescent: 0.5 coverage,1996.0,cum_cancers,737709.7214304606,703652.4310455322,761940.7970123291
Adolescent: 0.5 coverage,1997.0,cum_cancers,775572.6263783773,743120.8304595947,796503.5186920166
Adolescent: 0.5 coverage,1998.0,cum_cancers,815145.0847117106,782633.8246002197,836596.2784576416
Adolescent: 0.5 coverage,1999.0,cum_cancers,856590.6208445231,824688.8538970947,877402.5909576416
Adolescent: 0.5 coverage,2000.0,cum_cancers,897723.9769643148,863889.6703033447,916558.8106842041
Adolescent: 0.5 coverage,2001.0,cum_cancers,938366.7650502523,903937.8294830322,957142.1237335205
Adolescent: 0.5 coverage,2002.0,cum_cancers,980778.570388794,947330.7718658447,1003746.054397583
Adolescent: 0.5 coverage,2003.0,cum_cancers,1023710.6735788981,988672.2464752197,1048387.710647583
Adolescent: 0.5 coverage,2004.0,cum_cancers,1065765.7015736897,1031084.0511627197,1089907.573928833
Adolescent: 0.5 coverage,2005.0,cum_cancers,1108712.6722768147,1074209.4105377197,1135753.355178833
Adolescent: 0.5 coverage,2006.0,cum_cancers,1152611.0466257732,1117334.7679595947,1179636.864944458
Adolescent: 0.5 coverage,2007.0,cum_cancers,1200300.1713002522,1163492.7240142822,1228782.827835083
Adolescent: 0.5 coverage,2008.0,cum_cancers,1245194.5459747314,1207955.9935455322,1274628.6061553955
Adolescent: 0.5 coverage,2009.0,cum_cancers,1292853.9405059814,1254158.5521392822,1324934.091506958
Adolescent: 0.5 coverage,2010.0,cum_cancers,1340320.0811309814,1301922.0072174072,1371716.4108428955
Adolescent: 0.5 coverage,2011.0,cum_cancers,1390759.3578236897,1350934.1790924072,1425277.480178833
Adolescent: 0.5 coverage,2012.0,cum_cancers,1442566.2780710857,1403291.1312408447,1477768.2213897705
Adolescent: 0.5 coverage,2013.0,cum_cancers,1496097.6188913982,1458546.8929595947,1528519.6764678955
Adolescent: 0.5 coverage,2014.0,cum_cancers,1549762.7497507732,1511305.2201080322,1583329.462600708
Adolescent: 0.5 coverage,2015.0,cum_cancers,1607694.3330841064,1564286.5326080322,1645363.974319458
Adolescent: 0.5 coverage,2016.0,cum_cancers,1665521.8548940022,1621995.1302642822,1701110.2995147705
Adolescent: 0.5 coverage,2017.0,cum_cancers,1726604.9636179607,1684208.0287017822,1763367.7995147705
Adolescent: 0.5 coverage,2018.0,cum_cancers,1790467.957107544,1748383.2005767822,1829416.0495147705
Adolescent: 0.5 coverage,2019.0,cum_cancers,1854033.6358184814,1809793.3538970947,1892788.474319458
Adolescent: 0.5 coverage,2020.0,cum_cancers,1916469.521560669,1872363.0326080322,1953618.8659210205
Adolescent: 0.5 coverage,2021.0,cum_cancers,1983067.8002065022,1936359.8187408447,2023859.2370147705
Adolescent: 0.5 coverage,2022.0,cum_cancers,2047703.8076934814,1998840.3040924072,2089952.081741333
Adolescent: 0.5 coverage,2023.0,cum_cancers,2115922.445714315,2067876.5579986572,2160415.437210083
Adolescent: 0.5 coverage,2024.0,cum_cancers,2181703.111078898,2133523.4320220947,2230076.046585083
Adolescent: 0.5 coverage,2025.0,cum_cancers,2252107.004308065,2203808.3988189697,2301743.5241241455
Adolescent: 0.5 coverage,2026.0,cum_cancers,2323075.7940216064,2276144.8304595947,2374392.1393585205
Adolescent: 0.5 coverage,2027.0,cum_cancers,2394624.344151815,2347633.9163970947,2448780.0377960205
Adolescent: 0.5 coverage,2028.0,cum_cancers,2467198.6283315024,2418097.2738189697,2525709.966506958
Adolescent: 0.5 coverage,2029.0,cum_cancers,2540159.4186960855,2491860.8109283447,2597288.247756958
Adolescent: 0.5 coverage,2030.0,cum_cancers,2616524.4545033774,2569504.2972564697,2674262.775100708
Adolescent: 0.5 coverage,2031.0,cum_cancers,2692830.0287221274,2650269.5804595947,2752976.589553833
Adolescent: 0.5 coverage,2032.0,cum_cancers,2767812.5534617105,2723676.3402252197,2830932.251663208
Adolescent: 0.5 coverage,2033.0,cum_cancers,2846719.6205190024,2808143.1781158447,2909467.675491333
Adolescent: 0.5 coverage,2034.0,cum_cancers,2925998.3288523355,2884181.1663970947,2993666.925491333
Adolescent: 0.5 coverage,2035.0,cum_cancers,3005351.3679148355,2964411.2835845947,3077598.593460083
Adolescent: 0.5 coverage,2036.0,cum_cancers,3083975.986404419,3044775.1878814697,3158988.226272583
Adolescent: 0.5 coverage,2037.0,cum_cancers,3165098.041091919,3125317.464981079,3242830.696975708
Adolescent: 0.5 coverage,2038.0,cum_cancers,3247780.992263794,3204298.865371704,3327386.724319458
Adolescent: 0.5 coverage,2039.0,cum_cancers,3334001.9779408774,3287606.177871704,3411452.185256958
Adolescent: 0.5 coverage,2040.0,cum_cancers,3421159.502029419,3371002.683731079,3500780.099319458
Adolescent: 0.5 coverage,2041.0,cum_cancers,3506607.4701283774,3454532.980606079,3590420.193069458
Adolescent: 0.5 coverage,2042.0,cum_cancers,3591891.916091919,3538063.277481079,3679212.941116333
Adolescent: 0.5 coverage,2043.0,cum_cancers,3681204.9642690024,3621727.367324829,3770993.693069458
Adolescent: 0.5 coverage,2044.0,cum_cancers,3766429.9479929605,3702581.839981079,3859697.245803833
Adolescent: 0.5 coverage,2045.0,cum_cancers,3852873.9173940024,3784729.625137329,3945858.769241333
Adolescent: 0.5 coverage,2046.0,cum_cancers,3941369.3542429605,3873879.150527954,4033937.968460083
Adolescent: 0.5 coverage,2047.0,cum_cancers,4029493.146560669,3959416.316543579,4123132.089553833
Adolescent: 0.5 coverage,2048.0,cum_cancers,4115283.0280710855,4043793.955215454,4210497.734085083
Adolescent: 0.5 coverage,2049.0,cum_cancers,4202128.369867961,4130446.043106079,4296614.657913208
Adolescent: 0.5 coverage,2050.0,cum_cancers,4290237.298253377,4217098.136856079,4389064.364944458
Adolescent: 0.5 coverage,2051.0,cum_cancers,4377186.701248169,4301520.373184204,4476028.634475708
Adolescent: 0.5 coverage,2052.0,cum_cancers,4464953.715571086,4387904.879043579,4563751.052444458
Adolescent: 0.5 coverage,2053.0,cum_cancers,4551694.996170044,4474958.339981079,4650001.765335083
Adolescent: 0.5 coverage,2054.0,cum_cancers,4638703.862055461,4565088.998184204,4739820.243850708
Adolescent: 0.5 coverage,2055.0,cum_cancers,4728254.759841919,4651428.906387329,4834410.611038208
Adolescent: 0.5 coverage,2056.0,cum_cancers,4816051.505284627,4735717.349746704,4923604.732131958
Adolescent: 0.5 coverage,2057.0,cum_cancers,4903372.549555461,4824242.513809204,5010435.208694458
Adolescent: 0.5 coverage,2058.0,cum_cancers,4993547.806716919,4913971.800918579,5101502.405960083
Adolescent: 0.5 coverage,2059.0,cum_cancers,5080809.388748169,4995896.601699829,5196494.144241333
Adolescent: 0.5 coverage,2060.0,cum_cancers,5171980.647211711,5089282.845840454,5285599.073928833
Adolescent: 0.5 coverage,2061.0,cum_cancers,5261085.574946086,5176693.086074829,5377112.241897583
Adolescent: 0.5 coverage,2062.0,cum_cancers,5350383.754633586,5268741.418106079,5465771.196975708
Adolescent: 0.5 coverage,2063.0,cum_cancers,5441109.043696086,5360700.556777954,5558220.907913208
Adolescent: 0.5 coverage,2064.0,cum_cancers,5532473.552810669,5450786.615371704,5655264.109085083
Adolescent: 0.5 coverage,2065.0,cum_cancers,5623971.852940877,5541943.004043579,5745974.529006958
Adolescent: 0.5 coverage,2066.0,cum_cancers,5716495.884841919,5633991.332168579,5842259.577835083
Adolescent: 0.5 coverage,2067.0,cum_cancers,5809094.245519002,5725682.886856079,5935378.237991333
Adolescent: 0.5 coverage,2068.0,cum_cancers,5902227.769607544,5823305.847793579,6029656.415725708
Adolescent: 0.5 coverage,2069.0,cum_cancers,5992789.531977336,5913659.492324829,6124157.581741333
Adolescent: 0.5 coverage,2070.0,cum_cancers,6088033.981847127,6013556.902481079,6222271.107131958
Adolescent: 0.5 coverage,2071.0,cum_cancers,6181197.237055461,6113721.894668579,6315791.138381958
Adolescent: 0.5 coverage,2072.0,cum_cancers,6274405.091222127,6203228.201553345,6412299.175491333
Adolescent: 0.5 coverage,2073.0,cum_cancers,6368549.483800252,6290058.674209595,6508450.437210083
Adolescent: 0.5 coverage,2074.0,cum_cancers,6464239.907628377,6378227.05897522,6607857.282913208
Adolescent: 0.5 coverage,2075.0,cum_cancers,6558280.241612752,6467777.95741272,6703473.378616333
Adolescent: 0.5 coverage,2076.0,cum_cancers,6653970.667394002,6555946.346084595,6803995.154006958
Adolescent: 0.5 coverage,2077.0,cum_cancers,6750404.377029419,6646522.97303772,6902420.866897583
Adolescent: 0.5 coverage,2078.0,cum_cancers,6848830.088617961,6741559.30897522,7004860.310256958
Adolescent: 0.5 coverage,2079.0,cum_cancers,6948311.263097127,6837978.15272522,7104757.726272583
Adolescent: 0.5 coverage,2080.0,cum_cancers,7050156.080154419,6935422.724990845,7211746.070022583
Adolescent: 0.5 coverage,2081.0,cum_cancers,7151941.436274211,7033759.24256897,7317887.070022583
Adolescent: 0.5 coverage,2082.0,cum_cancers,7251942.908930461,7129464.53163147,7418944.005569458
Adolescent: 0.5 coverage,2083.0,cum_cancers,7354709.395909627,7224723.84803772,7528073.007522583
Adolescent: 0.5 coverage,2084.0,cum_cancers,7454458.149164836,7320384.53553772,7631003.021194458
Adolescent: 0.5 coverage,2085.0,cum_cancers,7558963.923253377,7421619.857803345,7736921.036819458
Adolescent: 0.5 coverage,2086.0,cum_cancers,7664004.859451294,7521249.68397522,7845827.048538208
Adolescent: 0.5 coverage,2087.0,cum_cancers,7768540.364659627,7621280.88710022,7954866.857131958
Adolescent: 0.5 coverage,2088.0,cum_cancers,7877565.305414836,7722783.791397095,8065601.351272583
Adolescent: 0.5 coverage,2089.0,cum_cancers,7987615.977289836,7829861.326553345,8179056.265335083
Adolescent: 0.5 coverage,2090.0,cum_cancers,8098172.078852336,7934530.61756897,8290236.724319458
Adolescent: 0.5 coverage,2091.0,cum_cancers,8208980.899815877,8042723.07850647,8402888.894241333
Adolescent: 0.5 coverage,2092.0,cum_cancers,8320726.258539836,8148551.89491272,8518127.687210083
Adolescent: 0.5 coverage,2093.0,cum_cancers,8434537.947341919,8258349.846084595,8636399.081741333
Adolescent: 0.5 coverage,2094.0,cum_cancers,8546550.888748169,8369128.932022095,8749095.845413208
Adolescent: 0.5 coverage,2095.0,cum_cancers,8661165.323644003,8476652.43397522,8867545.630569458
Adolescent: 0.5 coverage,2096.0,cum_cancers,8778886.690831503,8590999.287490845,8988849.630569458
Adolescent: 0.5 coverage,2097.0,cum_cancers,8897485.133539835,8702358.13710022,9111848.318069458
Adolescent: 0.5 coverage,2098.0,cum_cancers,9013913.184321085,8820897.11366272,9229316.968460083
Adolescent: 0.5 coverage,2099.0,cum_cancers,9132808.939529419,8937027.85194397,9350576.368850708
Adolescent: 0.5 coverage,2100.0,cum_cancers,9253443.979894003,9052668.01991272,9476473.866897583
Adolescent: 0.9 coverage,1960.0,cancers,0.0,0.0,0.0
Adolescent: 0.9 coverage,1961.0,cancers,44.59706115722656,44.59706115722656,44.59706115722656
Adolescent: 0.9 coverage,1962.0,cancers,133.7911834716797,89.19412231445312,178.38824462890625
Adolescent: 0.9 coverage,1963.0,cancers,282.44805399576825,267.5823669433594,312.17942810058594
Adolescent: 0.9 coverage,1964.0,cancers,728.4186706542969,668.9559326171875,802.7471008300781
Adolescent: 0.9 coverage,1965.0,cancers,1263.5833791097004,1114.9265441894531,1471.7029571533203
Adolescent: 0.9 coverage,1966.0,cancers,1873.076624552409,1427.1060028076172,2229.8530883789062
Adolescent: 0.9 coverage,1967.0,cancers,2512.3011474609375,2408.2413024902344,2631.2265625
Adolescent: 0.9 coverage,1968.0,cancers,3344.7794392903647,2988.0030517578125,3835.346923828125
Adolescent: 0.9 coverage,1969.0,cancers,4771.8852132161455,4459.7056884765625,5262.452880859375
Adolescent: 0.9 coverage,1970.0,cancers,6763.88720703125,5530.03515625,8741.0234375
Adolescent: 0.9 coverage,1971.0,cancers,8681.560831705729,6912.544189453125,10391.11474609375
Adolescent: 0.9 coverage,1972.0,cancers,9915.412434895834,9276.18798828125,10569.502685546875
Adolescent: 0.9 coverage,1973.0,cancers,11164.130493164062,10747.891235351562,11550.638671875
Adolescent: 0.9 coverage,1974.0,cancers,12962.87841796875,10837.085205078125,14627.83544921875
Adolescent: 0.9 coverage,1975.0,cancers,16084.673502604166,13602.10302734375,19533.513671875
Adolescent: 0.9 coverage,1976.0,cancers,17184.734619140625,16144.135986328125,17972.6171875
Adolescent: 0.9 coverage,1977.0,cancers,21153.873372395832,19265.93017578125,23725.63818359375
Adolescent: 0.9 coverage,1978.0,cancers,22625.5771484375,21897.15771484375,23814.83251953125
Adolescent: 0.9 coverage,1979.0,cancers,23235.069173177082,22655.30712890625,24037.81640625
Adolescent: 0.9 coverage,1980.0,cancers,24305.398763020832,21941.75390625,25955.49072265625
Adolescent: 0.9 coverage,1981.0,cancers,26460.923177083332,24483.78759765625,27828.56640625
Adolescent: 0.9 coverage,1982.0,cancers,29657.046712239582,26936.62548828125,32199.078125
Adolescent: 0.9 coverage,1983.0,cancers,29924.62841796875,26669.04345703125,33715.37890625
Adolescent: 0.9 coverage,1984.0,cancers,31976.093098958332,29166.47705078125,37283.14501953125
Adolescent: 0.9 coverage,1985.0,cancers,33224.811197916664,31262.5400390625,35410.06787109375
Adolescent: 0.9 coverage,1986.0,cancers,32793.706705729164,28809.70263671875,34964.0966796875
Adolescent: 0.9 coverage,1987.0,cancers,34072.154459635414,32868.033203125,34785.70751953125
Adolescent: 0.9 coverage,1988.0,cancers,34414.06591796875,33804.57421875,34830.30419921875
Adolescent: 0.9 coverage,1989.0,cancers,35023.55908203125,33804.57373046875,37193.947265625
Adolescent: 0.9 coverage,1990.0,cancers,35380.3349609375,33358.60009765625,39022.4296875
Adolescent: 0.9 coverage,1991.0,cancers,37773.7099609375,36970.9619140625,38175.083984375
Adolescent: 0.9 coverage,1992.0,cancers,37372.33740234375,34384.33544921875,39379.205078125
Adolescent: 0.9 coverage,1993.0,cancers,36629.05322265625,35365.470703125,38754.84765625
Adolescent: 0.9 coverage,1994.0,cancers,36807.441080729164,34964.0966796875,39780.5791015625
Adolescent: 0.9 coverage,1995.0,cancers,38264.27734375,36703.380859375,40003.5625
Adolescent: 0.9 coverage,1996.0,cancers,38903.501953125,37015.560546875,40271.142578125
Adolescent: 0.9 coverage,1997.0,cancers,37862.904947916664,34562.7216796875,39557.59375
Adolescent: 0.9 coverage,1998.0,cancers,39572.458333333336,39111.62109375,40092.759765625
Adolescent: 0.9 coverage,1999.0,cancers,41445.5361328125,40806.3125,42055.029296875
Adolescent: 0.9 coverage,2000.0,cancers,41133.356119791664,39156.2197265625,45043.0322265625
Adolescent: 0.9 coverage,2001.0,cancers,40642.7880859375,37461.53125,44418.673828125
Adolescent: 0.9 coverage,2002.0,cancers,42411.805338541664,37238.54296875,46603.9306640625
Adolescent: 0.9 coverage,2003.0,cancers,42932.103190104164,41341.474609375,44641.65625
Adolescent: 0.9 coverage,2004.0,cancers,42055.027994791664,41519.86328125,42411.8046875
Adolescent: 0.9 coverage,2005.0,cancers,42946.970703125,39869.771484375,45845.78125
Adolescent: 0.9 coverage,2006.0,cancers,43898.374348958336,43125.357421875,44686.255859375
Adolescent: 0.9 coverage,2007.0,cancers,47689.124674479164,46157.9560546875,49145.962890625
Adolescent: 0.9 coverage,2008.0,cancers,44894.374674479164,44374.076171875,45845.7783203125
Adolescent: 0.9 coverage,2009.0,cancers,47659.39453125,46202.55859375,50305.4853515625
Adolescent: 0.9 coverage,2010.0,cancers,47466.140625,46782.3193359375,47852.6474609375
Adolescent: 0.9 coverage,2011.0,cancers,50439.276692708336,48744.5888671875,53561.0693359375
Adolescent: 0.9 coverage,2012.0,cancers,51806.920247395836,50573.0673828125,52490.7412109375
Adolescent: 0.9 coverage,2013.0,cancers,53531.3408203125,50751.455078125,55255.76171875
Adolescent: 0.9 coverage,2014.0,cancers,53665.130859375,52758.3271484375,54809.7861328125
Adolescent: 0.9 coverage,2015.0,cancers,57931.583333333336,52981.3125,62034.51171875
Adolescent: 0.9 coverage,2016.0,cancers,57827.521809895836,55746.3251953125,60027.642578125
Adolescent: 0.9 coverage,2017.0,cancers,61083.108723958336,58778.927734375,62257.5
Adolescent: 0.9 coverage,2018.0,cancers,63862.993489583336,61365.55859375,66048.25
Adolescent: 0.9 coverage,2019.0,cancers,63565.6787109375,61410.1533203125,65914.4580078125
Adolescent: 0.9 coverage,2020.0,cancers,62435.8857421875,60830.3916015625,63907.5869140625
Adolescent: 0.9 coverage,2021.0,cancers,66598.27864583333,63996.7861328125,70240.37109375
Adolescent: 0.9 coverage,2022.0,cancers,64636.007486979164,62480.4853515625,66092.8447265625
Adolescent: 0.9 coverage,2023.0,cancers,68218.63802083333,65156.3046875,70463.35546875
Adolescent: 0.9 coverage,2024.0,cancers,65780.66536458333,62034.5126953125,69660.609375
Adolescent: 0.9 coverage,2025.0,cancers,70389.02766927083,69214.6376953125,71845.865234375
Adolescent: 0.9 coverage,2026.0,cancers,71072.84733072917,68813.2607421875,72381.029296875
Adolescent: 0.9 coverage,2027.0,cancers,73035.11848958333,70909.322265625,74878.46484375
Adolescent: 0.9 coverage,2028.0,cancers,71786.40364583333,69259.234375,76662.349609375
Adolescent: 0.9 coverage,2029.0,cancers,72529.68684895833,72024.251953125,73495.9609375
Adolescent: 0.9 coverage,2030.0,cancers,76900.19856770833,76350.169921875,77866.466796875
Adolescent: 0.9 coverage,2031.0,cancers,76335.3046875,70240.373046875,80631.490234375
Adolescent: 0.9 coverage,2032.0,cancers,75859.60221354167,74566.287109375,77286.705078125
Adolescent: 0.9 coverage,2033.0,cancers,79204.37760416667,76082.583984375,82638.349609375
Adolescent: 0.9 coverage,2034.0,cancers,79769.27734375,77465.095703125,82816.74609375
Adolescent: 0.9 coverage,2035.0,cancers,80215.24674479167,74744.671875,83931.66796875
Adolescent: 0.9 coverage,2036.0,cancers,81493.69856770833,79025.99609375,83753.283203125
Adolescent: 0.9 coverage,2037.0,cancers,81315.3046875,78267.837890625,85046.591796875
Adolescent: 0.9 coverage,2038.0,cancers,80795.01106770833,79427.36328125,82014.0
Adolescent: 0.9 coverage,2039.0,cancers,86533.16341145833,85135.7890625,89283.31640625
Adolescent: 0.9 coverage,2040.0,cancers,81017.99544270833,80765.279296875,81211.25
Adolescent: 0.9 coverage,2041.0,cancers,83768.14518229167,78758.41015625,87321.04296875
Adolescent: 0.9 coverage,2042.0,cancers,84779.013671875,77821.87109375,89773.884765625
Adolescent: 0.9 coverage,2043.0,cancers,85462.833984375,84511.427734375,87321.048828125
Adolescent: 0.9 coverage,2044.0,cancers,82445.09830729167,80586.888671875,84734.412109375
Adolescent: 0.9 coverage,2045.0,cancers,86265.58138020833,85403.37109375,87856.208984375
Adolescent: 0.9 coverage,2046.0,cancers,84481.69791666667,81434.23046875,87677.82421875
Adolescent: 0.9 coverage,2047.0,cancers,84184.38736979167,81434.236328125,85760.150390625
Adolescent: 0.9 coverage,2048.0,cancers,79858.46875,76305.5703125,81969.396484375
Adolescent: 0.9 coverage,2049.0,cancers,81523.42643229167,79561.15625,82727.548828125
Adolescent: 0.9 coverage,2050.0,cancers,81865.33463541667,77465.08984375,87187.25
Adolescent: 0.9 coverage,2051.0,cancers,82132.91861979167,79070.5859375,84957.400390625
Adolescent: 0.9 coverage,2052.0,cancers,81092.3203125,79471.958984375,82772.14453125
Adolescent: 0.9 coverage,2053.0,cancers,82400.49934895833,79650.34765625,84377.634765625
Adolescent: 0.9 coverage,2054.0,cancers,80274.70768229167,78936.79296875,82058.591796875
Adolescent: 0.9 coverage,2055.0,cancers,80021.990234375,76260.974609375,83396.5
Adolescent: 0.9 coverage,2056.0,cancers,77688.07877604167,74521.6875,80230.111328125
Adolescent: 0.9 coverage,2057.0,cancers,78059.72005208333,75681.212890625,81389.634765625
Adolescent: 0.9 coverage,2058.0,cancers,78565.15494791667,74209.5078125,81077.458984375
Adolescent: 0.9 coverage,2059.0,cancers,78104.318359375,77375.8984375,79561.15625
Adolescent: 0.9 coverage,2060.0,cancers,77821.86979166667,77019.125,78357.03515625
Adolescent: 0.9 coverage,2061.0,cancers,76602.88671875,75993.39453125,77242.111328125
Adolescent: 0.9 coverage,2062.0,cancers,75413.63151041667,71667.4765625,78535.427734375
Adolescent: 0.9 coverage,2063.0,cancers,77405.63020833333,70820.134765625,83619.48828125
Adolescent: 0.9 coverage,2064.0,cancers,77093.451171875,75012.25390625,79694.94921875
Adolescent: 0.9 coverage,2065.0,cancers,76379.89973958333,71801.26953125,80363.904296875
Adolescent: 0.9 coverage,2066.0,cancers,75993.38932291667,72470.22265625,81255.83984375
Adolescent: 0.9 coverage,2067.0,cancers,74700.07552083333,73406.759765625,76974.52734375
Adolescent: 0.9 coverage,2068.0,cancers,76409.630859375,75369.03515625,78089.453125
Adolescent: 0.9 coverage,2069.0,cancers,76528.552734375,74387.892578125,79070.583984375
Adolescent: 0.9 coverage,2070.0,cancers,76870.462890625,73941.921875,80007.125
Adolescent: 0.9 coverage,2071.0,cancers,77613.74739583333,73674.341796875,81434.2265625
Adolescent: 0.9 coverage,2072.0,cancers,73064.84635416667,71845.861328125,74432.490234375
Adolescent: 0.9 coverage,2073.0,cancers,75800.13606770833,71935.0546875,78446.228515625
Adolescent: 0.9 coverage,2074.0,cancers,75606.88216145833,74387.89453125,78000.2578125
Adolescent: 0.9 coverage,2075.0,cancers,76573.15364583333,74521.689453125,78624.6171875
Adolescent: 0.9 coverage,2076.0,cancers,77584.01822916667,75235.240234375,79070.5859375
Adolescent: 0.9 coverage,2077.0,cancers,78104.31770833333,76483.958984375,80230.109375
Adolescent: 0.9 coverage,2078.0,cancers,78565.15299479167,77509.689453125,79828.736328125
Adolescent: 0.9 coverage,2079.0,cancers,77777.271484375,75993.390625,79784.13671875
Adolescent: 0.9 coverage,2080.0,cancers,78312.43684895833,76394.763671875,79338.16796875
Adolescent: 0.9 coverage,2081.0,cancers,79130.05143229167,77554.2890625,80720.6796875
Adolescent: 0.9 coverage,2082.0,cancers,79486.82421875,77019.119140625,83441.095703125
Adolescent: 0.9 coverage,2083.0,cancers,80497.68880208333,79605.74609375,81345.033203125
Adolescent: 0.9 coverage,2084.0,cancers,81568.01692708333,80542.2890625,82772.134765625
Adolescent: 0.9 coverage,2085.0,cancers,83827.60091145833,82905.931640625,85046.587890625
Adolescent: 0.9 coverage,2086.0,cancers,85477.69140625,83441.08984375,88525.15625
Adolescent: 0.9 coverage,2087.0,cancers,82682.94401041667,80854.46484375,86206.111328125
Adolescent: 0.9 coverage,2088.0,cancers,85997.990234375,84199.244140625,87856.197265625
Adolescent: 0.9 coverage,2089.0,cancers,85953.39453125,85492.560546875,86473.693359375
Adolescent: 0.9 coverage,2090.0,cancers,91409.09765625,89996.857421875,92315.90234375
Adolescent: 0.9 coverage,2091.0,cancers,87484.55533854167,86250.705078125,89684.677734375
Adolescent: 0.9 coverage,2092.0,cancers,89149.513671875,86429.09375,91022.58984375
Adolescent: 0.9 coverage,2093.0,cancers,89000.859375,86830.46875,90576.62109375
Adolescent: 0.9 coverage,2094.0,cancers,90100.91731770833,89595.484375,90621.216796875
Adolescent: 0.9 coverage,2095.0,cancers,93192.98372395833,89238.7109375,97399.9765625
Adolescent: 0.9 coverage,2096.0,cancers,94248.44661458333,92405.1015625,95393.107421875
Adolescent: 0.9 coverage,2097.0,cancers,93088.92578125,91869.9375,95348.509765625
Adolescent: 0.9 coverage,2098.0,cancers,94055.19270833333,93698.4140625,94768.748046875
Adolescent: 0.9 coverage,2099.0,cancers,95289.04557291667,93966.0,97890.54296875
Adolescent: 0.9 coverage,2100.0,cancers,96849.94596354167,93386.236328125,99273.056640625
Adolescent: 0.9 coverage,1960.0,cancer_deaths,0.0,0.0,0.0
Adolescent: 0.9 coverage,1961.0,cancer_deaths,0.0,0.0,0.0
Adolescent: 0.9 coverage,1962.0,cancer_deaths,0.0,0.0,0.0
Adolescent: 0.9 coverage,1963.0,cancer_deaths,0.0,0.0,0.0
Adolescent: 0.9 coverage,1964.0,cancer_deaths,0.0,0.0,0.0
Adolescent: 0.9 coverage,1965.0,cancer_deaths,0.0,0.0,0.0
Adolescent: 0.9 coverage,1966.0,cancer_deaths,29.731374104817707,0.0,44.59706115722656
Adolescent: 0.9 coverage,1967.0,cancer_deaths,59.462748209635414,0.0,133.7911834716797
Adolescent: 0.9 coverage,1968.0,cancer_deaths,104.05980936686198,44.59706115722656,133.7911834716797
Adolescent: 0.9 coverage,1969.0,cancer_deaths,282.44805399576825,178.38824462890625,356.7764892578125
Adolescent: 0.9 coverage,1970.0,cancer_deaths,445.9706115722656,356.7764892578125,490.5676727294922
Adolescent: 0.9 coverage,1971.0,cancer_deaths,535.1647338867188,356.7764892578125,668.9559173583984
Adolescent: 0.9 coverage,1972.0,cancer_deaths,981.1353454589844,802.7471008300781,1248.7176971435547
Adolescent: 0.9 coverage,1973.0,cancer_deaths,1694.6882019042969,1471.7029724121094,1873.0763854980469
Adolescent: 0.9 coverage,1974.0,cancer_deaths,2214.9871826171875,1962.2705078125,2675.823486328125
Adolescent: 0.9 coverage,1975.0,cancer_deaths,3181.2567545572915,2631.226318359375,3656.958740234375
Adolescent: 0.9 coverage,1976.0,cancer_deaths,4623.228434244792,3523.1676025390625,5530.035400390625
Adolescent: 0.9 coverage,1977.0,cancer_deaths,5500.304036458333,4861.0794677734375,6734.156005859375
Adolescent: 0.9 coverage,1978.0,cancer_deaths,6689.5590413411455,5842.21484375,7403.112060546875
Adolescent: 0.9 coverage,1979.0,cancer_deaths,7388.2463785807295,7269.321044921875,7581.500244140625
Adolescent: 0.9 coverage,1980.0,cancer_deaths,9082.935750325521,8072.0682373046875,10480.310791015625
Adolescent: 0.9 coverage,1981.0,cancer_deaths,10331.654256184896,9677.564086914062,11595.2373046875
Adolescent: 0.9 coverage,1982.0,cancer_deaths,11743.894694010416,10391.116455078125,13111.5380859375
Adolescent: 0.9 coverage,1983.0,cancer_deaths,13468.312825520834,12174.99853515625,14226.46240234375
Adolescent: 0.9 coverage,1984.0,cancer_deaths,14642.702311197916,13691.29931640625,16233.330078125
Adolescent: 0.9 coverage,1985.0,cancer_deaths,16723.89794921875,14627.8369140625,18641.5703125
Adolescent: 0.9 coverage,1986.0,cancer_deaths,17437.45068359375,14895.4189453125,19355.1240234375
Adolescent: 0.9 coverage,1987.0,cancer_deaths,18463.182291666668,17303.6591796875,19176.734375
Adolescent: 0.9 coverage,1988.0,cancer_deaths,20960.617838541668,18775.36083984375,22878.29248046875
Adolescent: 0.9 coverage,1989.0,cancer_deaths,20410.58740234375,20113.27294921875,21005.21533203125
Adolescent: 0.9 coverage,1990.0,cancer_deaths,22268.798828125,21629.57177734375,22789.09912109375
Adolescent: 0.9 coverage,1991.0,cancer_deaths,22863.42578125,21094.40869140625,23904.0244140625
Adolescent: 0.9 coverage,1992.0,cancer_deaths,21912.022135416668,21674.1708984375,22209.3359375
Adolescent: 0.9 coverage,1993.0,cancer_deaths,24602.712076822918,23012.0830078125,27560.984375
Adolescent: 0.9 coverage,1994.0,cancer_deaths,24587.846354166668,24483.78759765625,24751.36865234375
Adolescent: 0.9 coverage,1995.0,cancer_deaths,26089.281412760418,24706.7724609375,26802.83447265625
Adolescent: 0.9 coverage,1996.0,cancer_deaths,26163.609375,24840.56396484375,28631.3125
Adolescent: 0.9 coverage,1997.0,cancer_deaths,26119.01220703125,25598.7138671875,26758.236328125
Adolescent: 0.9 coverage,1998.0,cancer_deaths,27650.177408854168,26892.02685546875,28452.9248046875
Adolescent: 0.9 coverage,1999.0,cancer_deaths,26877.161458333332,25554.11474609375,28096.1474609375
Adolescent: 0.9 coverage,2000.0,cancer_deaths,27337.997884114582,25955.4892578125,28185.341796875
Adolescent: 0.9 coverage,2001.0,cancer_deaths,28794.83544921875,28542.119140625,28988.08984375
Adolescent: 0.9 coverage,2002.0,cancer_deaths,28155.611002604168,26847.4306640625,29657.04443359375
Adolescent: 0.9 coverage,2003.0,cancer_deaths,28452.924153645832,27873.16259765625,29121.88037109375
Adolescent: 0.9 coverage,2004.0,cancer_deaths,29404.328450520832,27783.96826171875,31262.53955078125
Adolescent: 0.9 coverage,2005.0,cancer_deaths,28512.3876953125,27694.77490234375,29300.26904296875
Adolescent: 0.9 coverage,2006.0,cancer_deaths,31113.882486979168,29567.8515625,32823.43701171875
Adolescent: 0.9 coverage,2007.0,cancer_deaths,30073.284342447918,29300.26806640625,31039.5537109375
Adolescent: 0.9 coverage,2008.0,cancer_deaths,30043.552897135418,29657.04443359375,30459.79248046875
Adolescent: 0.9 coverage,2009.0,cancer_deaths,31470.657552083332,30905.76123046875,32020.6884765625
Adolescent: 0.9 coverage,2010.0,cancer_deaths,32050.419921875,30459.79150390625,35142.482421875
Adolescent: 0.9 coverage,2011.0,cancer_deaths,33016.689453125,31842.30029296875,35276.27197265625
Adolescent: 0.9 coverage,2012.0,cancer_deaths,33016.689290364586,31931.494140625,33626.1826171875
Adolescent: 0.9 coverage,2013.0,cancer_deaths,34711.377604166664,31396.330078125,37060.1552734375
Adolescent: 0.9 coverage,2014.0,cancer_deaths,35083.0185546875,33849.1669921875,35945.228515625
Adolescent: 0.9 coverage,2015.0,cancer_deaths,34027.555989583336,32555.8544921875,36524.9892578125
Adolescent: 0.9 coverage,2016.0,cancer_deaths,36718.244303385414,35677.64794921875,37327.7373046875
Adolescent: 0.9 coverage,2017.0,cancer_deaths,37134.482259114586,36569.5859375,37550.720703125
Adolescent: 0.9 coverage,2018.0,cancer_deaths,38903.4990234375,38085.8857421875,39869.7685546875
Adolescent: 0.9 coverage,2019.0,cancer_deaths,40434.664713541664,38665.6474609375,43036.16015625
Adolescent: 0.9 coverage,2020.0,cancer_deaths,41950.964192708336,41341.4716796875,43080.7568359375
Adolescent: 0.9 coverage,2021.0,cancer_deaths,42798.3095703125,41698.248046875,43437.53515625
Adolescent: 0.9 coverage,2022.0,cancer_deaths,41876.636393229164,40761.708984375,44061.892578125
Adolescent: 0.9 coverage,2023.0,cancer_deaths,45132.224609375,44730.8515625,45578.1953125
Adolescent: 0.9 coverage,2024.0,cancer_deaths,47035.030924479164,46336.34375,48120.2275390625
Adolescent: 0.9 coverage,2025.0,cancer_deaths,48283.748697916664,47005.298828125,50171.6923828125
Adolescent: 0.9 coverage,2026.0,cancer_deaths,47822.913411458336,46782.3134765625,49636.529296875
Adolescent: 0.9 coverage,2027.0,cancer_deaths,49577.065104166664,48387.8115234375,50483.8720703125
Adolescent: 0.9 coverage,2028.0,cancer_deaths,50558.200520833336,47763.44921875,52579.935546875
Adolescent: 0.9 coverage,2029.0,cancer_deaths,51806.9189453125,50796.052734375,52579.935546875
Adolescent: 0.9 coverage,2030.0,cancer_deaths,51227.158203125,47897.244140625,53873.25
Adolescent: 0.9 coverage,2031.0,cancer_deaths,53471.874674479164,52089.3662109375,54943.5771484375
Adolescent: 0.9 coverage,2032.0,cancer_deaths,54423.278971354164,53828.6513671875,55121.966796875
Adolescent: 0.9 coverage,2033.0,cancer_deaths,55389.549153645836,54453.0087890625,56816.65625
Adolescent: 0.9 coverage,2034.0,cancer_deaths,56846.3857421875,53784.0556640625,60518.208984375
Adolescent: 0.9 coverage,2035.0,cancer_deaths,56549.072265625,55746.32421875,57173.431640625
Adolescent: 0.9 coverage,2036.0,cancer_deaths,58050.505208333336,54274.6220703125,61008.7763671875
Adolescent: 0.9 coverage,2037.0,cancer_deaths,58303.221028645836,57530.205078125,59135.7001953125
Adolescent: 0.9 coverage,2038.0,cancer_deaths,60206.028971354164,58332.953125,62614.26953125
Adolescent: 0.9 coverage,2039.0,cancer_deaths,61425.014322916664,59849.25390625,62391.2822265625
Adolescent: 0.9 coverage,2040.0,cancer_deaths,62198.031901041664,60250.6279296875,63773.7958984375
Adolescent: 0.9 coverage,2041.0,cancer_deaths,61454.746744791664,60072.2373046875,63773.7939453125
Adolescent: 0.9 coverage,2042.0,cancer_deaths,62539.94140625,60295.2236328125,64398.1513671875
Adolescent: 0.9 coverage,2043.0,cancer_deaths,64621.138346354164,62881.8515625,65646.8720703125
Adolescent: 0.9 coverage,2044.0,cancer_deaths,65453.615559895836,61945.314453125,68055.1103515625
Adolescent: 0.9 coverage,2045.0,cancer_deaths,64606.271158854164,63773.7919921875,65780.6591796875
Adolescent: 0.9 coverage,2046.0,cancer_deaths,64308.956380208336,62614.2685546875,66806.3896484375
Adolescent: 0.9 coverage,2047.0,cancer_deaths,64992.779296875,64621.13671875,65513.0791015625
Adolescent: 0.9 coverage,2048.0,cancer_deaths,65869.8544921875,63996.7783203125,67832.123046875
Adolescent: 0.9 coverage,2049.0,cancer_deaths,68768.66080729167,68367.287109375,69393.01953125
Adolescent: 0.9 coverage,2050.0,cancer_deaths,66360.4208984375,65468.4794921875,67742.9296875
Adolescent: 0.9 coverage,2051.0,cancer_deaths,66211.76432291667,63818.390625,67787.52734375
Adolescent: 0.9 coverage,2052.0,cancer_deaths,65126.569661458336,61945.314453125,68099.705078125
Adolescent: 0.9 coverage,2053.0,cancer_deaths,65096.8369140625,61722.3271484375,67073.9736328125
Adolescent: 0.9 coverage,2054.0,cancer_deaths,63892.717447916664,61989.91015625,65022.509765625
Adolescent: 0.9 coverage,2055.0,cancer_deaths,64754.928385416664,61945.3134765625,66583.4091796875
Adolescent: 0.9 coverage,2056.0,cancer_deaths,64680.5986328125,63729.197265625,66003.6435546875
Adolescent: 0.9 coverage,2057.0,cancer_deaths,63461.613932291664,62302.08984375,64531.943359375
Adolescent: 0.9 coverage,2058.0,cancer_deaths,64427.883138020836,63194.03125,66226.630859375
Adolescent: 0.9 coverage,2059.0,cancer_deaths,63773.79296875,63283.2255859375,64621.1357421875
Adolescent: 0.9 coverage,2060.0,cancer_deaths,64338.689453125,62525.076171875,67207.765625
Adolescent: 0.9 coverage,2061.0,cancer_deaths,59938.446614583336,58957.3125,61276.357421875
Adolescent: 0.9 coverage,2062.0,cancer_deaths,62123.7021484375,60473.611328125,64219.763671875
Adolescent: 0.9 coverage,2063.0,cancer_deaths,59655.998372395836,56459.876953125,61320.9541015625
Adolescent: 0.9 coverage,2064.0,cancer_deaths,58422.148111979164,55701.7275390625,59804.65625
Adolescent: 0.9 coverage,2065.0,cancer_deaths,60592.537760416664,58645.1337890625,63060.240234375
Adolescent: 0.9 coverage,2066.0,cancer_deaths,59091.103515625,56236.892578125,60874.9853515625
Adolescent: 0.9 coverage,2067.0,cancer_deaths,59358.684895833336,58288.35546875,61097.9697265625
Adolescent: 0.9 coverage,2068.0,cancer_deaths,58273.4912109375,56593.66796875,59849.25390625
Adolescent: 0.9 coverage,2069.0,cancer_deaths,57797.789388020836,55077.369140625,59715.462890625
Adolescent: 0.9 coverage,2070.0,cancer_deaths,57188.296549479164,56058.50390625,58243.7607421875
Adolescent: 0.9 coverage,2071.0,cancer_deaths,56786.922526041664,55344.951171875,58600.53515625
Adolescent: 0.9 coverage,2072.0,cancer_deaths,56563.937825520836,54631.3994140625,58020.7744140625
Adolescent: 0.9 coverage,2073.0,cancer_deaths,56236.892578125,55478.7431640625,57262.625
Adolescent: 0.9 coverage,2074.0,cancer_deaths,58169.4306640625,57128.833984375,59091.1025390625
Adolescent: 0.9 coverage,2075.0,cancer_deaths,56192.295572916664,54809.787109375,57842.38671875
Adolescent: 0.9 coverage,2076.0,cancer_deaths,57976.177408854164,57574.8046875,58377.5498046875
Adolescent: 0.9 coverage,2077.0,cancer_deaths,56459.877604166664,55478.744140625,58154.564453125
Adolescent: 0.9 coverage,2078.0,cancer_deaths,56236.892578125,55077.3701171875,56995.0419921875
Adolescent: 0.9 coverage,2079.0,cancer_deaths,55538.205078125,53427.2783203125,58422.1474609375
Adolescent: 0.9 coverage,2080.0,cancer_deaths,56935.578450520836,52624.5302734375,60206.029296875
Adolescent: 0.9 coverage,2081.0,cancer_deaths,57247.7587890625,56995.041015625,57753.1923828125
Adolescent: 0.9 coverage,2082.0,cancer_deaths,56995.041666666664,55434.14453125,59447.8798828125
Adolescent: 0.9 coverage,2083.0,cancer_deaths,56816.654296875,53828.65234375,58823.521484375
Adolescent: 0.9 coverage,2084.0,cancer_deaths,57946.445638020836,56772.0576171875,59046.505859375
Adolescent: 0.9 coverage,2085.0,cancer_deaths,57307.222005208336,55344.9521484375,58466.7451171875
Adolescent: 0.9 coverage,2086.0,cancer_deaths,56712.594075520836,55434.1455078125,57619.400390625
Adolescent: 0.9 coverage,2087.0,cancer_deaths,57054.506184895836,56950.4462890625,57128.833984375
Adolescent: 0.9 coverage,2088.0,cancer_deaths,58139.699544270836,56370.68359375,59670.8642578125
Adolescent: 0.9 coverage,2089.0,cancer_deaths,59581.670247395836,57842.384765625,62748.0615234375
Adolescent: 0.9 coverage,2090.0,cancer_deaths,60473.6103515625,60116.833984375,61097.9697265625
Adolescent: 0.9 coverage,2091.0,cancer_deaths,60191.163736979164,59581.6708984375,60919.58203125
Adolescent: 0.9 coverage,2092.0,cancer_deaths,59908.71484375,58778.921875,61142.5673828125
Adolescent: 0.9 coverage,2093.0,cancer_deaths,62554.807942708336,61365.552734375,63506.2119140625
Adolescent: 0.9 coverage,2094.0,cancer_deaths,62004.77734375,61320.9580078125,62703.4638671875
Adolescent: 0.9 coverage,2095.0,cancer_deaths,63803.525390625,63461.615234375,64353.5556640625
Adolescent: 0.9 coverage,2096.0,cancer_deaths,63476.479817708336,62435.8818359375,65379.2880859375
Adolescent: 0.9 coverage,2097.0,cancer_deaths,66077.97526041667,64308.958984375,67698.333984375
Adolescent: 0.9 coverage,2098.0,cancer_deaths,63625.1357421875,61187.1640625,65245.494140625
Adolescent: 0.9 coverage,2099.0,cancer_deaths,67296.958984375,64977.912109375,68947.052734375
Adolescent: 0.9 coverage,2100.0,cancer_deaths,66836.12141927083,65423.8798828125,68278.091796875
Adolescent: 0.9 coverage,1960.0,cum_cancers,0.0,0.0,0.0
Adolescent: 0.9 coverage,1961.0,cum_cancers,44.59706115722656,44.59706115722656,44.59706115722656
Adolescent: 0.9 coverage,1962.0,cum_cancers,178.38824462890625,133.7911834716797,222.9853057861328
Adolescent: 0.9 coverage,1963.0,cum_cancers,460.8362986246745,401.37355041503906,535.1647338867188
Adolescent: 0.9 coverage,1964.0,cum_cancers,1189.2549692789714,1114.9265441894531,1248.7177124023438
Adolescent: 0.9 coverage,1965.0,cum_cancers,2452.838348388672,2363.644256591797,2586.6295013427734
Adolescent: 0.9 coverage,1966.0,cum_cancers,4325.914972941081,3790.750259399414,4816.48258972168
Adolescent: 0.9 coverage,1967.0,cum_cancers,6838.2161204020185,6421.976821899414,7224.723892211914
Adolescent: 0.9 coverage,1968.0,cum_cancers,10182.995559692383,9409.979873657227,10703.294570922852
Adolescent: 0.9 coverage,1969.0,cum_cancers,14954.88077290853,14003.476943969727,15965.747451782227
Adolescent: 0.9 coverage,1970.0,cum_cancers,21718.767979939777,19533.512100219727,24706.770889282227
Adolescent: 0.9 coverage,1971.0,cum_cancers,30400.328811645508,26446.05628967285,35097.88563537598
Adolescent: 0.9 coverage,1972.0,cum_cancers,40315.74124654134,35722.2442779541,45667.38832092285
Adolescent: 0.9 coverage,1973.0,cum_cancers,51479.871739705406,46916.10585021973,57218.02699279785
Adolescent: 0.9 coverage,1974.0,cum_cancers,64442.750157674156,57753.19105529785,71845.8624420166
Adolescent: 0.9 coverage,1975.0,cum_cancers,80527.42366027832,71355.2940826416,91379.3761138916
Adolescent: 0.9 coverage,1976.0,cum_cancers,97712.15827941895,87499.43006896973,109351.9933013916
Adolescent: 0.9 coverage,1977.0,cum_cancers,118866.03165181477,106765.36024475098,133077.63148498535
Adolescent: 0.9 coverage,1978.0,cum_cancers,141491.6088002523,128662.51795959473,156892.4640045166
Adolescent: 0.9 coverage,1979.0,cum_cancers,164726.67797342935,151317.82508850098,180930.2804107666
Adolescent: 0.9 coverage,1980.0,cum_cancers,189032.0767364502,173259.57899475098,206885.77113342285
Adolescent: 0.9 coverage,1981.0,cum_cancers,215492.99991353354,197743.36659240723,233956.1866607666
Adolescent: 0.9 coverage,1982.0,cum_cancers,245150.0466257731,224679.99208068848,263791.6231842041
Adolescent: 0.9 coverage,1983.0,cum_cancers,275074.6750437419,251349.03553771973,293181.0860748291
Adolescent: 0.9 coverage,1984.0,cum_cancers,307050.7681427002,280515.512588501,330464.23109436035
Adolescent: 0.9 coverage,1985.0,cum_cancers,340275.5793406169,315925.5804595947,363466.0567779541
Adolescent: 0.9 coverage,1986.0,cum_cancers,373069.286046346,344735.2830963135,398430.1534576416
Adolescent: 0.9 coverage,1987.0,cum_cancers,407141.44050598145,379520.9906158447,432992.8761138916
Adolescent: 0.9 coverage,1988.0,cum_cancers,441555.5064239502,414128.3099517822,466797.4503326416
Adolescent: 0.9 coverage,1989.0,cum_cancers,476579.06550598145,447932.883682251,503991.3975982666
Adolescent: 0.9 coverage,1990.0,cum_cancers,511959.40046691895,481692.8587799072,543013.8272857666
Adolescent: 0.9 coverage,1991.0,cum_cancers,549733.1104278564,519867.9427642822,579984.7891998291
Adolescent: 0.9 coverage,1992.0,cum_cancers,587105.4478302002,558221.4144439697,614369.1246490479
Adolescent: 0.9 coverage,1993.0,cum_cancers,623734.5010528564,593586.8851470947,650135.9659576416
Adolescent: 0.9 coverage,1994.0,cum_cancers,660541.9421335856,628550.9818267822,685813.6134185791
Adolescent: 0.9 coverage,1995.0,cum_cancers,698806.2194773356,666636.8704986572,722516.9942779541
Adolescent: 0.9 coverage,1996.0,cum_cancers,737709.7214304606,703652.4310455322,761940.7970123291
Adolescent: 0.9 coverage,1997.0,cum_cancers,775572.6263783773,743120.8304595947,796503.5186920166
Adolescent: 0.9 coverage,1998.0,cum_cancers,815145.0847117106,782633.8246002197,836596.2784576416
Adolescent: 0.9 coverage,1999.0,cum_cancers,856590.6208445231,824688.8538970947,877402.5909576416
Adolescent: 0.9 coverage,2000.0,cum_cancers,897723.9769643148,863889.6703033447,916558.8106842041
Adolescent: 0.9 coverage,2001.0,cum_cancers,938366.7650502523,903937.8294830322,957142.1237335205
Adolescent: 0.9 coverage,2002.0,cum_cancers,980778.570388794,947330.7718658447,1003746.054397583
Adolescent: 0.9 coverage,2003.0,cum_cancers,1023710.6735788981,988672.2464752197,1048387.710647583
Adolescent: 0.9 coverage,2004.0,cum_cancers,1065765.7015736897,1031084.0511627197,1089907.573928833
Adolescent: 0.9 coverage,2005.0,cum_cancers,1108712.6722768147,1074209.4105377197,1135753.355178833
Adolescent: 0.9 coverage,2006.0,cum_cancers,1152611.0466257732,1117334.7679595947,1179636.864944458
Adolescent: 0.9 coverage,2007.0,cum_cancers,1200300.1713002522,1163492.7240142822,1228782.827835083
Adolescent: 0.9 coverage,2008.0,cum_cancers,1245194.5459747314,1207955.9935455322,1274628.6061553955
Adolescent: 0.9 coverage,2009.0,cum_cancers,1292853.9405059814,1254158.5521392822,1324934.091506958
Adolescent: 0.9 coverage,2010.0,cum_cancers,1340320.0811309814,1301922.0072174072,1371716.4108428955
Adolescent: 0.9 coverage,2011.0,cum_cancers,1390759.3578236897,1350934.1790924072,1425277.480178833
Adolescent: 0.9 coverage,2012.0,cum_cancers,1442566.2780710857,1403291.1312408447,1477768.2213897705
Adolescent: 0.9 coverage,2013.0,cum_cancers,1496097.6188913982,1458546.8929595947,1528519.6764678955
Adolescent: 0.9 coverage,2014.0,cum_cancers,1549762.7497507732,1511305.2201080322,1583329.462600708
Adolescent: 0.9 coverage,2015.0,cum_cancers,1607694.3330841064,1564286.5326080322,1645363.974319458
Adolescent: 0.9 coverage,2016.0,cum_cancers,1665521.8548940022,1621995.1302642822,1701110.2995147705
Adolescent: 0.9 coverage,2017.0,cum_cancers,1726604.9636179607,1684208.0287017822,1763367.7995147705
Adolescent: 0.9 coverage,2018.0,cum_cancers,1790467.957107544,1748383.2005767822,1829416.0495147705
Adolescent: 0.9 coverage,2019.0,cum_cancers,1854033.6358184814,1809793.3538970947,1892788.474319458
Adolescent: 0.9 coverage,2020.0,cum_cancers,1916469.521560669,1872363.0326080322,1953618.8659210205
Adolescent: 0.9 coverage,2021.0,cum_cancers,1983067.8002065022,1936359.8187408447,2023859.2370147705
Adolescent: 0.9 coverage,2022.0,cum_cancers,2047703.8076934814,1998840.3040924072,2089952.081741333
Adolescent: 0.9 coverage,2023.0,cum_cancers,2115922.445714315,2067876.5579986572,2160415.437210083
Adolescent: 0.9 coverage,2024.0,cum_cancers,2181703.111078898,2133523.4320220947,2230076.046585083
Adolescent: 0.9 coverage,2025.0,cum_cancers,2252092.138748169,2203630.0121002197,2301921.911819458
Adolescent: 0.9 coverage,2026.0,cum_cancers,2323164.986078898,2276011.0413970947,2373946.163772583
Adolescent: 0.9 coverage,2027.0,cum_cancers,2396200.1045684814,2349328.6097564697,2448824.628616333
Adolescent: 0.9 coverage,2028.0,cum_cancers,2467986.508214315,2418766.2367095947,2525486.978225708
Adolescent: 0.9 coverage,2029.0,cum_cancers,2540516.195063273,2492262.1976470947,2597511.230178833
Adolescent: 0.9 coverage,2030.0,cum_cancers,2617416.3936309814,2568612.3675689697,2675377.696975708
Adolescent: 0.9 coverage,2031.0,cum_cancers,2693751.6983184814,2649243.8578033447,2753511.747756958
Adolescent: 0.9 coverage,2032.0,cum_cancers,2769611.300532023,2723810.1449127197,2830798.452835083
Adolescent: 0.9 coverage,2033.0,cum_cancers,2848815.67813619,2806448.4945220947,2909690.652053833
Adolescent: 0.9 coverage,2034.0,cum_cancers,2928584.95547994,2885474.4847564697,2992507.398147583
Adolescent: 0.9 coverage,2035.0,cum_cancers,3008800.2022247314,2967443.8851470947,3076439.066116333
Adolescent: 0.9 coverage,2036.0,cum_cancers,3090293.90079244,3049145.7015533447,3160192.349319458
Adolescent: 0.9 coverage,2037.0,cum_cancers,3171609.20547994,3134192.2933502197,3240823.833694458
Adolescent: 0.9 coverage,2038.0,cum_cancers,3252404.216547648,3213619.6566314697,3322837.833694458
Adolescent: 0.9 coverage,2039.0,cum_cancers,3338937.3799591064,3302902.9730377197,3408018.218460083
Adolescent: 0.9 coverage,2040.0,cum_cancers,3419955.375401815,3383980.4300689697,3489229.468460083
Adolescent: 0.9 coverage,2041.0,cum_cancers,3503723.5205841064,3465414.6378326416,3576550.511428833
Adolescent: 0.9 coverage,2042.0,cum_cancers,3588502.5342559814,3547027.2835845947,3666324.396194458
Adolescent: 0.9 coverage,2043.0,cum_cancers,3673965.3682403564,3634348.3324127197,3750880.421585083
Adolescent: 0.9 coverage,2044.0,cum_cancers,3756410.466547648,3716362.3265533447,3835614.833694458
Adolescent: 0.9 coverage,2045.0,cum_cancers,3842676.0479278564,3802791.4034576416,3921018.204788208
Adolescent: 0.9 coverage,2046.0,cum_cancers,3927157.745844523,3885652.7660064697,4005351.243850708
Adolescent: 0.9 coverage,2047.0,cum_cancers,4011342.133214315,3971412.9163970947,4090710.019241333
Adolescent: 0.9 coverage,2048.0,cum_cancers,4091200.601964315,4047718.4867095947,4172010.458694458
Adolescent: 0.9 coverage,2049.0,cum_cancers,4172724.0283966064,4130446.0355377197,4254292.032913208
Adolescent: 0.9 coverage,2050.0,cum_cancers,4254589.363032023,4210899.106582642,4341479.282913208
Adolescent: 0.9 coverage,2051.0,cum_cancers,4336722.2816518145,4289969.692520142,4423850.052444458
Adolescent: 0.9 coverage,2052.0,cum_cancers,4417814.6019643145,4369441.651504517,4504882.909866333
Adolescent: 0.9 coverage,2053.0,cum_cancers,4500215.101313273,4453819.286270142,4588056.425491333
Adolescent: 0.9 coverage,2054.0,cum_cancers,4580489.8089955645,4532756.079238892,4670115.017288208
Adolescent: 0.9 coverage,2055.0,cum_cancers,4660511.7992299395,4614859.30506897,4750523.513381958
Adolescent: 0.9 coverage,2056.0,cum_cancers,4738199.878005981,4689380.99256897,4830753.624710083
Adolescent: 0.9 coverage,2057.0,cum_cancers,4816259.5980580645,4765062.205459595,4912143.259475708
Adolescent: 0.9 coverage,2058.0,cum_cancers,4894824.753005981,4845470.70350647,4993220.718460083
Adolescent: 0.9 coverage,2059.0,cum_cancers,4972929.071365356,4923158.735488892,5070596.618850708
Adolescent: 0.9 coverage,2060.0,cum_cancers,5050750.941157023,5001248.184707642,5147615.743850708
Adolescent: 0.9 coverage,2061.0,cum_cancers,5127353.827875773,5077241.579238892,5224857.855178833
Adolescent: 0.9 coverage,2062.0,cum_cancers,5202767.4593861895,5151629.525772095,5300895.845413208
Adolescent: 0.9 coverage,2063.0,cum_cancers,5280173.089594523,5222449.66053772,5378673.112991333
Adolescent: 0.9 coverage,2064.0,cum_cancers,5357266.540766398,5297461.91444397,5455246.263381958
Adolescent: 0.9 coverage,2065.0,cum_cancers,5433646.440505981,5369263.18397522,5532220.788772583
Adolescent: 0.9 coverage,2066.0,cum_cancers,5509639.829828898,5441733.40663147,5613476.628616333
Adolescent: 0.9 coverage,2067.0,cum_cancers,5584339.905349731,5515140.166397095,5690451.155960083
Adolescent: 0.9 coverage,2068.0,cum_cancers,5660749.536209106,5590910.57069397,5768540.609085083
Adolescent: 0.9 coverage,2069.0,cum_cancers,5737278.088943481,5665298.463272095,5847611.193069458
Adolescent: 0.9 coverage,2070.0,cum_cancers,5814148.551834106,5739240.385147095,5927618.318069458
Adolescent: 0.9 coverage,2071.0,cum_cancers,5891762.2992299395,5812914.72694397,6009052.544631958
Adolescent: 0.9 coverage,2072.0,cum_cancers,5964827.145584106,5885830.91444397,6080898.405960083
Adolescent: 0.9 coverage,2073.0,cum_cancers,6040627.2816518145,5957765.96913147,6157917.530960083
Adolescent: 0.9 coverage,2074.0,cum_cancers,6116234.163813273,6032198.463272095,6235917.788772583
Adolescent: 0.9 coverage,2075.0,cum_cancers,6192807.317459106,6106720.15272522,6312490.943069458
Adolescent: 0.9 coverage,2076.0,cum_cancers,6270391.335688273,6181955.392959595,6391561.529006958
Adolescent: 0.9 coverage,2077.0,cum_cancers,6348495.653396606,6258439.35194397,6469160.413772583
Adolescent: 0.9 coverage,2078.0,cum_cancers,6427060.806391398,6335949.041397095,6547517.446975708
Adolescent: 0.9 coverage,2079.0,cum_cancers,6504838.077875773,6413503.32850647,6623510.837600708
Adolescent: 0.9 coverage,2080.0,cum_cancers,6583150.514724731,6489898.092178345,6702715.216506958
Adolescent: 0.9 coverage,2081.0,cum_cancers,6662280.566157023,6567452.381240845,6781830.402053833
Adolescent: 0.9 coverage,2082.0,cum_cancers,6741767.390375773,6644471.50038147,6859830.659866333
Adolescent: 0.9 coverage,2083.0,cum_cancers,6822265.079177856,6725816.533584595,6939436.405960083
Adolescent: 0.9 coverage,2084.0,cum_cancers,6903833.0961049395,6807206.16053772,7019978.695022583
Adolescent: 0.9 coverage,2085.0,cum_cancers,6987660.697016398,6890112.092178345,7103508.978225708
Adolescent: 0.9 coverage,2086.0,cum_cancers,7073138.388422648,6974578.920303345,7192034.134475708
Adolescent: 0.9 coverage,2087.0,cum_cancers,7155821.3324330645,7055567.17616272,7272888.599319458
Adolescent: 0.9 coverage,2088.0,cum_cancers,7241819.3226674395,7143423.373428345,7358827.128616333
Adolescent: 0.9 coverage,2089.0,cum_cancers,7327772.7171986895,7229317.303115845,7445300.821975708
Adolescent: 0.9 coverage,2090.0,cum_cancers,7419181.8148549395,7321231.83631897,7535297.679397583
Adolescent: 0.9 coverage,2091.0,cum_cancers,7506666.370193481,7407750.119522095,7624982.357131958
Adolescent: 0.9 coverage,2092.0,cum_cancers,7595815.883865356,7497746.97694397,7711411.450881958
Adolescent: 0.9 coverage,2093.0,cum_cancers,7684816.743240356,7584577.44569397,7801006.939163208
Adolescent: 0.9 coverage,2094.0,cum_cancers,7774917.6605580645,7674172.93006897,7891092.989944458
Adolescent: 0.9 coverage,2095.0,cum_cancers,7868110.644282023,7771572.90663147,7980331.700881958
Adolescent: 0.9 coverage,2096.0,cum_cancers,7962359.090896606,7866520.037490845,8072736.802444458
Adolescent: 0.9 coverage,2097.0,cum_cancers,8055448.016677856,7961868.54725647,8164785.132522583
Adolescent: 0.9 coverage,2098.0,cum_cancers,8149503.2093861895,8056637.295303345,8258483.546585083
Adolescent: 0.9 coverage,2099.0,cum_cancers,8244792.254959106,8154527.838272095,8352494.140335083
Adolescent: 0.9 coverage,2100.0,cum_cancers,8341642.200922648,8252418.38319397,8451767.196975708
Infants: 0.528 efficacy,1960.0,cancers,0.0,0.0,0.0
Infants: 0.528 efficacy,1961.0,cancers,44.59706115722656,44.59706115722656,44.59706115722656
Infants: 0.528 efficacy,1962.0,cancers,133.7911834716797,89.19412231445312,178.38824462890625
Infants: 0.528 efficacy,1963.0,cancers,282.44805399576825,267.5823669433594,312.17942810058594
Infants: 0.528 efficacy,1964.0,cancers,728.4186706542969,668.9559326171875,802.7471008300781
Infants: 0.528 efficacy,1965.0,cancers,1263.5833791097004,1114.9265441894531,1471.7029571533203
Infants: 0.528 efficacy,1966.0,cancers,1873.076624552409,1427.1060028076172,2229.8530883789062
Infants: 0.528 efficacy,1967.0,cancers,2512.3011474609375,2408.2413024902344,2631.2265625
Infants: 0.528 efficacy,1968.0,cancers,3344.7794392903647,2988.0030517578125,3835.346923828125
Infants: 0.528 efficacy,1969.0,cancers,4771.8852132161455,4459.7056884765625,5262.452880859375
Infants: 0.528 efficacy,1970.0,cancers,6763.88720703125,5530.03515625,8741.0234375
Infants: 0.528 efficacy,1971.0,cancers,8681.560831705729,6912.544189453125,10391.11474609375
Infants: 0.528 efficacy,1972.0,cancers,9915.412434895834,9276.18798828125,10569.502685546875
Infants: 0.528 efficacy,1973.0,cancers,11164.130493164062,10747.891235351562,11550.638671875
Infants: 0.528 efficacy,1974.0,cancers,12962.87841796875,10837.085205078125,14627.83544921875
Infants: 0.528 efficacy,1975.0,cancers,16084.673502604166,13602.10302734375,19533.513671875
Infants: 0.528 efficacy,1976.0,cancers,17184.734619140625,16144.135986328125,17972.6171875
Infants: 0.528 efficacy,1977.0,cancers,21153.873372395832,19265.93017578125,23725.63818359375
Infants: 0.528 efficacy,1978.0,cancers,22625.5771484375,21897.15771484375,23814.83251953125
Infants: 0.528 efficacy,1979.0,cancers,23235.069173177082,22655.30712890625,24037.81640625
Infants: 0.528 efficacy,1980.0,cancers,24305.398763020832,21941.75390625,25955.49072265625
Infants: 0.528 efficacy,1981.0,cancers,26460.923177083332,24483.78759765625,27828.56640625
Infants: 0.528 efficacy,1982.0,cancers,29657.046712239582,26936.62548828125,32199.078125
Infants: 0.528 efficacy,1983.0,cancers,29924.62841796875,26669.04345703125,33715.37890625
Infants: 0.528 efficacy,1984.0,cancers,31976.093098958332,29166.47705078125,37283.14501953125
Infants: 0.528 efficacy,1985.0,cancers,33224.811197916664,31262.5400390625,35410.06787109375
Infants: 0.528 efficacy,1986.0,cancers,32793.706705729164,28809.70263671875,34964.0966796875
Infants: 0.528 efficacy,1987.0,cancers,34072.154459635414,32868.033203125,34785.70751953125
Infants: 0.528 efficacy,1988.0,cancers,34414.06591796875,33804.57421875,34830.30419921875
Infants: 0.528 efficacy,1989.0,cancers,35023.55908203125,33804.57373046875,37193.947265625
Infants: 0.528 efficacy,1990.0,cancers,35380.3349609375,33358.60009765625,39022.4296875
Infants: 0.528 efficacy,1991.0,cancers,37773.7099609375,36970.9619140625,38175.083984375
Infants: 0.528 efficacy,1992.0,cancers,37372.33740234375,34384.33544921875,39379.205078125
Infants: 0.528 efficacy,1993.0,cancers,36629.05322265625,35365.470703125,38754.84765625
Infants: 0.528 efficacy,1994.0,cancers,36807.441080729164,34964.0966796875,39780.5791015625
Infants: 0.528 efficacy,1995.0,cancers,38264.27734375,36703.380859375,40003.5625
Infants: 0.528 efficacy,1996.0,cancers,38903.501953125,37015.560546875,40271.142578125
Infants: 0.528 efficacy,1997.0,cancers,37862.904947916664,34562.7216796875,39557.59375
Infants: 0.528 efficacy,1998.0,cancers,39572.458333333336,39111.62109375,40092.759765625
Infants: 0.528 efficacy,1999.0,cancers,41445.5361328125,40806.3125,42055.029296875
Infants: 0.528 efficacy,2000.0,cancers,41133.356119791664,39156.2197265625,45043.0322265625
Infants: 0.528 efficacy,2001.0,cancers,40642.7880859375,37461.53125,44418.673828125
Infants: 0.528 efficacy,2002.0,cancers,42411.805338541664,37238.54296875,46603.9306640625
Infants: 0.528 efficacy,2003.0,cancers,42932.103190104164,41341.474609375,44641.65625
Infants: 0.528 efficacy,2004.0,cancers,42055.027994791664,41519.86328125,42411.8046875
Infants: 0.528 efficacy,2005.0,cancers,42946.970703125,39869.771484375,45845.78125
Infants: 0.528 efficacy,2006.0,cancers,43898.374348958336,43125.357421875,44686.255859375
Infants: 0.528 efficacy,2007.0,cancers,47689.124674479164,46157.9560546875,49145.962890625
Infants: 0.528 efficacy,2008.0,cancers,44894.374674479164,44374.076171875,45845.7783203125
Infants: 0.528 efficacy,2009.0,cancers,47659.39453125,46202.55859375,50305.4853515625
Infants: 0.528 efficacy,2010.0,cancers,47466.140625,46782.3193359375,47852.6474609375
Infants: 0.528 efficacy,2011.0,cancers,50439.276692708336,48744.5888671875,53561.0693359375
Infants: 0.528 efficacy,2012.0,cancers,51806.920247395836,50573.0673828125,52490.7412109375
Infants: 0.528 efficacy,2013.0,cancers,53531.3408203125,50751.455078125,55255.76171875
Infants: 0.528 efficacy,2014.0,cancers,53665.130859375,52758.3271484375,54809.7861328125
Infants: 0.528 efficacy,2015.0,cancers,57931.583333333336,52981.3125,62034.51171875
Infants: 0.528 efficacy,2016.0,cancers,57827.521809895836,55746.3251953125,60027.642578125
Infants: 0.528 efficacy,2017.0,cancers,61083.108723958336,58778.927734375,62257.5
Infants: 0.528 efficacy,2018.0,cancers,63862.993489583336,61365.55859375,66048.25
Infants: 0.528 efficacy,2019.0,cancers,63565.6787109375,61410.1533203125,65914.4580078125
Infants: 0.528 efficacy,2020.0,cancers,62435.8857421875,60830.3916015625,63907.5869140625
Infants: 0.528 efficacy,2021.0,cancers,66598.27864583333,63996.7861328125,70240.37109375
Infants: 0.528 efficacy,2022.0,cancers,64636.007486979164,62480.4853515625,66092.8447265625
Infants: 0.528 efficacy,2023.0,cancers,68218.63802083333,65156.3046875,70463.35546875
Infants: 0.528 efficacy,2024.0,cancers,65780.66536458333,62034.5126953125,69660.609375
Infants: 0.528 efficacy,2025.0,cancers,70597.14908854167,70061.984375,71489.091796875
Infants: 0.528 efficacy,2026.0,cancers,71726.93880208333,68545.6796875,73897.330078125
Infants: 0.528 efficacy,2027.0,cancers,71295.8359375,68902.458984375,72827.001953125
Infants: 0.528 efficacy,2028.0,cancers,73064.85188802083,68590.279296875,78223.2470703125
Infants: 0.528 efficacy,2029.0,cancers,72708.07486979167,70418.759765625,75502.822265625
Infants: 0.528 efficacy,2030.0,cancers,75146.04817708333,73718.943359375,76573.154296875
Infants: 0.528 efficacy,2031.0,cancers,75309.57063802083,69393.0244140625,79115.1875
Infants: 0.528 efficacy,2032.0,cancers,75919.06575520833,74923.064453125,77242.11328125
Infants: 0.528 efficacy,2033.0,cancers,79442.23177083333,75636.615234375,83262.712890625
Infants: 0.528 efficacy,2034.0,cancers,79278.7109375,78357.037109375,80943.669921875
Infants: 0.528 efficacy,2035.0,cancers,80720.6796875,76796.134765625,84957.400390625
Infants: 0.528 efficacy,2036.0,cancers,79234.11263020833,75101.44921875,83842.478515625
Infants: 0.528 efficacy,2037.0,cancers,79174.65104166667,74432.49609375,83396.5078125
Infants: 0.528 efficacy,2038.0,cancers,82311.30989583333,79516.560546875,83976.267578125
Infants: 0.528 efficacy,2039.0,cancers,84838.47591145833,82326.173828125,86473.701171875
Infants: 0.528 efficacy,2040.0,cancers,83738.41666666667,82772.150390625,84600.62109375
Infants: 0.528 efficacy,2041.0,cancers,86711.552734375,84020.861328125,90532.03515625
Infants: 0.528 efficacy,2042.0,cancers,85373.64127604167,79917.935546875,89327.912109375
Infants: 0.528 efficacy,2043.0,cancers,87484.57161458333,86295.31640625,88971.140625
Infants: 0.528 efficacy,2044.0,cancers,83604.62434895833,81880.20703125,85046.595703125
Infants: 0.528 efficacy,2045.0,cancers,86562.89908854167,83842.48046875,89238.720703125
Infants: 0.528 efficacy,2046.0,cancers,89744.15169270833,86161.51953125,91825.34765625
Infants: 0.528 efficacy,2047.0,cancers,87231.85091145833,84154.650390625,90398.2421875
Infants: 0.528 efficacy,2048.0,cancers,88867.07747395833,83173.51953125,92494.302734375
Infants: 0.528 efficacy,2049.0,cancers,89313.046875,87633.224609375,91022.599609375
Infants: 0.528 efficacy,2050.0,cancers,89625.2265625,87633.22265625,91022.6015625
Infants: 0.528 efficacy,2051.0,cancers,89877.94205729167,86830.474609375,93564.6328125
Infants: 0.528 efficacy,2052.0,cancers,87796.74674479167,82415.369140625,90978.00390625
Infants: 0.528 efficacy,2053.0,cancers,88911.67252604167,87231.8515625,90532.03125
Infants: 0.528 efficacy,2054.0,cancers,87499.431640625,83708.68359375,94144.396484375
Infants: 0.528 efficacy,2055.0,cancers,88465.70182291667,83039.724609375,93698.423828125
Infants: 0.528 efficacy,2056.0,cancers,88376.50846354167,86785.87890625,91067.201171875
Infants: 0.528 efficacy,2057.0,cancers,88896.80729166667,85983.134765625,92003.734375
Infants: 0.528 efficacy,2058.0,cancers,85730.41536458333,81701.81640625,87767.017578125
Infants: 0.528 efficacy,2059.0,cancers,86993.99674479167,84422.234375,91602.357421875
Infants: 0.528 efficacy,2060.0,cancers,87202.119140625,83887.068359375,90621.228515625
Infants: 0.528 efficacy,2061.0,cancers,88361.640625,85715.544921875,93653.828125
Infants: 0.528 efficacy,2062.0,cancers,87945.400390625,82147.783203125,94590.361328125
Infants: 0.528 efficacy,2063.0,cancers,88198.11848958333,87276.4453125,89283.314453125
Infants: 0.528 efficacy,2064.0,cancers,88406.23697916667,86339.908203125,90353.640625
Infants: 0.528 efficacy,2065.0,cancers,87127.787109375,83708.681640625,92271.3125
Infants: 0.528 efficacy,2066.0,cancers,90160.390625,87008.869140625,94590.361328125
Infants: 0.528 efficacy,2067.0,cancers,87380.50455729167,86607.490234375,87900.8046875
Infants: 0.528 efficacy,2068.0,cancers,90204.984375,87544.029296875,92003.732421875
Infants: 0.528 efficacy,2069.0,cancers,89521.16471354167,87276.447265625,92271.314453125
Infants: 0.528 efficacy,2070.0,cancers,87231.845703125,85358.76953125,90398.236328125
Infants: 0.528 efficacy,2071.0,cancers,88450.83333333333,85135.78515625,93520.03125
Infants: 0.528 efficacy,2072.0,cancers,87306.17447916667,81791.005859375,92271.314453125
Infants: 0.528 efficacy,2073.0,cancers,87826.47526041667,84912.80078125,92583.494140625
Infants: 0.528 efficacy,2074.0,cancers,88361.63932291667,86785.875,91379.375
Infants: 0.528 efficacy,2075.0,cancers,90368.51106770833,88257.580078125,92137.53125
Infants: 0.528 efficacy,2076.0,cancers,85492.564453125,83084.32421875,89060.330078125
Infants: 0.528 efficacy,2077.0,cancers,90784.75130208333,84466.8359375,94813.3515625
Infants: 0.528 efficacy,2078.0,cancers,87900.806640625,85046.591796875,91156.39453125
Infants: 0.528 efficacy,2079.0,cancers,91379.37369791667,89863.076171875,93609.224609375
Infants: 0.528 efficacy,2080.0,cancers,89075.193359375,88034.59375,89729.283203125
Infants: 0.528 efficacy,2081.0,cancers,90487.43294270833,90041.462890625,90710.41796875
Infants: 0.528 efficacy,2082.0,cancers,90413.10481770833,87945.400390625,93876.810546875
Infants: 0.528 efficacy,2083.0,cancers,91736.150390625,89640.08984375,93832.2109375
Infants: 0.528 efficacy,2084.0,cancers,92479.43294270833,91334.77734375,93475.43359375
Infants: 0.528 efficacy,2085.0,cancers,92880.806640625,89996.865234375,95036.33203125
Infants: 0.528 efficacy,2086.0,cancers,92702.41861979167,90621.224609375,94634.955078125
Infants: 0.528 efficacy,2087.0,cancers,94605.224609375,92940.271484375,95571.49609375
Infants: 0.528 efficacy,2088.0,cancers,96314.779296875,94813.34375,97132.39453125
Infants: 0.528 efficacy,2089.0,cancers,96151.255859375,95080.92578125,98024.333984375
Infants: 0.528 efficacy,2090.0,cancers,95333.642578125,94501.1640625,96329.640625
Infants: 0.528 efficacy,2091.0,cancers,98529.763671875,95170.123046875,103286.78125
Infants: 0.528 efficacy,2092.0,cancers,96939.13671875,94724.15234375,98916.26953125
Infants: 0.528 efficacy,2093.0,cancers,100997.46875,100521.763671875,101235.322265625
Infants: 0.528 efficacy,2094.0,cancers,101428.57291666667,99317.6484375,102796.212890625
Infants: 0.528 efficacy,2095.0,cancers,97786.47916666667,94501.162109375,102439.439453125
Infants: 0.528 efficacy,2096.0,cancers,97221.5859375,93921.40234375,100120.39453125
Infants: 0.528 efficacy,2097.0,cancers,98083.794921875,96195.853515625,99228.451171875
Infants: 0.528 efficacy,2098.0,cancers,99748.75260416667,97935.13671875,100700.15625
Infants: 0.528 efficacy,2099.0,cancers,101517.76822916667,98648.69140625,105026.0703125
Infants: 0.528 efficacy,2100.0,cancers,104832.81705729167,100254.18359375,109129.00390625
Infants: 0.528 efficacy,1960.0,cancer_deaths,0.0,0.0,0.0
Infants: 0.528 efficacy,1961.0,cancer_deaths,0.0,0.0,0.0
Infants: 0.528 efficacy,1962.0,cancer_deaths,0.0,0.0,0.0
Infants: 0.528 efficacy,1963.0,cancer_deaths,0.0,0.0,0.0
Infants: 0.528 efficacy,1964.0,cancer_deaths,0.0,0.0,0.0
Infants: 0.528 efficacy,1965.0,cancer_deaths,0.0,0.0,0.0
Infants: 0.528 efficacy,1966.0,cancer_deaths,29.731374104817707,0.0,44.59706115722656
Infants: 0.528 efficacy,1967.0,cancer_deaths,59.462748209635414,0.0,133.7911834716797
Infants: 0.528 efficacy,1968.0,cancer_deaths,104.05980936686198,44.59706115722656,133.7911834716797
Infants: 0.528 efficacy,1969.0,cancer_deaths,282.44805399576825,178.38824462890625,356.7764892578125
Infants: 0.528 efficacy,1970.0,cancer_deaths,445.9706115722656,356.7764892578125,490.5676727294922
Infants: 0.528 efficacy,1971.0,cancer_deaths,535.1647338867188,356.7764892578125,668.9559173583984
Infants: 0.528 efficacy,1972.0,cancer_deaths,981.1353454589844,802.7471008300781,1248.7176971435547
Infants: 0.528 efficacy,1973.0,cancer_deaths,1694.6882019042969,1471.7029724121094,1873.0763854980469
Infants: 0.528 efficacy,1974.0,cancer_deaths,2214.9871826171875,1962.2705078125,2675.823486328125
Infants: 0.528 efficacy,1975.0,cancer_deaths,3181.2567545572915,2631.226318359375,3656.958740234375
Infants: 0.528 efficacy,1976.0,cancer_deaths,4623.228434244792,3523.1676025390625,5530.035400390625
Infants: 0.528 efficacy,1977.0,cancer_deaths,5500.304036458333,4861.0794677734375,6734.156005859375
Infants: 0.528 efficacy,1978.0,cancer_deaths,6689.5590413411455,5842.21484375,7403.112060546875
Infants: 0.528 efficacy,1979.0,cancer_deaths,7388.2463785807295,7269.321044921875,7581.500244140625
Infants: 0.528 efficacy,1980.0,cancer_deaths,9082.935750325521,8072.0682373046875,10480.310791015625
Infants: 0.528 efficacy,1981.0,cancer_deaths,10331.654256184896,9677.564086914062,11595.2373046875
Infants: 0.528 efficacy,1982.0,cancer_deaths,11743.894694010416,10391.116455078125,13111.5380859375
Infants: 0.528 efficacy,1983.0,cancer_deaths,13468.312825520834,12174.99853515625,14226.46240234375
Infants: 0.528 efficacy,1984.0,cancer_deaths,14642.702311197916,13691.29931640625,16233.330078125
Infants: 0.528 efficacy,1985.0,cancer_deaths,16723.89794921875,14627.8369140625,18641.5703125
Infants: 0.528 efficacy,1986.0,cancer_deaths,17437.45068359375,14895.4189453125,19355.1240234375
Infants: 0.528 efficacy,1987.0,cancer_deaths,18463.182291666668,17303.6591796875,19176.734375
Infants: 0.528 efficacy,1988.0,cancer_deaths,20960.617838541668,18775.36083984375,22878.29248046875
Infants: 0.528 efficacy,1989.0,cancer_deaths,20410.58740234375,20113.27294921875,21005.21533203125
Infants: 0.528 efficacy,1990.0,cancer_deaths,22268.798828125,21629.57177734375,22789.09912109375
Infants: 0.528 efficacy,1991.0,cancer_deaths,22863.42578125,21094.40869140625,23904.0244140625
Infants: 0.528 efficacy,1992.0,cancer_deaths,21912.022135416668,21674.1708984375,22209.3359375
Infants: 0.528 efficacy,1993.0,cancer_deaths,24602.712076822918,23012.0830078125,27560.984375
Infants: 0.528 efficacy,1994.0,cancer_deaths,24587.846354166668,24483.78759765625,24751.36865234375
Infants: 0.528 efficacy,1995.0,cancer_deaths,26089.281412760418,24706.7724609375,26802.83447265625
Infants: 0.528 efficacy,1996.0,cancer_deaths,26163.609375,24840.56396484375,28631.3125
Infants: 0.528 efficacy,1997.0,cancer_deaths,26119.01220703125,25598.7138671875,26758.236328125
Infants: 0.528 efficacy,1998.0,cancer_deaths,27650.177408854168,26892.02685546875,28452.9248046875
Infants: 0.528 efficacy,1999.0,cancer_deaths,26877.161458333332,25554.11474609375,28096.1474609375
Infants: 0.528 efficacy,2000.0,cancer_deaths,27337.997884114582,25955.4892578125,28185.341796875
Infants: 0.528 efficacy,2001.0,cancer_deaths,28794.83544921875,28542.119140625,28988.08984375
Infants: 0.528 efficacy,2002.0,cancer_deaths,28155.611002604168,26847.4306640625,29657.04443359375
Infants: 0.528 efficacy,2003.0,cancer_deaths,28452.924153645832,27873.16259765625,29121.88037109375
Infants: 0.528 efficacy,2004.0,cancer_deaths,29404.328450520832,27783.96826171875,31262.53955078125
Infants: 0.528 efficacy,2005.0,cancer_deaths,28512.3876953125,27694.77490234375,29300.26904296875
Infants: 0.528 efficacy,2006.0,cancer_deaths,31113.882486979168,29567.8515625,32823.43701171875
Infants: 0.528 efficacy,2007.0,cancer_deaths,30073.284342447918,29300.26806640625,31039.5537109375
Infants: 0.528 efficacy,2008.0,cancer_deaths,30043.552897135418,29657.04443359375,30459.79248046875
Infants: 0.528 efficacy,2009.0,cancer_deaths,31470.657552083332,30905.76123046875,32020.6884765625
Infants: 0.528 efficacy,2010.0,cancer_deaths,32050.419921875,30459.79150390625,35142.482421875
Infants: 0.528 efficacy,2011.0,cancer_deaths,33016.689453125,31842.30029296875,35276.27197265625
Infants: 0.528 efficacy,2012.0,cancer_deaths,33016.689290364586,31931.494140625,33626.1826171875
Infants: 0.528 efficacy,2013.0,cancer_deaths,34711.377604166664,31396.330078125,37060.1552734375
Infants: 0.528 efficacy,2014.0,cancer_deaths,35083.0185546875,33849.1669921875,35945.228515625
Infants: 0.528 efficacy,2015.0,cancer_deaths,34027.555989583336,32555.8544921875,36524.9892578125
Infants: 0.528 efficacy,2016.0,cancer_deaths,36718.244303385414,35677.64794921875,37327.7373046875
Infants: 0.528 efficacy,2017.0,cancer_deaths,37134.482259114586,36569.5859375,37550.720703125
Infants: 0.528 efficacy,2018.0,cancer_deaths,38903.4990234375,38085.8857421875,39869.7685546875
Infants: 0.528 efficacy,2019.0,cancer_deaths,40434.664713541664,38665.6474609375,43036.16015625
Infants: 0.528 efficacy,2020.0,cancer_deaths,41950.964192708336,41341.4716796875,43080.7568359375
Infants: 0.528 efficacy,2021.0,cancer_deaths,42798.3095703125,41698.248046875,43437.53515625
Infants: 0.528 efficacy,2022.0,cancer_deaths,41876.636393229164,40761.708984375,44061.892578125
Infants: 0.528 efficacy,2023.0,cancer_deaths,45132.224609375,44730.8515625,45578.1953125
Infants: 0.528 efficacy,2024.0,cancer_deaths,47035.030924479164,46336.34375,48120.2275390625
Infants: 0.528 efficacy,2025.0,cancer_deaths,48328.346354166664,47049.896484375,50216.2900390625
Infants: 0.528 efficacy,2026.0,cancer_deaths,47763.450846354164,46559.330078125,49725.72265625
Infants: 0.528 efficacy,2027.0,cancer_deaths,50052.767252604164,49190.5576171875,50528.46875
Infants: 0.528 efficacy,2028.0,cancer_deaths,50469.006184895836,48343.2109375,52446.142578125
Infants: 0.528 efficacy,2029.0,cancer_deaths,51836.650390625,50662.26171875,52579.9345703125
Infants: 0.528 efficacy,2030.0,cancer_deaths,51524.470052083336,48744.5849609375,53650.2626953125
Infants: 0.528 efficacy,2031.0,cancer_deaths,53308.353190104164,51598.7978515625,54497.6083984375
Infants: 0.528 efficacy,2032.0,cancer_deaths,55835.518880208336,55166.5625,56459.8779296875
Infants: 0.528 efficacy,2033.0,cancer_deaths,55493.607747395836,54363.81640625,57039.6376953125
Infants: 0.528 efficacy,2034.0,cancer_deaths,55300.354817708336,52044.7705078125,58466.7451171875
Infants: 0.528 efficacy,2035.0,cancer_deaths,57322.086588541664,56192.294921875,58199.162109375
Infants: 0.528 efficacy,2036.0,cancer_deaths,58273.490885416664,54765.19140625,60562.8056640625
Infants: 0.528 efficacy,2037.0,cancer_deaths,57470.743815104164,56326.087890625,58689.7294921875
Infants: 0.528 efficacy,2038.0,cancer_deaths,59893.849934895836,59046.505859375,61454.7470703125
Infants: 0.528 efficacy,2039.0,cancer_deaths,60012.774739583336,59447.8798828125,60830.38671875
Infants: 0.528 efficacy,2040.0,cancer_deaths,61380.41796875,60473.611328125,61900.716796875
Infants: 0.528 efficacy,2041.0,cancer_deaths,61989.911783854164,58377.5517578125,65423.8837890625
Infants: 0.528 efficacy,2042.0,cancer_deaths,64071.106119791664,61454.7470703125,67073.97265625
Infants: 0.528 efficacy,2043.0,cancer_deaths,62777.791666666664,60562.8037109375,64041.3759765625
Infants: 0.528 efficacy,2044.0,cancer_deaths,64011.643880208336,59180.2978515625,67832.1259765625
Infants: 0.528 efficacy,2045.0,cancer_deaths,65081.97265625,61320.9541015625,69482.2138671875
Infants: 0.528 efficacy,2046.0,cancer_deaths,66791.52766927083,65111.705078125,67698.3349609375
Infants: 0.528 efficacy,2047.0,cancer_deaths,66405.01953125,66003.646484375,67163.169921875
Infants: 0.528 efficacy,2048.0,cancer_deaths,67430.7509765625,65736.0625,68724.064453125
Infants: 0.528 efficacy,2049.0,cancer_deaths,68709.20052083333,65468.482421875,70329.560546875
Infants: 0.528 efficacy,2050.0,cancer_deaths,67296.9599609375,66405.0185546875,67965.91796875
Infants: 0.528 efficacy,2051.0,cancer_deaths,68322.69173177083,66360.4228515625,69883.58984375
Infants: 0.528 efficacy,2052.0,cancer_deaths,68649.736328125,66717.19921875,70418.751953125
Infants: 0.528 efficacy,2053.0,cancer_deaths,70864.724609375,69170.037109375,73228.369140625
Infants: 0.528 efficacy,2054.0,cancer_deaths,68961.91569010417,67252.3642578125,70329.55859375
Infants: 0.528 efficacy,2055.0,cancer_deaths,68887.587890625,68322.689453125,69660.603515625
Infants: 0.528 efficacy,2056.0,cancer_deaths,67921.3193359375,67207.767578125,69080.8408203125
Infants: 0.528 efficacy,2057.0,cancer_deaths,69348.42220052083,66315.8251953125,71176.8984375
Infants: 0.528 efficacy,2058.0,cancer_deaths,70612.00651041667,65602.271484375,73718.93359375
Infants: 0.528 efficacy,2059.0,cancer_deaths,68738.931640625,66583.408203125,69972.783203125
Infants: 0.528 efficacy,2060.0,cancer_deaths,69987.64876302083,69437.6201171875,70463.34765625
Infants: 0.528 efficacy,2061.0,cancer_deaths,67787.52864583333,66761.794921875,68634.875
Infants: 0.528 efficacy,2062.0,cancer_deaths,70389.02115885417,68724.0634765625,72068.84375
Infants: 0.528 efficacy,2063.0,cancer_deaths,67802.39290364583,65423.8837890625,70329.556640625
Infants: 0.528 efficacy,2064.0,cancer_deaths,67207.76529947917,65602.2705078125,69794.39453125
Infants: 0.528 efficacy,2065.0,cancer_deaths,67832.12565104167,67475.3515625,68188.8994140625
Infants: 0.528 efficacy,2066.0,cancer_deaths,68961.91796875,65423.88671875,71622.876953125
Infants: 0.528 efficacy,2067.0,cancer_deaths,68501.07845052083,65022.5107421875,71979.646484375
Infants: 0.528 efficacy,2068.0,cancer_deaths,66836.12369791667,66449.615234375,67430.751953125
Infants: 0.528 efficacy,2069.0,cancer_deaths,66330.6904296875,60874.9873046875,70284.9609375
Infants: 0.528 efficacy,2070.0,cancer_deaths,67475.34895833333,64353.556640625,70061.978515625
Infants: 0.528 efficacy,2071.0,cancer_deaths,68367.28776041667,66360.421875,71756.662109375
Infants: 0.528 efficacy,2072.0,cancer_deaths,67609.13932291667,66003.6455078125,70151.171875
Infants: 0.528 efficacy,2073.0,cancer_deaths,66732.06477864583,64531.9453125,70820.126953125
Infants: 0.528 efficacy,2074.0,cancer_deaths,67371.28841145833,65111.705078125,69036.248046875
Infants: 0.528 efficacy,2075.0,cancer_deaths,68694.33333333333,67341.556640625,69749.794921875
Infants: 0.528 efficacy,2076.0,cancer_deaths,67326.68977864583,63818.388671875,70374.1552734375
Infants: 0.528 efficacy,2077.0,cancer_deaths,67475.34700520833,66271.2265625,68768.66015625
Infants: 0.528 efficacy,2078.0,cancer_deaths,65721.19856770833,62658.8671875,70730.93359375
Infants: 0.528 efficacy,2079.0,cancer_deaths,65691.466796875,63060.2412109375,67252.3623046875
Infants: 0.528 efficacy,2080.0,cancer_deaths,65706.33333333333,64130.5703125,67921.3203125
Infants: 0.528 efficacy,2081.0,cancer_deaths,65513.077473958336,62614.2705078125,67163.1669921875
Infants: 0.528 efficacy,2082.0,cancer_deaths,67029.37890625,65200.8974609375,69972.7861328125
Infants: 0.528 efficacy,2083.0,cancer_deaths,63699.464518229164,61811.5234375,67296.958984375
Infants: 0.528 efficacy,2084.0,cancer_deaths,66479.34700520833,64531.943359375,67787.525390625
Infants: 0.528 efficacy,2085.0,cancer_deaths,68233.49739583333,64219.763671875,71979.6484375
Infants: 0.528 efficacy,2086.0,cancer_deaths,66464.47916666667,65602.26953125,66895.5859375
Infants: 0.528 efficacy,2087.0,cancer_deaths,66613.13736979167,64130.568359375,69303.826171875
Infants: 0.528 efficacy,2088.0,cancer_deaths,67148.30208333333,64888.716796875,69838.9921875
Infants: 0.528 efficacy,2089.0,cancer_deaths,67505.08040364583,66761.794921875,68010.5166015625
Infants: 0.528 efficacy,2090.0,cancer_deaths,67192.89973958333,65111.70703125,69482.212890625
Infants: 0.528 efficacy,2091.0,cancer_deaths,68292.958984375,67386.15234375,69214.630859375
Infants: 0.528 efficacy,2092.0,cancer_deaths,68932.18424479167,68545.673828125,69705.203125
Infants: 0.528 efficacy,2093.0,cancer_deaths,69140.30501302083,67386.1533203125,70641.740234375
Infants: 0.528 efficacy,2094.0,cancer_deaths,69586.275390625,67832.123046875,70507.947265625
Infants: 0.528 efficacy,2095.0,cancer_deaths,70047.11197916667,68278.09765625,72514.81640625
Infants: 0.528 efficacy,2096.0,cancer_deaths,73005.380859375,72381.021484375,74164.90234375
Infants: 0.528 efficacy,2097.0,cancer_deaths,70166.03678385417,68010.5107421875,71355.291015625
Infants: 0.528 efficacy,2098.0,cancer_deaths,71593.14192708333,71221.5,71845.857421875
Infants: 0.528 efficacy,2099.0,cancer_deaths,72009.38020833333,70641.73828125,73005.380859375
Infants: 0.528 efficacy,2100.0,cancer_deaths,74640.60546875,71845.857421875,76127.173828125
Infants: 0.528 efficacy,1960.0,cum_cancers,0.0,0.0,0.0
Infants: 0.528 efficacy,1961.0,cum_cancers,44.59706115722656,44.59706115722656,44.59706115722656
Infants: 0.528 efficacy,1962.0,cum_cancers,178.38824462890625,133.7911834716797,222.9853057861328
Infants: 0.528 efficacy,1963.0,cum_cancers,460.8362986246745,401.37355041503906,535.1647338867188
Infants: 0.528 efficacy,1964.0,cum_cancers,1189.2549692789714,1114.9265441894531,1248.7177124023438
Infants: 0.528 efficacy,1965.0,cum_cancers,2452.838348388672,2363.644256591797,2586.6295013427734
Infants: 0.528 efficacy,1966.0,cum_cancers,4325.914972941081,3790.750259399414,4816.48258972168
Infants: 0.528 efficacy,1967.0,cum_cancers,6838.2161204020185,6421.976821899414,7224.723892211914
Infants: 0.528 efficacy,1968.0,cum_cancers,10182.995559692383,9409.979873657227,10703.294570922852
Infants: 0.528 efficacy,1969.0,cum_cancers,14954.88077290853,14003.476943969727,15965.747451782227
Infants: 0.528 efficacy,1970.0,cum_cancers,21718.767979939777,19533.512100219727,24706.770889282227
Infants: 0.528 efficacy,1971.0,cum_cancers,30400.328811645508,26446.05628967285,35097.88563537598
Infants: 0.528 efficacy,1972.0,cum_cancers,40315.74124654134,35722.2442779541,45667.38832092285
Infants: 0.528 efficacy,1973.0,cum_cancers,51479.871739705406,46916.10585021973,57218.02699279785
Infants: 0.528 efficacy,1974.0,cum_cancers,64442.750157674156,57753.19105529785,71845.8624420166
Infants: 0.528 efficacy,1975.0,cum_cancers,80527.42366027832,71355.2940826416,91379.3761138916
Infants: 0.528 efficacy,1976.0,cum_cancers,97712.15827941895,87499.43006896973,109351.9933013916
Infants: 0.528 efficacy,1977.0,cum_cancers,118866.03165181477,106765.36024475098,133077.63148498535
Infants: 0.528 efficacy,1978.0,cum_cancers,141491.6088002523,128662.51795959473,156892.4640045166
Infants: 0.528 efficacy,1979.0,cum_cancers,164726.67797342935,151317.82508850098,180930.2804107666
Infants: 0.528 efficacy,1980.0,cum_cancers,189032.0767364502,173259.57899475098,206885.77113342285
Infants: 0.528 efficacy,1981.0,cum_cancers,215492.99991353354,197743.36659240723,233956.1866607666
Infants: 0.528 efficacy,1982.0,cum_cancers,245150.0466257731,224679.99208068848,263791.6231842041
Infants: 0.528 efficacy,1983.0,cum_cancers,275074.6750437419,251349.03553771973,293181.0860748291
Infants: 0.528 efficacy,1984.0,cum_cancers,307050.7681427002,280515.512588501,330464.23109436035
Infants: 0.528 efficacy,1985.0,cum_cancers,340275.5793406169,315925.5804595947,363466.0567779541
Infants: 0.528 efficacy,1986.0,cum_cancers,373069.286046346,344735.2830963135,398430.1534576416
Infants: 0.528 efficacy,1987.0,cum_cancers,407141.44050598145,379520.9906158447,432992.8761138916
Infants: 0.528 efficacy,1988.0,cum_cancers,441555.5064239502,414128.3099517822,466797.4503326416
Infants: 0.528 efficacy,1989.0,cum_cancers,476579.06550598145,447932.883682251,503991.3975982666
Infants: 0.528 efficacy,1990.0,cum_cancers,511959.40046691895,481692.8587799072,543013.8272857666
Infants: 0.528 efficacy,1991.0,cum_cancers,549733.1104278564,519867.9427642822,579984.7891998291
Infants: 0.528 efficacy,1992.0,cum_cancers,587105.4478302002,558221.4144439697,614369.1246490479
Infants: 0.528 efficacy,1993.0,cum_cancers,623734.5010528564,593586.8851470947,650135.9659576416
Infants: 0.528 efficacy,1994.0,cum_cancers,660541.9421335856,628550.9818267822,685813.6134185791
Infants: 0.528 efficacy,1995.0,cum_cancers,698806.2194773356,666636.8704986572,722516.9942779541
Infants: 0.528 efficacy,1996.0,cum_cancers,737709.7214304606,703652.4310455322,761940.7970123291
Infants: 0.528 efficacy,1997.0,cum_cancers,775572.6263783773,743120.8304595947,796503.5186920166
Infants: 0.528 efficacy,1998.0,cum_cancers,815145.0847117106,782633.8246002197,836596.2784576416
Infants: 0.528 efficacy,1999.0,cum_cancers,856590.6208445231,824688.8538970947,877402.5909576416
Infants: 0.528 efficacy,2000.0,cum_cancers,897723.9769643148,863889.6703033447,916558.8106842041
Infants: 0.528 efficacy,2001.0,cum_cancers,938366.7650502523,903937.8294830322,957142.1237335205
Infants: 0.528 efficacy,2002.0,cum_cancers,980778.570388794,947330.7718658447,1003746.054397583
Infants: 0.528 efficacy,2003.0,cum_cancers,1023710.6735788981,988672.2464752197,1048387.710647583
Infants: 0.528 efficacy,2004.0,cum_cancers,1065765.7015736897,1031084.0511627197,1089907.573928833
Infants: 0.528 efficacy,2005.0,cum_cancers,1108712.6722768147,1074209.4105377197,1135753.355178833
Infants: 0.528 efficacy,2006.0,cum_cancers,1152611.0466257732,1117334.7679595947,1179636.864944458
Infants: 0.528 efficacy,2007.0,cum_cancers,1200300.1713002522,1163492.7240142822,1228782.827835083
Infants: 0.528 efficacy,2008.0,cum_cancers,1245194.5459747314,1207955.9935455322,1274628.6061553955
Infants: 0.528 efficacy,2009.0,cum_cancers,1292853.9405059814,1254158.5521392822,1324934.091506958
Infants: 0.528 efficacy,2010.0,cum_cancers,1340320.0811309814,1301922.0072174072,1371716.4108428955
Infants: 0.528 efficacy,2011.0,cum_cancers,1390759.3578236897,1350934.1790924072,1425277.480178833
Infants: 0.528 efficacy,2012.0,cum_cancers,1442566.2780710857,1403291.1312408447,1477768.2213897705
Infants: 0.528 efficacy,2013.0,cum_cancers,1496097.6188913982,1458546.8929595947,1528519.6764678955
Infants: 0.528 efficacy,2014.0,cum_cancers,1549762.7497507732,1511305.2201080322,1583329.462600708
Infants: 0.528 efficacy,2015.0,cum_cancers,1607694.3330841064,1564286.5326080322,1645363.974319458
Infants: 0.528 efficacy,2016.0,cum_cancers,1665521.8548940022,1621995.1302642822,1701110.2995147705
Infants: 0.528 efficacy,2017.0,cum_cancers,1726604.9636179607,1684208.0287017822,1763367.7995147705
Infants: 0.528 efficacy,2018.0,cum_cancers,1790467.957107544,1748383.2005767822,1829416.0495147705
Infants: 0.528 efficacy,2019.0,cum_cancers,1854033.6358184814,1809793.3538970947,1892788.474319458
Infants: 0.528 efficacy,2020.0,cum_cancers,1916469.521560669,1872363.0326080322,1953618.8659210205
Infants: 0.528 efficacy,2021.0,cum_cancers,1983067.8002065022,1936359.8187408447,2023859.2370147705
Infants: 0.528 efficacy,2022.0,cum_cancers,2047703.8076934814,1998840.3040924072,2089952.081741333
Infants: 0.528 efficacy,2023.0,cum_cancers,2115922.445714315,2067876.5579986572,2160415.437210083
Infants: 0.528 efficacy,2024.0,cum_cancers,2181703.111078898,2133523.4320220947,2230076.046585083
Infants: 0.528 efficacy,2025.0,cum_cancers,2252300.26016744,2203763.8031158447,2301565.138381958
Infants: 0.528 efficacy,2026.0,cum_cancers,2324027.198969523,2277661.1331939697,2374302.945022583
Infants: 0.528 efficacy,2027.0,cum_cancers,2395323.034907023,2349819.1800689697,2447129.946975708
Infants: 0.528 efficacy,2028.0,cum_cancers,2468387.886795044,2422200.2093658447,2525353.1940460205
Infants: 0.528 efficacy,2029.0,cum_cancers,2541095.9616648355,2497703.0316314697,2595771.9538116455
Infants: 0.528 efficacy,2030.0,cum_cancers,2616242.009841919,2572849.0785064697,2672345.1081085205
Infants: 0.528 efficacy,2031.0,cum_cancers,2691551.58047994,2651964.2660064697,2749765.6081085205
Infants: 0.528 efficacy,2032.0,cum_cancers,2767470.646235148,2727556.2855377197,2827007.7213897705
Infants: 0.528 efficacy,2033.0,cum_cancers,2846912.8780059814,2810818.9984283447,2906435.0885772705
Infants: 0.528 efficacy,2034.0,cum_cancers,2926191.5889434814,2889176.0355377197,2987378.7584991455
Infants: 0.528 efficacy,2035.0,cum_cancers,3006912.2686309814,2969584.5394439697,3072336.1588897705
Infants: 0.528 efficacy,2036.0,cum_cancers,3086146.38126119,3048342.9496002197,3156178.6374053955
Infants: 0.528 efficacy,2037.0,cum_cancers,3165321.0323028564,3128037.8988189697,3239575.1452178955
Infants: 0.528 efficacy,2038.0,cum_cancers,3247632.34219869,3207866.613418579,3323016.2467803955
Infants: 0.528 efficacy,2039.0,cum_cancers,3332470.818110148,3294340.314590454,3405342.4206085205
Infants: 0.528 efficacy,2040.0,cum_cancers,3416209.234776815,3378182.793106079,3489943.0417022705
Infants: 0.528 efficacy,2041.0,cum_cancers,3502920.78751119,3463764.554824829,3573963.9030303955
Infants: 0.528 efficacy,2042.0,cum_cancers,3588294.4287872314,3550639.630996704,3663291.8151397705
Infants: 0.528 efficacy,2043.0,cum_cancers,3675779.000401815,3637247.1566314697,3752262.9557647705
Infants: 0.528 efficacy,2044.0,cum_cancers,3759383.624750773,3719707.095840454,3837309.5514678955
Infants: 0.528 efficacy,2045.0,cum_cancers,3845946.523839315,3807741.7230377197,3921152.0319366455
Infants: 0.528 efficacy,2046.0,cum_cancers,3935690.675532023,3893903.2425689697,4012397.6198272705
Infants: 0.528 efficacy,2047.0,cum_cancers,4022922.5264434814,3981045.9027252197,4096552.2702178955
Infants: 0.528 efficacy,2048.0,cum_cancers,4111789.60391744,4071979.3128814697,4189046.5729522705
Infants: 0.528 efficacy,2049.0,cum_cancers,4201102.6507924395,4163001.9124908447,4276679.7975616455
Infants: 0.528 efficacy,2050.0,cum_cancers,4290727.8773549395,4250635.135147095,4366899.6530303955
Infants: 0.528 efficacy,2051.0,cum_cancers,4380605.819412231,4341479.318496704,4456138.3717803955
Infants: 0.528 efficacy,2052.0,cum_cancers,4468402.566157023,4426615.13710022,4546135.2389678955
Infants: 0.528 efficacy,2053.0,cum_cancers,4557314.2386830645,4517147.16835022,4635106.3737335205
Infants: 0.528 efficacy,2054.0,cum_cancers,4644813.6703236895,4600855.85194397,4719751.5885772705
Infants: 0.528 efficacy,2055.0,cum_cancers,4733279.372146606,4683895.576553345,4813450.0124053955
Infants: 0.528 efficacy,2056.0,cum_cancers,4821655.880610148,4770681.455459595,4900726.4577178955
Infants: 0.528 efficacy,2057.0,cum_cancers,4910552.6879018145,4856664.59022522,4992730.1920928955
Infants: 0.528 efficacy,2058.0,cum_cancers,4996283.103266398,4938366.40663147,5080452.6042022705
Infants: 0.528 efficacy,2059.0,cum_cancers,5083277.1000111895,5022788.64100647,5165410.0026397705
Infants: 0.528 efficacy,2060.0,cum_cancers,5170479.2191518145,5109886.701553345,5249297.0709991455
Infants: 0.528 efficacy,2061.0,cum_cancers,5258840.8597768145,5195602.24647522,5335012.6198272705
Infants: 0.528 efficacy,2062.0,cum_cancers,5346786.2601674395,5277750.029678345,5422110.6764678955
Infants: 0.528 efficacy,2063.0,cum_cancers,5434984.378657023,5365784.62538147,5509387.1217803955
Infants: 0.528 efficacy,2064.0,cum_cancers,5523390.6156361895,5452124.533584595,5599740.7624053955
Infants: 0.528 efficacy,2065.0,cum_cancers,5610518.4027455645,5535833.21522522,5685144.1295928955
Infants: 0.528 efficacy,2066.0,cum_cancers,5700678.7933705645,5624715.15663147,5772152.9987335205
Infants: 0.528 efficacy,2067.0,cum_cancers,5788059.297927856,5712615.96131897,5858760.4889678955
Infants: 0.528 efficacy,2068.0,cum_cancers,5878264.282302856,5800159.990615845,5950764.2213897705
Infants: 0.528 efficacy,2069.0,cum_cancers,5967785.447016398,5887436.43788147,6039779.9538116455
Infants: 0.528 efficacy,2070.0,cum_cancers,6055017.292719523,5972795.20741272,6125718.4850616455
Infants: 0.528 efficacy,2071.0,cum_cancers,6143468.126052856,6057930.99256897,6212415.1686553955
Infants: 0.528 efficacy,2072.0,cum_cancers,6230774.300532023,6139721.998428345,6300271.3717803955
Infants: 0.528 efficacy,2073.0,cum_cancers,6318600.7757924395,6224634.799209595,6386254.5026397705
Infants: 0.528 efficacy,2074.0,cum_cancers,6406962.415115356,6311420.674209595,6473174.1706085205
Infants: 0.528 efficacy,2075.0,cum_cancers,6497330.9261830645,6399678.25428772,6563884.5924835205
Infants: 0.528 efficacy,2076.0,cum_cancers,6582823.4906361895,6484011.29335022,6652944.9225616455
Infants: 0.528 efficacy,2077.0,cum_cancers,6673608.241938273,6568478.12928772,6747758.2741241455
Infants: 0.528 efficacy,2078.0,cum_cancers,6761509.048578898,6655977.56288147,6832804.8659210205
Infants: 0.528 efficacy,2079.0,cum_cancers,6852888.4222768145,6745840.639053345,6923470.6862335205
Infants: 0.528 efficacy,2080.0,cum_cancers,6941963.6156361895,6835302.342178345,7011505.2799835205
Infants: 0.528 efficacy,2081.0,cum_cancers,7032451.048578898,6926012.760147095,7101546.7428741455
Infants: 0.528 efficacy,2082.0,cum_cancers,7122864.153396606,7013958.16053772,7190963.8463897705
Infants: 0.528 efficacy,2083.0,cum_cancers,7214600.303787231,7103598.25038147,7282699.9967803955
Infants: 0.528 efficacy,2084.0,cum_cancers,7307079.7367299395,7194933.02772522,7375328.0846710205
Infants: 0.528 efficacy,2085.0,cum_cancers,7399960.5433705645,7288542.25038147,7465324.9499053955
Infants: 0.528 efficacy,2086.0,cum_cancers,7492662.961990356,7383177.205459595,7558176.0260772705
Infants: 0.528 efficacy,2087.0,cum_cancers,7587268.186599731,7476117.47694397,7653479.9323272705
Infants: 0.528 efficacy,2088.0,cum_cancers,7683582.965896606,7573116.076553345,7748293.2760772705
Infants: 0.528 efficacy,2089.0,cum_cancers,7779734.221755981,7668197.002334595,7846317.6100616455
Infants: 0.528 efficacy,2090.0,cum_cancers,7875067.864334106,7762698.166397095,7941487.7331085205
Infants: 0.528 efficacy,2091.0,cum_cancers,7973597.628005981,7865984.947647095,8038620.1198272705
Infants: 0.528 efficacy,2092.0,cum_cancers,8070536.764724731,7964901.217178345,8135797.1081085205
Infants: 0.528 efficacy,2093.0,cum_cancers,8171534.233474731,8065422.98085022,8237032.4303741455
Infants: 0.528 efficacy,2094.0,cum_cancers,8272962.806391398,8167594.838272095,8339828.6432647705
Infants: 0.528 efficacy,2095.0,cum_cancers,8370749.2855580645,8270034.27772522,8434329.805374146
Infants: 0.528 efficacy,2096.0,cum_cancers,8467970.871495565,8367657.23866272,8528251.207717896
Infants: 0.528 efficacy,2097.0,cum_cancers,8566054.66641744,8466484.318740845,8627479.65888977
Infants: 0.528 efficacy,2098.0,cum_cancers,8665803.419021606,8567184.474990845,8728090.62373352
Infants: 0.528 efficacy,2099.0,cum_cancers,8767321.187250772,8672210.545303345,8828969.16670227
Infants: 0.528 efficacy,2100.0,cum_cancers,8872154.004308065,8781339.549209595,8929223.35029602
Infants: 0.95 efficacy,1960.0,cancers,0.0,0.0,0.0
Infants: 0.95 efficacy,1961.0,cancers,44.59706115722656,44.59706115722656,44.59706115722656
Infants: 0.95 efficacy,1962.0,cancers,133.7911834716797,89.19412231445312,178.38824462890625
Infants: 0.95 efficacy,1963.0,cancers,282.44805399576825,267.5823669433594,312.17942810058594
Infants: 0.95 efficacy,1964.0,cancers,728.4186706542969,668.9559326171875,802.7471008300781
Infants: 0.95 efficacy,1965.0,cancers,1263.5833791097004,1114.9265441894531,1471.7029571533203
Infants: 0.95 efficacy,1966.0,cancers,1873.076624552409,1427.1060028076172,2229.8530883789062
Infants: 0.95 efficacy,1967.0,cancers,2512.3011474609375,2408.2413024902344,2631.2265625
Infants: 0.95 efficacy,1968.0,cancers,3344.7794392903647,2988.0030517578125,3835.346923828125
Infants: 0.95 efficacy,1969.0,cancers,4771.8852132161455,4459.7056884765625,5262.452880859375
Infants: 0.95 efficacy,1970.0,cancers,6763.88720703125,5530.03515625,8741.0234375
Infants: 0.95 efficacy,1971.0,cancers,8681.560831705729,6912.544189453125,10391.11474609375
Infants: 0.95 efficacy,1972.0,cancers,9915.412434895834,9276.18798828125,10569.502685546875
Infants: 0.95 efficacy,1973.0,cancers,11164.130493164062,10747.891235351562,11550.638671875
Infants: 0.95 efficacy,1974.0,cancers,12962.87841796875,10837.085205078125,14627.83544921875
Infants: 0.95 efficacy,1975.0,cancers,16084.673502604166,13602.10302734375,19533.513671875
Infants: 0.95 efficacy,1976.0,cancers,17184.734619140625,16144.135986328125,17972.6171875
Infants: 0.95 efficacy,1977.0,cancers,21153.873372395832,19265.93017578125,23725.63818359375
Infants: 0.95 efficacy,1978.0,cancers,22625.5771484375,21897.15771484375,23814.83251953125
Infants: 0.95 efficacy,1979.0,cancers,23235.069173177082,22655.30712890625,24037.81640625
Infants: 0.95 efficacy,1980.0,cancers,24305.398763020832,21941.75390625,25955.49072265625
Infants: 0.95 efficacy,1981.0,cancers,26460.923177083332,24483.78759765625,27828.56640625
Infants: 0.95 efficacy,1982.0,cancers,29657.046712239582,26936.62548828125,32199.078125
Infants: 0.95 efficacy,1983.0,cancers,29924.62841796875,26669.04345703125,33715.37890625
Infants: 0.95 efficacy,1984.0,cancers,31976.093098958332,29166.47705078125,37283.14501953125
Infants: 0.95 efficacy,1985.0,cancers,33224.811197916664,31262.5400390625,35410.06787109375
Infants: 0.95 efficacy,1986.0,cancers,32793.706705729164,28809.70263671875,34964.0966796875
Infants: 0.95 efficacy,1987.0,cancers,34072.154459635414,32868.033203125,34785.70751953125
Infants: 0.95 efficacy,1988.0,cancers,34414.06591796875,33804.57421875,34830.30419921875
Infants: 0.95 efficacy,1989.0,cancers,35023.55908203125,33804.57373046875,37193.947265625
Infants: 0.95 efficacy,1990.0,cancers,35380.3349609375,33358.60009765625,39022.4296875
Infants: 0.95 efficacy,1991.0,cancers,37773.7099609375,36970.9619140625,38175.083984375
Infants: 0.95 efficacy,1992.0,cancers,37372.33740234375,34384.33544921875,39379.205078125
Infants: 0.95 efficacy,1993.0,cancers,36629.05322265625,35365.470703125,38754.84765625
Infants: 0.95 efficacy,1994.0,cancers,36807.441080729164,34964.0966796875,39780.5791015625
Infants: 0.95 efficacy,1995.0,cancers,38264.27734375,36703.380859375,40003.5625
Infants: 0.95 efficacy,1996.0,cancers,38903.501953125,37015.560546875,40271.142578125
Infants: 0.95 efficacy,1997.0,cancers,37862.904947916664,34562.7216796875,39557.59375
Infants: 0.95 efficacy,1998.0,cancers,39572.458333333336,39111.62109375,40092.759765625
Infants: 0.95 efficacy,1999.0,cancers,41445.5361328125,40806.3125,42055.029296875
Infants: 0.95 efficacy,2000.0,cancers,41133.356119791664,39156.2197265625,45043.0322265625
Infants: 0.95 efficacy,2001.0,cancers,40642.7880859375,37461.53125,44418.673828125
Infants: 0.95 efficacy,2002.0,cancers,42411.805338541664,37238.54296875,46603.9306640625
Infants: 0.95 efficacy,2003.0,cancers,42932.103190104164,41341.474609375,44641.65625
Infants: 0.95 efficacy,2004.0,cancers,42055.027994791664,41519.86328125,42411.8046875
Infants: 0.95 efficacy,2005.0,cancers,42946.970703125,39869.771484375,45845.78125
Infants: 0.95 efficacy,2006.0,cancers,43898.374348958336,43125.357421875,44686.255859375
Infants: 0.95 efficacy,2007.0,cancers,47689.124674479164,46157.9560546875,49145.962890625
Infants: 0.95 efficacy,2008.0,cancers,44894.374674479164,44374.076171875,45845.7783203125
Infants: 0.95 efficacy,2009.0,cancers,47659.39453125,46202.55859375,50305.4853515625
Infants: 0.95 efficacy,2010.0,cancers,47466.140625,46782.3193359375,47852.6474609375
Infants: 0.95 efficacy,2011.0,cancers,50439.276692708336,48744.5888671875,53561.0693359375
Infants: 0.95 efficacy,2012.0,cancers,51806.920247395836,50573.0673828125,52490.7412109375
Infants: 0.95 efficacy,2013.0,cancers,53531.3408203125,50751.455078125,55255.76171875
Infants: 0.95 efficacy,2014.0,cancers,53665.130859375,52758.3271484375,54809.7861328125
Infants: 0.95 efficacy,2015.0,cancers,57931.583333333336,52981.3125,62034.51171875
Infants: 0.95 efficacy,2016.0,cancers,57827.521809895836,55746.3251953125,60027.642578125
Infants: 0.95 efficacy,2017.0,cancers,61083.108723958336,58778.927734375,62257.5
Infants: 0.95 efficacy,2018.0,cancers,63862.993489583336,61365.55859375,66048.25
Infants: 0.95 efficacy,2019.0,cancers,63565.6787109375,61410.1533203125,65914.4580078125
Infants: 0.95 efficacy,2020.0,cancers,62435.8857421875,60830.3916015625,63907.5869140625
Infants: 0.95 efficacy,2021.0,cancers,66598.27864583333,63996.7861328125,70240.37109375
Infants: 0.95 efficacy,2022.0,cancers,64636.007486979164,62480.4853515625,66092.8447265625
Infants: 0.95 efficacy,2023.0,cancers,68218.63802083333,65156.3046875,70463.35546875
Infants: 0.95 efficacy,2024.0,cancers,65780.66536458333,62034.5126953125,69660.609375
Infants: 0.95 efficacy,2025.0,cancers,70537.68424479167,69259.234375,71845.865234375
Infants: 0.95 efficacy,2026.0,cancers,71563.41861979167,68322.69921875,73629.748046875
Infants: 0.95 efficacy,2027.0,cancers,72470.22233072917,68456.4873046875,74833.8671875
Infants: 0.95 efficacy,2028.0,cancers,71816.13509114583,69170.04296875,76127.1826171875
Infants: 0.95 efficacy,2029.0,cancers,72276.97005208333,71845.865234375,73094.583984375
Infants: 0.95 efficacy,2030.0,cancers,74610.88411458333,71622.880859375,76974.52734375
Infants: 0.95 efficacy,2031.0,cancers,74343.30403645833,69303.833984375,79605.7578125
Infants: 0.95 efficacy,2032.0,cancers,75309.57161458333,73139.1796875,77375.8984375
Infants: 0.95 efficacy,2033.0,cancers,78386.76888020833,74120.31640625,80988.259765625
Infants: 0.95 efficacy,2034.0,cancers,80378.76888020833,78401.63671875,82638.349609375
Infants: 0.95 efficacy,2035.0,cancers,79590.88671875,74878.466796875,82013.98828125
Infants: 0.95 efficacy,2036.0,cancers,78609.751953125,74521.685546875,84422.236328125
Infants: 0.95 efficacy,2037.0,cancers,81612.625,78892.205078125,86562.8984375
Infants: 0.95 efficacy,2038.0,cancers,85507.43098958333,83887.07421875,87722.41796875
Infants: 0.95 efficacy,2039.0,cancers,82905.935546875,81791.009765625,83753.27734375
Infants: 0.95 efficacy,2040.0,cancers,82058.59375,76617.75,85447.97265625
Infants: 0.95 efficacy,2041.0,cancers,82028.86393229167,80230.1171875,85224.98828125
Infants: 0.95 efficacy,2042.0,cancers,84124.92122395833,79471.962890625,88703.552734375
Infants: 0.95 efficacy,2043.0,cancers,87930.5390625,87767.013671875,88212.98828125
Infants: 0.95 efficacy,2044.0,cancers,84333.04296875,80586.892578125,90041.462890625
Infants: 0.95 efficacy,2045.0,cancers,85760.14778645833,82459.96484375,90933.40625
Infants: 0.95 efficacy,2046.0,cancers,84288.44596354167,83887.0703125,84511.43359375
Infants: 0.95 efficacy,2047.0,cancers,84660.08463541667,83351.900390625,85804.7421875
Infants: 0.95 efficacy,2048.0,cancers,82638.35416666667,81478.833984375,84333.04296875
Infants: 0.95 efficacy,2049.0,cancers,82459.96484375,78892.19921875,84823.609375
Infants: 0.95 efficacy,2050.0,cancers,85106.056640625,83396.5,86562.896484375
Infants: 0.95 efficacy,2051.0,cancers,86102.0546875,83887.064453125,87767.015625
Infants: 0.95 efficacy,2052.0,cancers,81107.18684895833,80319.306640625,82415.3671875
Infants: 0.95 efficacy,2053.0,cancers,81627.48502604167,80274.7109375,83931.662109375
Infants: 0.95 efficacy,2054.0,cancers,80363.90169270833,77911.064453125,84154.65234375
Infants: 0.95 efficacy,2055.0,cancers,82519.42513020833,79382.76171875,84556.025390625
Infants: 0.95 efficacy,2056.0,cancers,77361.03190104167,73852.728515625,81791.0078125
Infants: 0.95 efficacy,2057.0,cancers,79769.275390625,79115.185546875,80809.875
Infants: 0.95 efficacy,2058.0,cancers,76796.13932291667,72871.59765625,81612.625
Infants: 0.95 efficacy,2059.0,cancers,77940.796875,77509.69140625,78357.037109375
Infants: 0.95 efficacy,2060.0,cancers,79338.16927083333,78223.2421875,79917.9296875
Infants: 0.95 efficacy,2061.0,cancers,77182.646484375,73941.927734375,80007.126953125
Infants: 0.95 efficacy,2062.0,cancers,77063.720703125,75725.806640625,78669.216796875
Infants: 0.95 efficacy,2063.0,cancers,79174.64908854167,77554.2890625,81835.607421875
Infants: 0.95 efficacy,2064.0,cancers,79962.52864583333,78847.60546875,80988.2578125
Infants: 0.95 efficacy,2065.0,cancers,77212.37890625,76305.572265625,78044.857421875
Infants: 0.95 efficacy,2066.0,cancers,76023.12109375,75235.240234375,76483.958984375
Infants: 0.95 efficacy,2067.0,cancers,78357.03515625,74967.662109375,82593.751953125
Infants: 0.95 efficacy,2068.0,cancers,76112.314453125,75770.404296875,76483.95703125
Infants: 0.95 efficacy,2069.0,cancers,74893.32877604167,73763.537109375,76974.525390625
Infants: 0.95 efficacy,2070.0,cancers,75933.92708333333,73451.35546875,77554.287109375
Infants: 0.95 efficacy,2071.0,cancers,75473.08854166667,72960.78515625,78936.79296875
Infants: 0.95 efficacy,2072.0,cancers,75131.177734375,74477.08984375,76082.580078125
Infants: 0.95 efficacy,2073.0,cancers,76617.74739583333,75636.611328125,77152.912109375
Infants: 0.95 efficacy,2074.0,cancers,76855.60221354167,71845.86328125,79694.94921875
Infants: 0.95 efficacy,2075.0,cancers,76483.95768229167,74610.87890625,77955.6640625
Infants: 0.95 efficacy,2076.0,cancers,76201.5087890625,73451.3564453125,78446.2265625
Infants: 0.95 efficacy,2077.0,cancers,77286.705078125,75904.1953125,78000.2578125
Infants: 0.95 efficacy,2078.0,cancers,77435.36263020833,75012.2578125,80363.900390625
Infants: 0.95 efficacy,2079.0,cancers,77569.15364583333,76706.943359375,78669.21484375
Infants: 0.95 efficacy,2080.0,cancers,76662.345703125,74521.6875,78223.2421875
Infants: 0.95 efficacy,2081.0,cancers,80586.88541666667,79159.78125,81791.0078125
Infants: 0.95 efficacy,2082.0,cancers,80884.19921875,78089.44921875,84020.857421875
Infants: 0.95 efficacy,2083.0,cancers,81092.31575520833,78535.416015625,82950.525390625
Infants: 0.95 efficacy,2084.0,cancers,84243.84114583333,82638.34765625,86339.90234375
Infants: 0.95 efficacy,2085.0,cancers,82118.046875,79070.58203125,84422.23046875
Infants: 0.95 efficacy,2086.0,cancers,83247.84114583333,82549.15234375,83664.080078125
Infants: 0.95 efficacy,2087.0,cancers,83277.57096354167,81255.8359375,84645.21484375
Infants: 0.95 efficacy,2088.0,cancers,85685.810546875,85224.970703125,85938.529296875
Infants: 0.95 efficacy,2089.0,cancers,84585.74869791667,82772.13671875,87811.599609375
Infants: 0.95 efficacy,2090.0,cancers,85477.69270833333,84110.05078125,86339.900390625
Infants: 0.95 efficacy,2091.0,cancers,87767.005859375,86830.46875,88971.126953125
Infants: 0.95 efficacy,2092.0,cancers,91096.91927083333,90264.4453125,91513.158203125
Infants: 0.95 efficacy,2093.0,cancers,90695.54752604167,88257.57421875,92137.521484375
Infants: 0.95 efficacy,2094.0,cancers,90309.03841145833,89283.302734375,90888.802734375
Infants: 0.95 efficacy,2095.0,cancers,90190.111328125,88703.541015625,91736.14453125
Infants: 0.95 efficacy,2096.0,cancers,93594.35546875,92628.0859375,94768.744140625
Infants: 0.95 efficacy,2097.0,cancers,93460.564453125,92360.501953125,94278.1796875
Infants: 0.95 efficacy,2098.0,cancers,95006.59765625,94010.59765625,95571.49609375
Infants: 0.95 efficacy,2099.0,cancers,96389.10872395833,94456.568359375,99139.263671875
Infants: 0.95 efficacy,2100.0,cancers,95422.83984375,95303.9140625,95660.689453125
Infants: 0.95 efficacy,1960.0,cancer_deaths,0.0,0.0,0.0
Infants: 0.95 efficacy,1961.0,cancer_deaths,0.0,0.0,0.0
Infants: 0.95 efficacy,1962.0,cancer_deaths,0.0,0.0,0.0
Infants: 0.95 efficacy,1963.0,cancer_deaths,0.0,0.0,0.0
Infants: 0.95 efficacy,1964.0,cancer_deaths,0.0,0.0,0.0
Infants: 0.95 efficacy,1965.0,cancer_deaths,0.0,0.0,0.0
Infants: 0.95 efficacy,1966.0,cancer_deaths,29.731374104817707,0.0,44.59706115722656
Infants: 0.95 efficacy,1967.0,cancer_deaths,59.462748209635414,0.0,133.7911834716797
Infants: 0.95 efficacy,1968.0,cancer_deaths,104.05980936686198,44.59706115722656,133.7911834716797
Infants: 0.95 efficacy,1969.0,cancer_deaths,282.44805399576825,178.38824462890625,356.7764892578125
Infants: 0.95 efficacy,1970.0,cancer_deaths,445.9706115722656,356.7764892578125,490.5676727294922
Infants: 0.95 efficacy,1971.0,cancer_deaths,535.1647338867188,356.7764892578125,668.9559173583984
Infants: 0.95 efficacy,1972.0,cancer_deaths,981.1353454589844,802.7471008300781,1248.7176971435547
Infants: 0.95 efficacy,1973.0,cancer_deaths,1694.6882019042969,1471.7029724121094,1873.0763854980469
Infants: 0.95 efficacy,1974.0,cancer_deaths,2214.9871826171875,1962.2705078125,2675.823486328125
Infants: 0.95 efficacy,1975.0,cancer_deaths,3181.2567545572915,2631.226318359375,3656.958740234375
Infants: 0.95 efficacy,1976.0,cancer_deaths,4623.228434244792,3523.1676025390625,5530.035400390625
Infants: 0.95 efficacy,1977.0,cancer_deaths,5500.304036458333,4861.0794677734375,6734.156005859375
Infants: 0.95 efficacy,1978.0,cancer_deaths,6689.5590413411455,5842.21484375,7403.112060546875
Infants: 0.95 efficacy,1979.0,cancer_deaths,7388.2463785807295,7269.321044921875,7581.500244140625
Infants: 0.95 efficacy,1980.0,cancer_deaths,9082.935750325521,8072.0682373046875,10480.310791015625
Infants: 0.95 efficacy,1981.0,cancer_deaths,10331.654256184896,9677.564086914062,11595.2373046875
Infants: 0.95 efficacy,1982.0,cancer_deaths,11743.894694010416,10391.116455078125,13111.5380859375
Infants: 0.95 efficacy,1983.0,cancer_deaths,13468.312825520834,12174.99853515625,14226.46240234375
Infants: 0.95 efficacy,1984.0,cancer_deaths,14642.702311197916,13691.29931640625,16233.330078125
Infants: 0.95 efficacy,1985.0,cancer_deaths,16723.89794921875,14627.8369140625,18641.5703125
Infants: 0.95 efficacy,1986.0,cancer_deaths,17437.45068359375,14895.4189453125,19355.1240234375
Infants: 0.95 efficacy,1987.0,cancer_deaths,18463.182291666668,17303.6591796875,19176.734375
Infants: 0.95 efficacy,1988.0,cancer_deaths,20960.617838541668,18775.36083984375,22878.29248046875
Infants: 0.95 efficacy,1989.0,cancer_deaths,20410.58740234375,20113.27294921875,21005.21533203125
Infants: 0.95 efficacy,1990.0,cancer_deaths,22268.798828125,21629.57177734375,22789.09912109375
Infants: 0.95 efficacy,1991.0,cancer_deaths,22863.42578125,21094.40869140625,23904.0244140625
Infants: 0.95 efficacy,1992.0,cancer_deaths,21912.022135416668,21674.1708984375,22209.3359375
Infants: 0.95 efficacy,1993.0,cancer_deaths,24602.712076822918,23012.0830078125,27560.984375
Infants: 0.95 efficacy,1994.0,cancer_deaths,24587.846354166668,24483.78759765625,24751.36865234375
Infants: 0.95 efficacy,1995.0,cancer_deaths,26089.281412760418,24706.7724609375,26802.83447265625
Infants: 0.95 efficacy,1996.0,cancer_deaths,26163.609375,24840.56396484375,28631.3125
Infants: 0.95 efficacy,1997.0,cancer_deaths,26119.01220703125,25598.7138671875,26758.236328125
Infants: 0.95 efficacy,1998.0,cancer_deaths,27650.177408854168,26892.02685546875,28452.9248046875
Infants: 0.95 efficacy,1999.0,cancer_deaths,26877.161458333332,25554.11474609375,28096.1474609375
Infants: 0.95 efficacy,2000.0,cancer_deaths,27337.997884114582,25955.4892578125,28185.341796875
Infants: 0.95 efficacy,2001.0,cancer_deaths,28794.83544921875,28542.119140625,28988.08984375
Infants: 0.95 efficacy,2002.0,cancer_deaths,28155.611002604168,26847.4306640625,29657.04443359375
Infants: 0.95 efficacy,2003.0,cancer_deaths,28452.924153645832,27873.16259765625,29121.88037109375
Infants: 0.95 efficacy,2004.0,cancer_deaths,29404.328450520832,27783.96826171875,31262.53955078125
Infants: 0.95 efficacy,2005.0,cancer_deaths,28512.3876953125,27694.77490234375,29300.26904296875
Infants: 0.95 efficacy,2006.0,cancer_deaths,31113.882486979168,29567.8515625,32823.43701171875
Infants: 0.95 efficacy,2007.0,cancer_deaths,30073.284342447918,29300.26806640625,31039.5537109375
Infants: 0.95 efficacy,2008.0,cancer_deaths,30043.552897135418,29657.04443359375,30459.79248046875
Infants: 0.95 efficacy,2009.0,cancer_deaths,31470.657552083332,30905.76123046875,32020.6884765625
Infants: 0.95 efficacy,2010.0,cancer_deaths,32050.419921875,30459.79150390625,35142.482421875
Infants: 0.95 efficacy,2011.0,cancer_deaths,33016.689453125,31842.30029296875,35276.27197265625
Infants: 0.95 efficacy,2012.0,cancer_deaths,33016.689290364586,31931.494140625,33626.1826171875
Infants: 0.95 efficacy,2013.0,cancer_deaths,34711.377604166664,31396.330078125,37060.1552734375
Infants: 0.95 efficacy,2014.0,cancer_deaths,35083.0185546875,33849.1669921875,35945.228515625
Infants: 0.95 efficacy,2015.0,cancer_deaths,34027.555989583336,32555.8544921875,36524.9892578125
Infants: 0.95 efficacy,2016.0,cancer_deaths,36718.244303385414,35677.64794921875,37327.7373046875
Infants: 0.95 efficacy,2017.0,cancer_deaths,37134.482259114586,36569.5859375,37550.720703125
Infants: 0.95 efficacy,2018.0,cancer_deaths,38903.4990234375,38085.8857421875,39869.7685546875
Infants: 0.95 efficacy,2019.0,cancer_deaths,40434.664713541664,38665.6474609375,43036.16015625
Infants: 0.95 efficacy,2020.0,cancer_deaths,41950.964192708336,41341.4716796875,43080.7568359375
Infants: 0.95 efficacy,2021.0,cancer_deaths,42798.3095703125,41698.248046875,43437.53515625
Infants: 0.95 efficacy,2022.0,cancer_deaths,41876.636393229164,40761.708984375,44061.892578125
Infants: 0.95 efficacy,2023.0,cancer_deaths,45132.224609375,44730.8515625,45578.1953125
Infants: 0.95 efficacy,2024.0,cancer_deaths,47035.030924479164,46336.34375,48120.2275390625
Infants: 0.95 efficacy,2025.0,cancer_deaths,48328.346354166664,47049.896484375,50216.2900390625
Infants: 0.95 efficacy,2026.0,cancer_deaths,47822.913736979164,46782.3134765625,49502.73828125
Infants: 0.95 efficacy,2027.0,cancer_deaths,49473.005208333336,48120.228515625,50305.4833984375
Infants: 0.95 efficacy,2028.0,cancer_deaths,51004.171549479164,48521.6015625,53248.890625
Infants: 0.95 efficacy,2029.0,cancer_deaths,51524.469401041664,50350.080078125,52312.3505859375
Infants: 0.95 efficacy,2030.0,cancer_deaths,51019.037434895836,48432.4072265625,53070.501953125
Infants: 0.95 efficacy,2031.0,cancer_deaths,53605.666015625,51910.978515625,54765.189453125
Infants: 0.95 efficacy,2032.0,cancer_deaths,54720.5927734375,54497.607421875,55077.3681640625
Infants: 0.95 efficacy,2033.0,cancer_deaths,55478.742513020836,54230.0244140625,56861.251953125
Infants: 0.95 efficacy,2034.0,cancer_deaths,56355.8173828125,53828.650390625,59537.0732421875
Infants: 0.95 efficacy,2035.0,cancer_deaths,57470.743489583336,56638.265625,58243.7587890625
Infants: 0.95 efficacy,2036.0,cancer_deaths,57173.4296875,52579.93359375,59893.8505859375
Infants: 0.95 efficacy,2037.0,cancer_deaths,57099.1015625,55790.9208984375,59091.103515625
Infants: 0.95 efficacy,2038.0,cancer_deaths,59135.69921875,57931.578125,60339.8203125
Infants: 0.95 efficacy,2039.0,cancer_deaths,60354.686197916664,58377.5498046875,63149.435546875
Infants: 0.95 efficacy,2040.0,cancer_deaths,61514.2080078125,59492.4755859375,63461.611328125
Infants: 0.95 efficacy,2041.0,cancer_deaths,61172.299153645836,59537.07421875,63372.4208984375
Infants: 0.95 efficacy,2042.0,cancer_deaths,62212.896809895836,60384.41796875,63773.79296875
Infants: 0.95 efficacy,2043.0,cancer_deaths,63402.150716145836,62212.8955078125,64219.7646484375
Infants: 0.95 efficacy,2044.0,cancer_deaths,64918.4501953125,62212.896484375,66628.00390625
Infants: 0.95 efficacy,2045.0,cancer_deaths,64457.6142578125,61499.34375,67876.720703125
Infants: 0.95 efficacy,2046.0,cancer_deaths,65468.481119791664,65111.705078125,65780.66015625
Infants: 0.95 efficacy,2047.0,cancer_deaths,65587.404296875,62525.07421875,69214.630859375
Infants: 0.95 efficacy,2048.0,cancer_deaths,65944.1826171875,64353.5546875,67965.9130859375
Infants: 0.95 efficacy,2049.0,cancer_deaths,67519.9453125,66315.82421875,68367.2890625
Infants: 0.95 efficacy,2050.0,cancer_deaths,67609.138671875,66315.8251953125,69393.01953125
Infants: 0.95 efficacy,2051.0,cancer_deaths,66286.09407552083,62792.658203125,69660.60546875
Infants: 0.95 efficacy,2052.0,cancer_deaths,66865.85546875,65379.287109375,68813.259765625
Infants: 0.95 efficacy,2053.0,cancer_deaths,67579.40755208333,66940.18359375,68813.2578125
Infants: 0.95 efficacy,2054.0,cancer_deaths,65275.226236979164,63729.1943359375,67475.34765625
Infants: 0.95 efficacy,2055.0,cancer_deaths,65884.71940104167,65067.1064453125,66360.421875
Infants: 0.95 efficacy,2056.0,cancer_deaths,65290.09375,64175.1708984375,67163.1669921875
Infants: 0.95 efficacy,2057.0,cancer_deaths,65750.92805989583,64977.9111328125,66628.001953125
Infants: 0.95 efficacy,2058.0,cancer_deaths,67118.572265625,66226.634765625,68813.2578125
Infants: 0.95 efficacy,2059.0,cancer_deaths,62837.254231770836,60384.4169921875,65914.44921875
Infants: 0.95 efficacy,2060.0,cancer_deaths,63327.820963541664,62168.298828125,64487.34375
Infants: 0.95 efficacy,2061.0,cancer_deaths,62257.492513020836,61320.955078125,62971.04296875
Infants: 0.95 efficacy,2062.0,cancer_deaths,61618.269205729164,60250.6259765625,62658.8671875
Infants: 0.95 efficacy,2063.0,cancer_deaths,61781.792317708336,61320.9560546875,62480.4794921875
Infants: 0.95 efficacy,2064.0,cancer_deaths,59641.133463541664,59314.0888671875,59983.0439453125
Infants: 0.95 efficacy,2065.0,cancer_deaths,60131.700520833336,59358.6845703125,60741.1943359375
Infants: 0.95 efficacy,2066.0,cancer_deaths,60027.639973958336,59492.474609375,60964.1787109375
Infants: 0.95 efficacy,2067.0,cancer_deaths,60101.9697265625,59224.892578125,61276.3603515625
Infants: 0.95 efficacy,2068.0,cancer_deaths,61677.731770833336,60964.1796875,62748.0615234375
Infants: 0.95 efficacy,2069.0,cancer_deaths,59031.641276041664,55835.51953125,61499.3447265625
Infants: 0.95 efficacy,2070.0,cancer_deaths,57857.252278645836,56861.2509765625,58422.1484375
Infants: 0.95 efficacy,2071.0,cancer_deaths,57426.147135416664,55701.7275390625,59135.701171875
Infants: 0.95 efficacy,2072.0,cancer_deaths,58987.042317708336,56772.056640625,60919.5810546875
Infants: 0.95 efficacy,2073.0,cancer_deaths,57500.474934895836,56459.876953125,59314.087890625
Infants: 0.95 efficacy,2074.0,cancer_deaths,55865.250325520836,52713.7255859375,58332.953125
Infants: 0.95 efficacy,2075.0,cancer_deaths,57649.1318359375,55746.32421875,58645.1328125
Infants: 0.95 efficacy,2076.0,cancer_deaths,55746.324544270836,54720.591796875,57128.833984375
Infants: 0.95 efficacy,2077.0,cancer_deaths,56326.086263020836,54943.578125,57842.3857421875
Infants: 0.95 efficacy,2078.0,cancer_deaths,56400.414713541664,53873.2490234375,59804.6552734375
Infants: 0.95 efficacy,2079.0,cancer_deaths,55999.0419921875,54319.2197265625,57886.984375
Infants: 0.95 efficacy,2080.0,cancer_deaths,56058.503255208336,52936.7099609375,59447.87890625
Infants: 0.95 efficacy,2081.0,cancer_deaths,56876.1171875,55389.548828125,58332.9541015625
Infants: 0.95 efficacy,2082.0,cancer_deaths,56995.041341145836,56549.0703125,57396.416015625
Infants: 0.95 efficacy,2083.0,cancer_deaths,56430.145182291664,53248.8876953125,58645.1318359375
Infants: 0.95 efficacy,2084.0,cancer_deaths,54928.711588541664,50751.4541015625,59135.7001953125
Infants: 0.95 efficacy,2085.0,cancer_deaths,56727.459635416664,56192.296875,57262.623046875
Infants: 0.95 efficacy,2086.0,cancer_deaths,56772.055989583336,53873.248046875,58288.3564453125
Infants: 0.95 efficacy,2087.0,cancer_deaths,56147.697591145836,53962.4423828125,57530.2060546875
Infants: 0.95 efficacy,2088.0,cancer_deaths,60637.134440104164,59938.447265625,61945.3154296875
Infants: 0.95 efficacy,2089.0,cancer_deaths,59001.909505208336,58154.568359375,60116.8349609375
Infants: 0.95 efficacy,2090.0,cancer_deaths,60027.6416015625,57173.4306640625,62212.896484375
Infants: 0.95 efficacy,2091.0,cancer_deaths,59670.864908854164,59001.91015625,60652.0
Infants: 0.95 efficacy,2092.0,cancer_deaths,61246.626627604164,60116.8349609375,62212.8955078125
Infants: 0.95 efficacy,2093.0,cancer_deaths,61187.164388020836,60696.5966796875,61677.732421875
Infants: 0.95 efficacy,2094.0,cancer_deaths,62093.9697265625,60741.1923828125,63461.6123046875
Infants: 0.95 efficacy,2095.0,cancer_deaths,61960.1796875,61454.74609375,62480.4794921875
Infants: 0.95 efficacy,2096.0,cancer_deaths,62480.4765625,59938.4453125,64353.552734375
Infants: 0.95 efficacy,2097.0,cancer_deaths,64531.941731770836,63372.41796875,65914.44921875
Infants: 0.95 efficacy,2098.0,cancer_deaths,65914.4501953125,64442.7490234375,68233.49609375
Infants: 0.95 efficacy,2099.0,cancer_deaths,65765.79427083333,64710.33203125,66449.6142578125
Infants: 0.95 efficacy,2100.0,cancer_deaths,68233.49967447917,67118.572265625,69214.6337890625
Infants: 0.95 efficacy,1960.0,cum_cancers,0.0,0.0,0.0
Infants: 0.95 efficacy,1961.0,cum_cancers,44.59706115722656,44.59706115722656,44.59706115722656
Infants: 0.95 efficacy,1962.0,cum_cancers,178.38824462890625,133.7911834716797,222.9853057861328
Infants: 0.95 efficacy,1963.0,cum_cancers,460.8362986246745,401.37355041503906,535.1647338867188
Infants: 0.95 efficacy,1964.0,cum_cancers,1189.2549692789714,1114.9265441894531,1248.7177124023438
Infants: 0.95 efficacy,1965.0,cum_cancers,2452.838348388672,2363.644256591797,2586.6295013427734
Infants: 0.95 efficacy,1966.0,cum_cancers,4325.914972941081,3790.750259399414,4816.48258972168
Infants: 0.95 efficacy,1967.0,cum_cancers,6838.2161204020185,6421.976821899414,7224.723892211914
Infants: 0.95 efficacy,1968.0,cum_cancers,10182.995559692383,9409.979873657227,10703.294570922852
Infants: 0.95 efficacy,1969.0,cum_cancers,14954.88077290853,14003.476943969727,15965.747451782227
Infants: 0.95 efficacy,1970.0,cum_cancers,21718.767979939777,19533.512100219727,24706.770889282227
Infants: 0.95 efficacy,1971.0,cum_cancers,30400.328811645508,26446.05628967285,35097.88563537598
Infants: 0.95 efficacy,1972.0,cum_cancers,40315.74124654134,35722.2442779541,45667.38832092285
Infants: 0.95 efficacy,1973.0,cum_cancers,51479.871739705406,46916.10585021973,57218.02699279785
Infants: 0.95 efficacy,1974.0,cum_cancers,64442.750157674156,57753.19105529785,71845.8624420166
Infants: 0.95 efficacy,1975.0,cum_cancers,80527.42366027832,71355.2940826416,91379.3761138916
Infants: 0.95 efficacy,1976.0,cum_cancers,97712.15827941895,87499.43006896973,109351.9933013916
Infants: 0.95 efficacy,1977.0,cum_cancers,118866.03165181477,106765.36024475098,133077.63148498535
Infants: 0.95 efficacy,1978.0,cum_cancers,141491.6088002523,128662.51795959473,156892.4640045166
Infants: 0.95 efficacy,1979.0,cum_cancers,164726.67797342935,151317.82508850098,180930.2804107666
Infants: 0.95 efficacy,1980.0,cum_cancers,189032.0767364502,173259.57899475098,206885.77113342285
Infants: 0.95 efficacy,1981.0,cum_cancers,215492.99991353354,197743.36659240723,233956.1866607666
Infants: 0.95 efficacy,1982.0,cum_cancers,245150.0466257731,224679.99208068848,263791.6231842041
Infants: 0.95 efficacy,1983.0,cum_cancers,275074.6750437419,251349.03553771973,293181.0860748291
Infants: 0.95 efficacy,1984.0,cum_cancers,307050.7681427002,280515.512588501,330464.23109436035
Infants: 0.95 efficacy,1985.0,cum_cancers,340275.5793406169,315925.5804595947,363466.0567779541
Infants: 0.95 efficacy,1986.0,cum_cancers,373069.286046346,344735.2830963135,398430.1534576416
Infants: 0.95 efficacy,1987.0,cum_cancers,407141.44050598145,379520.9906158447,432992.8761138916
Infants: 0.95 efficacy,1988.0,cum_cancers,441555.5064239502,414128.3099517822,466797.4503326416
Infants: 0.95 efficacy,1989.0,cum_cancers,476579.06550598145,447932.883682251,503991.3975982666
Infants: 0.95 efficacy,1990.0,cum_cancers,511959.40046691895,481692.8587799072,543013.8272857666
Infants: 0.95 efficacy,1991.0,cum_cancers,549733.1104278564,519867.9427642822,579984.7891998291
Infants: 0.95 efficacy,1992.0,cum_cancers,587105.4478302002,558221.4144439697,614369.1246490479
Infants: 0.95 efficacy,1993.0,cum_cancers,623734.5010528564,593586.8851470947,650135.9659576416
Infants: 0.95 efficacy,1994.0,cum_cancers,660541.9421335856,628550.9818267822,685813.6134185791
Infants: 0.95 efficacy,1995.0,cum_cancers,698806.2194773356,666636.8704986572,722516.9942779541
Infants: 0.95 efficacy,1996.0,cum_cancers,737709.7214304606,703652.4310455322,761940.7970123291
Infants: 0.95 efficacy,1997.0,cum_cancers,775572.6263783773,743120.8304595947,796503.5186920166
Infants: 0.95 efficacy,1998.0,cum_cancers,815145.0847117106,782633.8246002197,836596.2784576416
Infants: 0.95 efficacy,1999.0,cum_cancers,856590.6208445231,824688.8538970947,877402.5909576416
Infants: 0.95 efficacy,2000.0,cum_cancers,897723.9769643148,863889.6703033447,916558.8106842041
Infants: 0.95 efficacy,2001.0,cum_cancers,938366.7650502523,903937.8294830322,957142.1237335205
Infants: 0.95 efficacy,2002.0,cum_cancers,980778.570388794,947330.7718658447,1003746.054397583
Infants: 0.95 efficacy,2003.0,cum_cancers,1023710.6735788981,988672.2464752197,1048387.710647583
Infants: 0.95 efficacy,2004.0,cum_cancers,1065765.7015736897,1031084.0511627197,1089907.573928833
Infants: 0.95 efficacy,2005.0,cum_cancers,1108712.6722768147,1074209.4105377197,1135753.355178833
Infants: 0.95 efficacy,2006.0,cum_cancers,1152611.0466257732,1117334.7679595947,1179636.864944458
Infants: 0.95 efficacy,2007.0,cum_cancers,1200300.1713002522,1163492.7240142822,1228782.827835083
Infants: 0.95 efficacy,2008.0,cum_cancers,1245194.5459747314,1207955.9935455322,1274628.6061553955
Infants: 0.95 efficacy,2009.0,cum_cancers,1292853.9405059814,1254158.5521392822,1324934.091506958
Infants: 0.95 efficacy,2010.0,cum_cancers,1340320.0811309814,1301922.0072174072,1371716.4108428955
Infants: 0.95 efficacy,2011.0,cum_cancers,1390759.3578236897,1350934.1790924072,1425277.480178833
Infants: 0.95 efficacy,2012.0,cum_cancers,1442566.2780710857,1403291.1312408447,1477768.2213897705
Infants: 0.95 efficacy,2013.0,cum_cancers,1496097.6188913982,1458546.8929595947,1528519.6764678955
Infants: 0.95 efficacy,2014.0,cum_cancers,1549762.7497507732,1511305.2201080322,1583329.462600708
Infants: 0.95 efficacy,2015.0,cum_cancers,1607694.3330841064,1564286.5326080322,1645363.974319458
Infants: 0.95 efficacy,2016.0,cum_cancers,1665521.8548940022,1621995.1302642822,1701110.2995147705
Infants: 0.95 efficacy,2017.0,cum_cancers,1726604.9636179607,1684208.0287017822,1763367.7995147705
Infants: 0.95 efficacy,2018.0,cum_cancers,1790467.957107544,1748383.2005767822,1829416.0495147705
Infants: 0.95 efficacy,2019.0,cum_cancers,1854033.6358184814,1809793.3538970947,1892788.474319458
Infants: 0.95 efficacy,2020.0,cum_cancers,1916469.521560669,1872363.0326080322,1953618.8659210205
Infants: 0.95 efficacy,2021.0,cum_cancers,1983067.8002065022,1936359.8187408447,2023859.2370147705
Infants: 0.95 efficacy,2022.0,cum_cancers,2047703.8076934814,1998840.3040924072,2089952.081741333
Infants: 0.95 efficacy,2023.0,cum_cancers,2115922.445714315,2067876.5579986572,2160415.437210083
Infants: 0.95 efficacy,2024.0,cum_cancers,2181703.111078898,2133523.4320220947,2230076.046585083
Infants: 0.95 efficacy,2025.0,cum_cancers,2252240.79532369,2204031.3851470947,2301921.911819458
Infants: 0.95 efficacy,2026.0,cum_cancers,2323804.2139434814,2277661.1331939697,2374659.720413208
Infants: 0.95 efficacy,2027.0,cum_cancers,2396274.4362742105,2351781.4456939697,2449493.587600708
Infants: 0.95 efficacy,2028.0,cum_cancers,2468090.5713653564,2420951.4886627197,2525620.7702178955
Infants: 0.95 efficacy,2029.0,cum_cancers,2540367.54141744,2494046.0726470947,2597466.6354522705
Infants: 0.95 efficacy,2030.0,cum_cancers,2614978.425532023,2569281.3167877197,2674441.1627960205
Infants: 0.95 efficacy,2031.0,cum_cancers,2689321.7295684814,2648887.0746002197,2748561.4831085205
Infants: 0.95 efficacy,2032.0,cum_cancers,2764631.301183065,2722026.2542877197,2825937.3815460205
Infants: 0.95 efficacy,2033.0,cum_cancers,2843018.070063273,2803014.5140533447,2905989.1120147705
Infants: 0.95 efficacy,2034.0,cum_cancers,2923396.8389434814,2881416.1507720947,2988627.4616241455
Infants: 0.95 efficacy,2035.0,cum_cancers,3002987.7256622314,2963296.3558502197,3070641.4499053955
Infants: 0.95 efficacy,2036.0,cum_cancers,3081597.4776153564,3040181.6898345947,3155063.6862335205
Infants: 0.95 efficacy,2037.0,cum_cancers,3163210.1026153564,3119564.4613189697,3241626.5846710205
Infants: 0.95 efficacy,2038.0,cum_cancers,3248717.53360494,3204477.2621002197,3329349.0026397705
Infants: 0.95 efficacy,2039.0,cum_cancers,3331623.469151815,3287650.7816314697,3413102.2799835205
Infants: 0.95 efficacy,2040.0,cum_cancers,3413682.062901815,3370735.095840454,3498550.2526397705
Infants: 0.95 efficacy,2041.0,cum_cancers,3495710.9268341064,3450965.213027954,3583775.2409210205
Infants: 0.95 efficacy,2042.0,cum_cancers,3579835.848058065,3531864.2894439697,3672478.7936553955
Infants: 0.95 efficacy,2043.0,cum_cancers,3667766.387120565,3619631.3031158447,3760691.7819366455
Infants: 0.95 efficacy,2044.0,cum_cancers,3752099.430089315,3700218.1956939697,3850733.2448272705
Infants: 0.95 efficacy,2045.0,cum_cancers,3837859.577875773,3789233.922012329,3933193.2096710205
Infants: 0.95 efficacy,2046.0,cum_cancers,3922148.023839315,3873700.755996704,4017080.2799835205
Infants: 0.95 efficacy,2047.0,cum_cancers,4006808.1084747314,3957052.656387329,4101903.8913116455
Infants: 0.95 efficacy,2048.0,cum_cancers,4089446.462641398,4039155.841934204,4186236.9342803955
Infants: 0.95 efficacy,2049.0,cum_cancers,4171906.427485148,4118048.041152954,4269901.0202178955
Infants: 0.95 efficacy,2050.0,cum_cancers,4257012.484125773,4201444.541152954,4355259.7936553955
Infants: 0.95 efficacy,2051.0,cum_cancers,4343114.538813273,4285331.605606079,4443026.8092803955
Infants: 0.95 efficacy,2052.0,cum_cancers,4424221.725662231,4365918.492324829,4525442.1764678955
Infants: 0.95 efficacy,2053.0,cum_cancers,4505849.210688273,4446594.574356079,4609373.8385772705
Infants: 0.95 efficacy,2054.0,cum_cancers,4586213.112380981,4525620.562637329,4693528.4909210205
Infants: 0.95 efficacy,2055.0,cum_cancers,4668732.5375111895,4605003.324356079,4778084.5163116455
Infants: 0.95 efficacy,2056.0,cum_cancers,4746093.569412231,4678856.052871704,4854523.8756866455
Infants: 0.95 efficacy,2057.0,cum_cancers,4825862.844802856,4757971.238418579,4933906.6413116455
Infants: 0.95 efficacy,2058.0,cum_cancers,4902658.984125773,4830842.836074829,5009810.8366241455
Infants: 0.95 efficacy,2059.0,cum_cancers,4980599.781000773,4908798.498184204,5087320.5280303955
Infants: 0.95 efficacy,2060.0,cum_cancers,5059937.950271606,4988716.427871704,5165543.7702178955
Infants: 0.95 efficacy,2061.0,cum_cancers,5137120.596755981,5068723.554824829,5239485.6979522705
Infants: 0.95 efficacy,2062.0,cum_cancers,5214184.317459106,5147392.771621704,5316281.8366241455
Infants: 0.95 efficacy,2063.0,cum_cancers,5293358.966547648,5229228.379043579,5393836.1256866455
Infants: 0.95 efficacy,2064.0,cum_cancers,5373321.495193481,5310216.636856079,5473887.8483428955
Infants: 0.95 efficacy,2065.0,cum_cancers,5450533.874099731,5386522.209121704,5551932.7057647705
Infants: 0.95 efficacy,2066.0,cum_cancers,5526556.995193481,5463006.168106079,5627167.9459991455
Infants: 0.95 efficacy,2067.0,cum_cancers,5604914.030349731,5540515.859512329,5702135.6081085205
Infants: 0.95 efficacy,2068.0,cum_cancers,5681026.344802856,5616999.816543579,5777906.0124053955
Infants: 0.95 efficacy,2069.0,cum_cancers,5755919.673578898,5693974.341934204,5851847.9362335205
Infants: 0.95 efficacy,2070.0,cum_cancers,5831853.600662231,5771528.629043579,5925299.2917022705
Infants: 0.95 efficacy,2071.0,cum_cancers,5907326.689203898,5846050.316543579,5998260.0768585205
Infants: 0.95 efficacy,2072.0,cum_cancers,5982457.866938273,5922132.896621704,6072737.1667022705
Infants: 0.95 efficacy,2073.0,cum_cancers,6059075.614334106,5999285.808731079,6148373.7780303955
Infants: 0.95 efficacy,2074.0,cum_cancers,6135931.216547648,6078311.802871704,6220219.6413116455
Infants: 0.95 efficacy,2075.0,cum_cancers,6212415.1742299395,6155197.132949829,6294830.5202178955
Infants: 0.95 efficacy,2076.0,cum_cancers,6288616.683019002,6231904.076309204,6368281.876663208
Infants: 0.95 efficacy,2077.0,cum_cancers,6365903.388097127,6309859.738418579,6444186.071975708
Infants: 0.95 efficacy,2078.0,cum_cancers,6443338.750727336,6386789.668106079,6519198.329788208
Infants: 0.95 efficacy,2079.0,cum_cancers,6520907.904373169,6465458.882949829,6596529.632522583
Infants: 0.95 efficacy,2080.0,cum_cancers,6597570.250076294,6539980.570449829,6673771.739944458
Infants: 0.95 efficacy,2081.0,cum_cancers,6678157.135492961,6621771.578262329,6752931.521194458
Infants: 0.95 efficacy,2082.0,cum_cancers,6759041.334711711,6705792.435684204,6833473.812210083
Infants: 0.95 efficacy,2083.0,cum_cancers,6840133.650466919,6787583.441543579,6912009.228225708
Infants: 0.95 efficacy,2084.0,cum_cancers,6924377.491612752,6873923.343887329,6994647.575881958
Infants: 0.95 efficacy,2085.0,cum_cancers,7006495.538487752,6956784.672012329,7073718.157913208
Infants: 0.95 efficacy,2086.0,cum_cancers,7089743.379633586,7040448.752090454,7157248.448928833
Infants: 0.95 efficacy,2087.0,cum_cancers,7173020.950597127,7125093.966934204,7241180.111038208
Infants: 0.95 efficacy,2088.0,cum_cancers,7258706.761144002,7210987.898574829,7326405.081741333
Infants: 0.95 efficacy,2089.0,cum_cancers,7343292.509841919,7293760.035293579,7409578.591506958
Infants: 0.95 efficacy,2090.0,cum_cancers,7428770.202550252,7380099.935684204,7495561.718460083
Infants: 0.95 efficacy,2091.0,cum_cancers,7516537.208409627,7466930.404434204,7583061.140335083
Infants: 0.95 efficacy,2092.0,cum_cancers,7607634.127680461,7557194.849746704,7674574.294631958
Infants: 0.95 efficacy,2093.0,cum_cancers,7698329.675206502,7645452.423965454,7766265.841506958
Infants: 0.95 efficacy,2094.0,cum_cancers,7788638.713617961,7736341.226699829,7855549.144241333
Infants: 0.95 efficacy,2095.0,cum_cancers,7878828.824946086,7826471.875137329,7944252.685256958
Infants: 0.95 efficacy,2096.0,cum_cancers,7972423.180414836,7921240.619277954,8036880.771194458
Infants: 0.95 efficacy,2097.0,cum_cancers,8065883.744867961,8013601.121231079,8130623.782913208
Infants: 0.95 efficacy,2098.0,cum_cancers,8160890.342524211,8109038.820449829,8226195.279006958
Infants: 0.95 efficacy,2099.0,cum_cancers,8257279.451248169,8204610.314590454,8325334.542678833
Infants: 0.95 efficacy,2100.0,cum_cancers,8352702.291091919,8299914.230606079,8420638.456741333
