scenario,year,value,metric,stratum,cohort,stat
S_novax,2020,19.19282803544018,asr_cancer_incidence,all,whole,median
S_novax,2021,19.059534478131713,asr_cancer_incidence,all,whole,median
S_novax,2022,19.06973288538334,asr_cancer_incidence,all,whole,median
S_novax,2023,19.059392082769854,asr_cancer_incidence,all,whole,median
S_novax,2024,19.59873628332477,asr_cancer_incidence,all,whole,median
S_novax,2025,19.655099895551373,asr_cancer_incidence,all,whole,median
S_novax,2026,19.792245238105544,asr_cancer_incidence,all,whole,median
S_novax,2027,20.179367255284326,asr_cancer_incidence,all,whole,median
S_novax,2028,19.765806440086013,asr_cancer_incidence,all,whole,median
S_novax,2029,19.680799953869485,asr_cancer_incidence,all,whole,median
S_novax,2030,19.8287586138309,asr_cancer_incidence,all,whole,median
S_novax,2031,19.459150887786574,asr_cancer_incidence,all,whole,median
S_novax,2032,19.554459181472737,asr_cancer_incidence,all,whole,median
S_novax,2033,20.49182704021507,asr_cancer_incidence,all,whole,median
S_novax,2034,20.03277336796757,asr_cancer_incidence,all,whole,median
S_novax,2035,20.010110640169657,asr_cancer_incidence,all,whole,median
S_novax,2036,19.935002250123766,asr_cancer_incidence,all,whole,median
S_novax,2037,19.923746266205036,asr_cancer_incidence,all,whole,median
S_novax,2038,20.795317175769455,asr_cancer_incidence,all,whole,median
S_novax,2039,20.272837173871075,asr_cancer_incidence,all,whole,median
S_novax,2040,20.523648265798116,asr_cancer_incidence,all,whole,median
S_novax,2041,20.373791412171414,asr_cancer_incidence,all,whole,median
S_novax,2042,20.54356688856611,asr_cancer_incidence,all,whole,median
S_novax,2043,20.828210201879912,asr_cancer_incidence,all,whole,median
S_novax,2044,20.758820810891912,asr_cancer_incidence,all,whole,median
S_novax,2045,21.153169965071868,asr_cancer_incidence,all,whole,median
S_novax,2046,20.632021452221952,asr_cancer_incidence,all,whole,median
S_novax,2047,21.658729047247803,asr_cancer_incidence,all,whole,median
S_novax,2048,21.470618209447466,asr_cancer_incidence,all,whole,median
S_novax,2049,21.586946804559894,asr_cancer_incidence,all,whole,median
S_novax,2050,21.502400903591266,asr_cancer_incidence,all,whole,median
S_novax,2051,21.446956571495843,asr_cancer_incidence,all,whole,median
S_novax,2052,21.85608987973026,asr_cancer_incidence,all,whole,median
S_novax,2053,21.88349979801187,asr_cancer_incidence,all,whole,median
S_novax,2054,21.8607936283397,asr_cancer_incidence,all,whole,median
S_novax,2055,22.07584028373231,asr_cancer_incidence,all,whole,median
S_novax,2056,22.644401405197677,asr_cancer_incidence,all,whole,median
S_novax,2057,22.67713446553271,asr_cancer_incidence,all,whole,median
S_novax,2058,23.403644596643815,asr_cancer_incidence,all,whole,median
S_novax,2059,23.03070231495851,asr_cancer_incidence,all,whole,median
S_novax,2060,23.290771353553247,asr_cancer_incidence,all,whole,median
S_novax,2061,23.835957948722452,asr_cancer_incidence,all,whole,median
S_novax,2062,23.994037727222224,asr_cancer_incidence,all,whole,median
S_novax,2063,24.108138859138847,asr_cancer_incidence,all,whole,median
S_novax,2064,24.113763652621763,asr_cancer_incidence,all,whole,median
S_novax,2065,24.511432988976296,asr_cancer_incidence,all,whole,median
S_novax,2066,24.54626192005795,asr_cancer_incidence,all,whole,median
S_novax,2067,24.969870275217367,asr_cancer_incidence,all,whole,median
S_novax,2068,25.316324659153686,asr_cancer_incidence,all,whole,median
S_novax,2069,25.231446656054047,asr_cancer_incidence,all,whole,median
S_novax,2070,25.453036226774685,asr_cancer_incidence,all,whole,median
S_novax,2071,26.005040928906183,asr_cancer_incidence,all,whole,median
S_novax,2072,25.805897560934543,asr_cancer_incidence,all,whole,median
S_novax,2073,26.11026057737306,asr_cancer_incidence,all,whole,median
S_novax,2074,25.99678162044832,asr_cancer_incidence,all,whole,median
S_novax,2075,26.219328496979905,asr_cancer_incidence,all,whole,median
S_novax,2076,26.152171165806763,asr_cancer_incidence,all,whole,median
S_novax,2077,26.02310334182299,asr_cancer_incidence,all,whole,median
S_novax,2078,26.22553695515755,asr_cancer_incidence,all,whole,median
S_novax,2079,26.03055085838399,asr_cancer_incidence,all,whole,median
S_novax,2080,26.225966354342475,asr_cancer_incidence,all,whole,median
S_novax,2081,26.297206924633272,asr_cancer_incidence,all,whole,median
S_novax,2082,26.49819585152209,asr_cancer_incidence,all,whole,median
S_novax,2083,25.96064619108108,asr_cancer_incidence,all,whole,median
S_novax,2084,26.361103354509723,asr_cancer_incidence,all,whole,median
S_novax,2085,26.626697571126016,asr_cancer_incidence,all,whole,median
S_novax,2086,26.262300267821665,asr_cancer_incidence,all,whole,median
S_novax,2087,25.89609463771635,asr_cancer_incidence,all,whole,median
S_novax,2088,26.113307179672546,asr_cancer_incidence,all,whole,median
S_novax,2089,26.75195604055873,asr_cancer_incidence,all,whole,median
S_novax,2090,26.10923040475536,asr_cancer_incidence,all,whole,median
S_novax,2091,25.816896195312232,asr_cancer_incidence,all,whole,median
S_novax,2092,25.865727799471955,asr_cancer_incidence,all,whole,median
S_novax,2093,25.564595796502424,asr_cancer_incidence,all,whole,median
S_novax,2094,25.803750532204795,asr_cancer_incidence,all,whole,median
S_novax,2095,25.93140097548808,asr_cancer_incidence,all,whole,median
S_novax,2096,25.953395852672344,asr_cancer_incidence,all,whole,median
S_novax,2097,26.04197141261701,asr_cancer_incidence,all,whole,median
S_novax,2098,25.21263954053678,asr_cancer_incidence,all,whole,median
S_novax,2099,25.656582510692417,asr_cancer_incidence,all,whole,median
S_novax,2100,25.776917199963158,asr_cancer_incidence,all,whole,median
S_sq,2020,19.19282803544018,asr_cancer_incidence,all,whole,median
S_sq,2021,19.059534478131713,asr_cancer_incidence,all,whole,median
S_sq,2022,19.06973288538334,asr_cancer_incidence,all,whole,median
S_sq,2023,19.059392001594503,asr_cancer_incidence,all,whole,median
S_sq,2024,19.60301703969794,asr_cancer_incidence,all,whole,median
S_sq,2025,19.65997878495768,asr_cancer_incidence,all,whole,median
S_sq,2026,19.773516385629094,asr_cancer_incidence,all,whole,median
S_sq,2027,20.260661077066217,asr_cancer_incidence,all,whole,median
S_sq,2028,19.948491396734845,asr_cancer_incidence,all,whole,median
S_sq,2029,19.65880029361128,asr_cancer_incidence,all,whole,median
S_sq,2030,19.73833615538571,asr_cancer_incidence,all,whole,median
S_sq,2031,19.579038810993907,asr_cancer_incidence,all,whole,median
S_sq,2032,19.512817712836565,asr_cancer_incidence,all,whole,median
S_sq,2033,20.0187634238382,asr_cancer_incidence,all,whole,median
S_sq,2034,19.787553977073614,asr_cancer_incidence,all,whole,median
S_sq,2035,19.61094044430616,asr_cancer_incidence,all,whole,median
S_sq,2036,19.62249450289979,asr_cancer_incidence,all,whole,median
S_sq,2037,20.053141673045026,asr_cancer_incidence,all,whole,median
S_sq,2038,19.749735753331585,asr_cancer_incidence,all,whole,median
S_sq,2039,19.565277785592553,asr_cancer_incidence,all,whole,median
S_sq,2040,19.471792266328247,asr_cancer_incidence,all,whole,median
S_sq,2041,18.93265343667198,asr_cancer_incidence,all,whole,median
S_sq,2042,19.289046493824586,asr_cancer_incidence,all,whole,median
S_sq,2043,18.93926163467021,asr_cancer_incidence,all,whole,median
S_sq,2044,18.905585147635243,asr_cancer_incidence,all,whole,median
S_sq,2045,18.85750643384133,asr_cancer_incidence,all,whole,median
S_sq,2046,18.212882052580134,asr_cancer_incidence,all,whole,median
S_sq,2047,18.258696007804453,asr_cancer_incidence,all,whole,median
S_sq,2048,18.027066816952342,asr_cancer_incidence,all,whole,median
S_sq,2049,17.586136899850914,asr_cancer_incidence,all,whole,median
S_sq,2050,17.252074382912795,asr_cancer_incidence,all,whole,median
S_sq,2051,16.91855469398412,asr_cancer_incidence,all,whole,median
S_sq,2052,16.75246953380514,asr_cancer_incidence,all,whole,median
S_sq,2053,16.434996311878194,asr_cancer_incidence,all,whole,median
S_sq,2054,15.765704765092437,asr_cancer_incidence,all,whole,median
S_sq,2055,15.510353943639746,asr_cancer_incidence,all,whole,median
S_sq,2056,14.649567671472287,asr_cancer_incidence,all,whole,median
S_sq,2057,14.834183945932416,asr_cancer_incidence,all,whole,median
S_sq,2058,14.201619825754442,asr_cancer_incidence,all,whole,median
S_sq,2059,13.77762878450196,asr_cancer_incidence,all,whole,median
S_sq,2060,13.328359442889004,asr_cancer_incidence,all,whole,median
S_sq,2061,13.09432626185113,asr_cancer_incidence,all,whole,median
S_sq,2062,13.087776435422146,asr_cancer_incidence,all,whole,median
S_sq,2063,12.31391410096542,asr_cancer_incidence,all,whole,median
S_sq,2064,12.244878307104234,asr_cancer_incidence,all,whole,median
S_sq,2065,11.77195179202868,asr_cancer_incidence,all,whole,median
S_sq,2066,11.566337564112604,asr_cancer_incidence,all,whole,median
S_sq,2067,11.282314060884076,asr_cancer_incidence,all,whole,median
S_sq,2068,10.950388745362776,asr_cancer_incidence,all,whole,median
S_sq,2069,10.838235312773763,asr_cancer_incidence,all,whole,median
S_sq,2070,10.451523075425197,asr_cancer_incidence,all,whole,median
S_sq,2071,10.06127167064523,asr_cancer_incidence,all,whole,median
S_sq,2072,10.09217167980482,asr_cancer_incidence,all,whole,median
S_sq,2073,9.450808471903368,asr_cancer_incidence,all,whole,median
S_sq,2074,9.568407017366477,asr_cancer_incidence,all,whole,median
S_sq,2075,9.172855994707424,asr_cancer_incidence,all,whole,median
S_sq,2076,8.953166463009545,asr_cancer_incidence,all,whole,median
S_sq,2077,8.830808751949313,asr_cancer_incidence,all,whole,median
S_sq,2078,8.744992956904188,asr_cancer_incidence,all,whole,median
S_sq,2079,8.52287448502579,asr_cancer_incidence,all,whole,median
S_sq,2080,8.180609701546652,asr_cancer_incidence,all,whole,median
S_sq,2081,8.47694353752399,asr_cancer_incidence,all,whole,median
S_sq,2082,8.358494576624013,asr_cancer_incidence,all,whole,median
S_sq,2083,7.980559857183792,asr_cancer_incidence,all,whole,median
S_sq,2084,8.14295433357502,asr_cancer_incidence,all,whole,median
S_sq,2085,7.786620788167923,asr_cancer_incidence,all,whole,median
S_sq,2086,8.164783375784953,asr_cancer_incidence,all,whole,median
S_sq,2087,7.648359274349052,asr_cancer_incidence,all,whole,median
S_sq,2088,7.858469515709937,asr_cancer_incidence,all,whole,median
S_sq,2089,7.881672804317182,asr_cancer_incidence,all,whole,median
S_sq,2090,7.89593571503164,asr_cancer_incidence,all,whole,median
S_sq,2091,7.889909636601367,asr_cancer_incidence,all,whole,median
S_sq,2092,7.725654192418046,asr_cancer_incidence,all,whole,median
S_sq,2093,7.899766868370595,asr_cancer_incidence,all,whole,median
S_sq,2094,7.89592026705381,asr_cancer_incidence,all,whole,median
S_sq,2095,7.87818508950722,asr_cancer_incidence,all,whole,median
S_sq,2096,7.857880771555905,asr_cancer_incidence,all,whole,median
S_sq,2097,7.682816936150742,asr_cancer_incidence,all,whole,median
S_sq,2098,8.033246862421048,asr_cancer_incidence,all,whole,median
S_sq,2099,7.896688572966055,asr_cancer_incidence,all,whole,median
S_sq,2100,7.776527642223187,asr_cancer_incidence,all,whole,median
S_novax,2020,18.441817940959726,asr_cancer_incidence,all,whole,q25
S_novax,2021,17.818941496738717,asr_cancer_incidence,all,whole,q25
S_novax,2022,18.092533260583394,asr_cancer_incidence,all,whole,q25
S_novax,2023,18.21851287394384,asr_cancer_incidence,all,whole,q25
S_novax,2024,17.994693687568358,asr_cancer_incidence,all,whole,q25
S_novax,2025,18.251664567280066,asr_cancer_incidence,all,whole,q25
S_novax,2026,18.29839326523942,asr_cancer_incidence,all,whole,q25
S_novax,2027,18.616676948359814,asr_cancer_incidence,all,whole,q25
S_novax,2028,18.458967387787972,asr_cancer_incidence,all,whole,q25
S_novax,2029,18.538212353871423,asr_cancer_incidence,all,whole,q25
S_novax,2030,18.511124723294007,asr_cancer_incidence,all,whole,q25
S_novax,2031,18.261807256152743,asr_cancer_incidence,all,whole,q25
S_novax,2032,18.695287339873502,asr_cancer_incidence,all,whole,q25
S_novax,2033,18.425696020924317,asr_cancer_incidence,all,whole,q25
S_novax,2034,18.87907411609099,asr_cancer_incidence,all,whole,q25
S_novax,2035,18.39472262657637,asr_cancer_incidence,all,whole,q25
S_novax,2036,18.953632143875453,asr_cancer_incidence,all,whole,q25
S_novax,2037,18.852537224860892,asr_cancer_incidence,all,whole,q25
S_novax,2038,18.833463190356433,asr_cancer_incidence,all,whole,q25
S_novax,2039,19.15894929800767,asr_cancer_incidence,all,whole,q25
S_novax,2040,19.08487479523278,asr_cancer_incidence,all,whole,q25
S_novax,2041,19.072985209430747,asr_cancer_incidence,all,whole,q25
S_novax,2042,19.375700784822712,asr_cancer_incidence,all,whole,q25
S_novax,2043,20.12879032863586,asr_cancer_incidence,all,whole,q25
S_novax,2044,19.00245567783791,asr_cancer_incidence,all,whole,q25
S_novax,2045,20.23494945085225,asr_cancer_incidence,all,whole,q25
S_novax,2046,19.70839399167695,asr_cancer_incidence,all,whole,q25
S_novax,2047,20.186745985215577,asr_cancer_incidence,all,whole,q25
S_novax,2048,20.282695854565297,asr_cancer_incidence,all,whole,q25
S_novax,2049,20.18508712080011,asr_cancer_incidence,all,whole,q25
S_novax,2050,20.0049471534807,asr_cancer_incidence,all,whole,q25
S_novax,2051,20.020099094829853,asr_cancer_incidence,all,whole,q25
S_novax,2052,20.696234586659454,asr_cancer_incidence,all,whole,q25
S_novax,2053,20.414283593198807,asr_cancer_incidence,all,whole,q25
S_novax,2054,20.493878750382294,asr_cancer_incidence,all,whole,q25
S_novax,2055,20.97224171733621,asr_cancer_incidence,all,whole,q25
S_novax,2056,20.89229201026663,asr_cancer_incidence,all,whole,q25
S_novax,2057,21.024923838283755,asr_cancer_incidence,all,whole,q25
S_novax,2058,21.380587051211016,asr_cancer_incidence,all,whole,q25
S_novax,2059,21.156482134719127,asr_cancer_incidence,all,whole,q25
S_novax,2060,21.3343465189182,asr_cancer_incidence,all,whole,q25
S_novax,2061,21.814545492717183,asr_cancer_incidence,all,whole,q25
S_novax,2062,21.694357279055378,asr_cancer_incidence,all,whole,q25
S_novax,2063,22.210129542439436,asr_cancer_incidence,all,whole,q25
S_novax,2064,22.242399430709177,asr_cancer_incidence,all,whole,q25
S_novax,2065,22.717375848345995,asr_cancer_incidence,all,whole,q25
S_novax,2066,23.335613849637937,asr_cancer_incidence,all,whole,q25
S_novax,2067,23.285112426881344,asr_cancer_incidence,all,whole,q25
S_novax,2068,23.85578703336204,asr_cancer_incidence,all,whole,q25
S_novax,2069,23.94197339044091,asr_cancer_incidence,all,whole,q25
S_novax,2070,24.207583525077887,asr_cancer_incidence,all,whole,q25
S_novax,2071,23.86048987523428,asr_cancer_incidence,all,whole,q25
S_novax,2072,24.126067510761633,asr_cancer_incidence,all,whole,q25
S_novax,2073,23.889883360675597,asr_cancer_incidence,all,whole,q25
S_novax,2074,24.174957043405854,asr_cancer_incidence,all,whole,q25
S_novax,2075,24.66603696231457,asr_cancer_incidence,all,whole,q25
S_novax,2076,25.137399087993934,asr_cancer_incidence,all,whole,q25
S_novax,2077,24.64024898436525,asr_cancer_incidence,all,whole,q25
S_novax,2078,24.329430623515908,asr_cancer_incidence,all,whole,q25
S_novax,2079,25.043638165696827,asr_cancer_incidence,all,whole,q25
S_novax,2080,24.9587928137893,asr_cancer_incidence,all,whole,q25
S_novax,2081,25.302052632434833,asr_cancer_incidence,all,whole,q25
S_novax,2082,24.662136456727318,asr_cancer_incidence,all,whole,q25
S_novax,2083,24.777100891744904,asr_cancer_incidence,all,whole,q25
S_novax,2084,25.030786567307725,asr_cancer_incidence,all,whole,q25
S_novax,2085,25.022908405661266,asr_cancer_incidence,all,whole,q25
S_novax,2086,24.901424524242216,asr_cancer_incidence,all,whole,q25
S_novax,2087,24.46170148485386,asr_cancer_incidence,all,whole,q25
S_novax,2088,24.574039105966992,asr_cancer_incidence,all,whole,q25
S_novax,2089,25.499322935306385,asr_cancer_incidence,all,whole,q25
S_novax,2090,24.616573327106085,asr_cancer_incidence,all,whole,q25
S_novax,2091,25.110968254509793,asr_cancer_incidence,all,whole,q25
S_novax,2092,24.1628657313522,asr_cancer_incidence,all,whole,q25
S_novax,2093,24.262721738575163,asr_cancer_incidence,all,whole,q25
S_novax,2094,24.29221791950429,asr_cancer_incidence,all,whole,q25
S_novax,2095,24.384997450355065,asr_cancer_incidence,all,whole,q25
S_novax,2096,24.123523660989967,asr_cancer_incidence,all,whole,q25
S_novax,2097,23.818272494384004,asr_cancer_incidence,all,whole,q25
S_novax,2098,23.902689372131395,asr_cancer_incidence,all,whole,q25
S_novax,2099,24.562083115908983,asr_cancer_incidence,all,whole,q25
S_novax,2100,23.717700558027275,asr_cancer_incidence,all,whole,q25
S_sq,2020,18.441817940959726,asr_cancer_incidence,all,whole,q25
S_sq,2021,17.818941496738717,asr_cancer_incidence,all,whole,q25
S_sq,2022,18.092533260583394,asr_cancer_incidence,all,whole,q25
S_sq,2023,18.21851287394384,asr_cancer_incidence,all,whole,q25
S_sq,2024,17.99776991552184,asr_cancer_incidence,all,whole,q25
S_sq,2025,18.187941501114345,asr_cancer_incidence,all,whole,q25
S_sq,2026,18.14261008435686,asr_cancer_incidence,all,whole,q25
S_sq,2027,18.64156504484596,asr_cancer_incidence,all,whole,q25
S_sq,2028,18.32035908155224,asr_cancer_incidence,all,whole,q25
S_sq,2029,18.69626736445879,asr_cancer_incidence,all,whole,q25
S_sq,2030,18.367704557504258,asr_cancer_incidence,all,whole,q25
S_sq,2031,18.150768787063555,asr_cancer_incidence,all,whole,q25
S_sq,2032,18.769145252490368,asr_cancer_incidence,all,whole,q25
S_sq,2033,18.261716904655493,asr_cancer_incidence,all,whole,q25
S_sq,2034,18.69125812018168,asr_cancer_incidence,all,whole,q25
S_sq,2035,18.213900380186566,asr_cancer_incidence,all,whole,q25
S_sq,2036,18.55999784283416,asr_cancer_incidence,all,whole,q25
S_sq,2037,18.846507679930074,asr_cancer_incidence,all,whole,q25
S_sq,2038,18.35539602409612,asr_cancer_incidence,all,whole,q25
S_sq,2039,18.446073915731724,asr_cancer_incidence,all,whole,q25
S_sq,2040,18.233381068278806,asr_cancer_incidence,all,whole,q25
S_sq,2041,18.036246951611496,asr_cancer_incidence,all,whole,q25
S_sq,2042,18.17205231164926,asr_cancer_incidence,all,whole,q25
S_sq,2043,18.25642462060208,asr_cancer_incidence,all,whole,q25
S_sq,2044,17.739774897643372,asr_cancer_incidence,all,whole,q25
S_sq,2045,17.91230591117944,asr_cancer_incidence,all,whole,q25
S_sq,2046,17.313645749226684,asr_cancer_incidence,all,whole,q25
S_sq,2047,16.824536168136962,asr_cancer_incidence,all,whole,q25
S_sq,2048,17.01292303001564,asr_cancer_incidence,all,whole,q25
S_sq,2049,16.861835906142154,asr_cancer_incidence,all,whole,q25
S_sq,2050,16.234450168139873,asr_cancer_incidence,all,whole,q25
S_sq,2051,15.692868238566563,asr_cancer_incidence,all,whole,q25
S_sq,2052,15.380974102166137,asr_cancer_incidence,all,whole,q25
S_sq,2053,15.057281471792123,asr_cancer_incidence,all,whole,q25
S_sq,2054,14.812503107323987,asr_cancer_incidence,all,whole,q25
S_sq,2055,14.591029934073264,asr_cancer_incidence,all,whole,q25
S_sq,2056,13.755985281108527,asr_cancer_incidence,all,whole,q25
S_sq,2057,13.660098657246943,asr_cancer_incidence,all,whole,q25
S_sq,2058,13.381258730806021,asr_cancer_incidence,all,whole,q25
S_sq,2059,12.92688329214679,asr_cancer_incidence,all,whole,q25
S_sq,2060,12.501011509954058,asr_cancer_incidence,all,whole,q25
S_sq,2061,12.209832003715112,asr_cancer_incidence,all,whole,q25
S_sq,2062,11.912370914668195,asr_cancer_incidence,all,whole,q25
S_sq,2063,11.31126270588412,asr_cancer_incidence,all,whole,q25
S_sq,2064,11.430637730473016,asr_cancer_incidence,all,whole,q25
S_sq,2065,10.97318375856527,asr_cancer_incidence,all,whole,q25
S_sq,2066,10.498287761554623,asr_cancer_incidence,all,whole,q25
S_sq,2067,10.240912684674104,asr_cancer_incidence,all,whole,q25
S_sq,2068,10.071270033460465,asr_cancer_incidence,all,whole,q25
S_sq,2069,9.855469953143196,asr_cancer_incidence,all,whole,q25
S_sq,2070,9.308463642020342,asr_cancer_incidence,all,whole,q25
S_sq,2071,9.131230037652678,asr_cancer_incidence,all,whole,q25
S_sq,2072,8.83750636988405,asr_cancer_incidence,all,whole,q25
S_sq,2073,8.664241800199,asr_cancer_incidence,all,whole,q25
S_sq,2074,8.344142787223902,asr_cancer_incidence,all,whole,q25
S_sq,2075,8.107533006108035,asr_cancer_incidence,all,whole,q25
S_sq,2076,7.927235816950765,asr_cancer_incidence,all,whole,q25
S_sq,2077,7.622321082840761,asr_cancer_incidence,all,whole,q25
S_sq,2078,7.439422431112364,asr_cancer_incidence,all,whole,q25
S_sq,2079,7.730007558667245,asr_cancer_incidence,all,whole,q25
S_sq,2080,7.248325341455681,asr_cancer_incidence,all,whole,q25
S_sq,2081,7.230947184103728,asr_cancer_incidence,all,whole,q25
S_sq,2082,7.179036636287257,asr_cancer_incidence,all,whole,q25
S_sq,2083,6.8668187860293255,asr_cancer_incidence,all,whole,q25
S_sq,2084,6.974239826333523,asr_cancer_incidence,all,whole,q25
S_sq,2085,6.565356190160873,asr_cancer_incidence,all,whole,q25
S_sq,2086,6.406898084432498,asr_cancer_incidence,all,whole,q25
S_sq,2087,6.1395413282705045,asr_cancer_incidence,all,whole,q25
S_sq,2088,6.357766829527709,asr_cancer_incidence,all,whole,q25
S_sq,2089,6.37734476849163,asr_cancer_incidence,all,whole,q25
S_sq,2090,6.151163284347969,asr_cancer_incidence,all,whole,q25
S_sq,2091,6.075154342748276,asr_cancer_incidence,all,whole,q25
S_sq,2092,5.987096054143333,asr_cancer_incidence,all,whole,q25
S_sq,2093,6.338380015195773,asr_cancer_incidence,all,whole,q25
S_sq,2094,6.174388041083381,asr_cancer_incidence,all,whole,q25
S_sq,2095,6.2708099420446475,asr_cancer_incidence,all,whole,q25
S_sq,2096,5.942476955280251,asr_cancer_incidence,all,whole,q25
S_sq,2097,6.103316115422201,asr_cancer_incidence,all,whole,q25
S_sq,2098,6.305366014936959,asr_cancer_incidence,all,whole,q25
S_sq,2099,6.145540601317549,asr_cancer_incidence,all,whole,q25
S_sq,2100,6.103284967309003,asr_cancer_incidence,all,whole,q25
S_novax,2020,20.60806026053937,asr_cancer_incidence,all,whole,q75
S_novax,2021,20.762247782119797,asr_cancer_incidence,all,whole,q75
S_novax,2022,20.582315395171936,asr_cancer_incidence,all,whole,q75
S_novax,2023,20.799955318033533,asr_cancer_incidence,all,whole,q75
S_novax,2024,21.136619015306763,asr_cancer_incidence,all,whole,q75
S_novax,2025,21.112475050617704,asr_cancer_incidence,all,whole,q75
S_novax,2026,20.793934497271575,asr_cancer_incidence,all,whole,q75
S_novax,2027,22.015161560200017,asr_cancer_incidence,all,whole,q75
S_novax,2028,21.546517137187656,asr_cancer_incidence,all,whole,q75
S_novax,2029,21.635960325371304,asr_cancer_incidence,all,whole,q75
S_novax,2030,21.4933164165557,asr_cancer_incidence,all,whole,q75
S_novax,2031,21.026652969649835,asr_cancer_incidence,all,whole,q75
S_novax,2032,21.52019512113789,asr_cancer_incidence,all,whole,q75
S_novax,2033,21.189169017904582,asr_cancer_incidence,all,whole,q75
S_novax,2034,21.832967684594426,asr_cancer_incidence,all,whole,q75
S_novax,2035,20.957645187550117,asr_cancer_incidence,all,whole,q75
S_novax,2036,21.583316835928535,asr_cancer_incidence,all,whole,q75
S_novax,2037,22.006996547909594,asr_cancer_incidence,all,whole,q75
S_novax,2038,21.711875437117975,asr_cancer_incidence,all,whole,q75
S_novax,2039,21.451193347939498,asr_cancer_incidence,all,whole,q75
S_novax,2040,21.96385700920234,asr_cancer_incidence,all,whole,q75
S_novax,2041,21.78441982985151,asr_cancer_incidence,all,whole,q75
S_novax,2042,21.76020525964105,asr_cancer_incidence,all,whole,q75
S_novax,2043,22.2899055723585,asr_cancer_incidence,all,whole,q75
S_novax,2044,22.13199130043018,asr_cancer_incidence,all,whole,q75
S_novax,2045,22.75590048667131,asr_cancer_incidence,all,whole,q75
S_novax,2046,22.365252844009845,asr_cancer_incidence,all,whole,q75
S_novax,2047,22.92101819058883,asr_cancer_incidence,all,whole,q75
S_novax,2048,22.85423698662516,asr_cancer_incidence,all,whole,q75
S_novax,2049,23.100897760109277,asr_cancer_incidence,all,whole,q75
S_novax,2050,23.060372793912222,asr_cancer_incidence,all,whole,q75
S_novax,2051,23.41817483659803,asr_cancer_incidence,all,whole,q75
S_novax,2052,22.975745143816916,asr_cancer_incidence,all,whole,q75
S_novax,2053,23.360681294066254,asr_cancer_incidence,all,whole,q75
S_novax,2054,24.242084251479334,asr_cancer_incidence,all,whole,q75
S_novax,2055,23.96298178059614,asr_cancer_incidence,all,whole,q75
S_novax,2056,24.934923569529623,asr_cancer_incidence,all,whole,q75
S_novax,2057,23.800151858882334,asr_cancer_incidence,all,whole,q75
S_novax,2058,24.599157159399304,asr_cancer_incidence,all,whole,q75
S_novax,2059,24.361094601449146,asr_cancer_incidence,all,whole,q75
S_novax,2060,24.878859602798638,asr_cancer_incidence,all,whole,q75
S_novax,2061,25.28340392791968,asr_cancer_incidence,all,whole,q75
S_novax,2062,25.31389408924796,asr_cancer_incidence,all,whole,q75
S_novax,2063,25.254366318961054,asr_cancer_incidence,all,whole,q75
S_novax,2064,25.81083632015732,asr_cancer_incidence,all,whole,q75
S_novax,2065,25.721525011112366,asr_cancer_incidence,all,whole,q75
S_novax,2066,26.25248548442409,asr_cancer_incidence,all,whole,q75
S_novax,2067,26.23348163318149,asr_cancer_incidence,all,whole,q75
S_novax,2068,26.647631177356537,asr_cancer_incidence,all,whole,q75
S_novax,2069,26.517967815074122,asr_cancer_incidence,all,whole,q75
S_novax,2070,26.658083544276455,asr_cancer_incidence,all,whole,q75
S_novax,2071,26.865856562916594,asr_cancer_incidence,all,whole,q75
S_novax,2072,26.74304606818593,asr_cancer_incidence,all,whole,q75
S_novax,2073,27.48269769098626,asr_cancer_incidence,all,whole,q75
S_novax,2074,27.222529932951964,asr_cancer_incidence,all,whole,q75
S_novax,2075,27.26800035702169,asr_cancer_incidence,all,whole,q75
S_novax,2076,27.429078319899222,asr_cancer_incidence,all,whole,q75
S_novax,2077,27.504984989007355,asr_cancer_incidence,all,whole,q75
S_novax,2078,27.0602033505533,asr_cancer_incidence,all,whole,q75
S_novax,2079,27.559215185966863,asr_cancer_incidence,all,whole,q75
S_novax,2080,27.61190309618027,asr_cancer_incidence,all,whole,q75
S_novax,2081,28.09833750225952,asr_cancer_incidence,all,whole,q75
S_novax,2082,28.271311776449057,asr_cancer_incidence,all,whole,q75
S_novax,2083,28.60368643341807,asr_cancer_incidence,all,whole,q75
S_novax,2084,28.05056410826818,asr_cancer_incidence,all,whole,q75
S_novax,2085,28.24609610530791,asr_cancer_incidence,all,whole,q75
S_novax,2086,28.373663402950157,asr_cancer_incidence,all,whole,q75
S_novax,2087,28.322946989289242,asr_cancer_incidence,all,whole,q75
S_novax,2088,28.78924521215784,asr_cancer_incidence,all,whole,q75
S_novax,2089,28.138713392776772,asr_cancer_incidence,all,whole,q75
S_novax,2090,28.879126440985267,asr_cancer_incidence,all,whole,q75
S_novax,2091,27.943660993793277,asr_cancer_incidence,all,whole,q75
S_novax,2092,28.404503205826433,asr_cancer_incidence,all,whole,q75
S_novax,2093,28.080839838022694,asr_cancer_incidence,all,whole,q75
S_novax,2094,28.786431095908952,asr_cancer_incidence,all,whole,q75
S_novax,2095,28.544041259301594,asr_cancer_incidence,all,whole,q75
S_novax,2096,28.977142926006103,asr_cancer_incidence,all,whole,q75
S_novax,2097,28.131972487485452,asr_cancer_incidence,all,whole,q75
S_novax,2098,28.713430168238155,asr_cancer_incidence,all,whole,q75
S_novax,2099,27.997314729058886,asr_cancer_incidence,all,whole,q75
S_novax,2100,28.72804180568827,asr_cancer_incidence,all,whole,q75
S_sq,2020,20.60806026053937,asr_cancer_incidence,all,whole,q75
S_sq,2021,20.762247782119797,asr_cancer_incidence,all,whole,q75
S_sq,2022,20.582315395171936,asr_cancer_incidence,all,whole,q75
S_sq,2023,20.79995349532271,asr_cancer_incidence,all,whole,q75
S_sq,2024,21.133927561792362,asr_cancer_incidence,all,whole,q75
S_sq,2025,21.061093864057682,asr_cancer_incidence,all,whole,q75
S_sq,2026,20.887045895226645,asr_cancer_incidence,all,whole,q75
S_sq,2027,21.926681413302784,asr_cancer_incidence,all,whole,q75
S_sq,2028,21.111939534014414,asr_cancer_incidence,all,whole,q75
S_sq,2029,21.53565482853381,asr_cancer_incidence,all,whole,q75
S_sq,2030,21.27477098429487,asr_cancer_incidence,all,whole,q75
S_sq,2031,21.068484820161725,asr_cancer_incidence,all,whole,q75
S_sq,2032,21.25111388780664,asr_cancer_incidence,all,whole,q75
S_sq,2033,21.341729042531824,asr_cancer_incidence,all,whole,q75
S_sq,2034,21.538403816882898,asr_cancer_incidence,all,whole,q75
S_sq,2035,20.96795742809922,asr_cancer_incidence,all,whole,q75
S_sq,2036,20.538471134678858,asr_cancer_incidence,all,whole,q75
S_sq,2037,21.552122767040416,asr_cancer_incidence,all,whole,q75
S_sq,2038,20.831412579583834,asr_cancer_incidence,all,whole,q75
S_sq,2039,20.911840273522696,asr_cancer_incidence,all,whole,q75
S_sq,2040,20.806337446766477,asr_cancer_incidence,all,whole,q75
S_sq,2041,20.618854516899635,asr_cancer_incidence,all,whole,q75
S_sq,2042,20.27019041235682,asr_cancer_incidence,all,whole,q75
S_sq,2043,20.27588894699228,asr_cancer_incidence,all,whole,q75
S_sq,2044,19.89232892778451,asr_cancer_incidence,all,whole,q75
S_sq,2045,20.02002153434707,asr_cancer_incidence,all,whole,q75
S_sq,2046,19.382717807664605,asr_cancer_incidence,all,whole,q75
S_sq,2047,19.89112599449122,asr_cancer_incidence,all,whole,q75
S_sq,2048,18.950792563837553,asr_cancer_incidence,all,whole,q75
S_sq,2049,19.288958461984105,asr_cancer_incidence,all,whole,q75
S_sq,2050,18.49036295528759,asr_cancer_incidence,all,whole,q75
S_sq,2051,17.9325353609747,asr_cancer_incidence,all,whole,q75
S_sq,2052,17.846412762173255,asr_cancer_incidence,all,whole,q75
S_sq,2053,17.529840268588757,asr_cancer_incidence,all,whole,q75
S_sq,2054,17.05670145493941,asr_cancer_incidence,all,whole,q75
S_sq,2055,16.760236097444135,asr_cancer_incidence,all,whole,q75
S_sq,2056,16.275384601568238,asr_cancer_incidence,all,whole,q75
S_sq,2057,15.66016980907182,asr_cancer_incidence,all,whole,q75
S_sq,2058,15.354496234106827,asr_cancer_incidence,all,whole,q75
S_sq,2059,15.015951625119913,asr_cancer_incidence,all,whole,q75
S_sq,2060,14.772033739631635,asr_cancer_incidence,all,whole,q75
S_sq,2061,14.338880592666879,asr_cancer_incidence,all,whole,q75
S_sq,2062,13.610364010514907,asr_cancer_incidence,all,whole,q75
S_sq,2063,13.618669817092606,asr_cancer_incidence,all,whole,q75
S_sq,2064,13.564687499151804,asr_cancer_incidence,all,whole,q75
S_sq,2065,12.89187010895635,asr_cancer_incidence,all,whole,q75
S_sq,2066,12.492088905791192,asr_cancer_incidence,all,whole,q75
S_sq,2067,12.419287169496204,asr_cancer_incidence,all,whole,q75
S_sq,2068,12.087075043229758,asr_cancer_incidence,all,whole,q75
S_sq,2069,11.879783311998107,asr_cancer_incidence,all,whole,q75
S_sq,2070,11.603592151996509,asr_cancer_incidence,all,whole,q75
S_sq,2071,11.42890334936163,asr_cancer_incidence,all,whole,q75
S_sq,2072,11.174094402971937,asr_cancer_incidence,all,whole,q75
S_sq,2073,11.019732244982523,asr_cancer_incidence,all,whole,q75
S_sq,2074,10.992066083725804,asr_cancer_incidence,all,whole,q75
S_sq,2075,10.346677618339934,asr_cancer_incidence,all,whole,q75
S_sq,2076,10.094297007933118,asr_cancer_incidence,all,whole,q75
S_sq,2077,9.935932288003748,asr_cancer_incidence,all,whole,q75
S_sq,2078,9.740056680578265,asr_cancer_incidence,all,whole,q75
S_sq,2079,10.145467619957623,asr_cancer_incidence,all,whole,q75
S_sq,2080,9.84138710045426,asr_cancer_incidence,all,whole,q75
S_sq,2081,9.835711119564458,asr_cancer_incidence,all,whole,q75
S_sq,2082,9.682040163805015,asr_cancer_incidence,all,whole,q75
S_sq,2083,9.440928552773263,asr_cancer_incidence,all,whole,q75
S_sq,2084,9.64578363650983,asr_cancer_incidence,all,whole,q75
S_sq,2085,9.106389377347693,asr_cancer_incidence,all,whole,q75
S_sq,2086,9.376928380012325,asr_cancer_incidence,all,whole,q75
S_sq,2087,8.93892140662354,asr_cancer_incidence,all,whole,q75
S_sq,2088,9.215766350565227,asr_cancer_incidence,all,whole,q75
S_sq,2089,8.996378793921693,asr_cancer_incidence,all,whole,q75
S_sq,2090,9.070894938296073,asr_cancer_incidence,all,whole,q75
S_sq,2091,8.918654451304674,asr_cancer_incidence,all,whole,q75
S_sq,2092,9.010557014001705,asr_cancer_incidence,all,whole,q75
S_sq,2093,9.192524566871946,asr_cancer_incidence,all,whole,q75
S_sq,2094,8.985020918860169,asr_cancer_incidence,all,whole,q75
S_sq,2095,8.829975323284588,asr_cancer_incidence,all,whole,q75
S_sq,2096,9.201019749632454,asr_cancer_incidence,all,whole,q75
S_sq,2097,9.017219342830199,asr_cancer_incidence,all,whole,q75
S_sq,2098,9.12456298171238,asr_cancer_incidence,all,whole,q75
S_sq,2099,8.905846470671502,asr_cancer_incidence,all,whole,q75
S_sq,2100,9.030333276559599,asr_cancer_incidence,all,whole,q75
S_novax,2020_2125,5139833.092744553,new_cancers,unvaxunscr,whole,median
S_sq,2020_2125,1657850.966678824,new_cancers,unvaxunscr,whole,median
S_novax,2020_2125,4831689.726355891,new_cancers,unvaxunscr,whole,q25
S_sq,2020_2125,1493332.4231992506,new_cancers,unvaxunscr,whole,q25
S_novax,2020_2125,5473452.5646259505,new_cancers,unvaxunscr,whole,q75
S_sq,2020_2125,1832481.8998343311,new_cancers,unvaxunscr,whole,q75
S_novax,2020_2125,228203.17463110646,new_cancers,unvaxscr,whole,median
S_sq,2020_2125,78401.63262167425,new_cancers,unvaxscr,whole,median
S_novax,2020_2125,207878.06115394685,new_cancers,unvaxscr,whole,q25
S_sq,2020_2125,62993.348665247606,new_cancers,unvaxscr,whole,q25
S_novax,2020_2125,238304.4077273576,new_cancers,unvaxscr,whole,q75
S_sq,2020_2125,87031.16394899876,new_cancers,unvaxscr,whole,q75
S_sq,2020_2125,490456.1377694887,new_cancers,vaxunscr,whole,median
S_sq,2020_2125,384136.7642245781,new_cancers,vaxunscr,whole,q25
S_sq,2020_2125,553717.0581843705,new_cancers,vaxunscr,whole,q75
S_sq,2020_2125,27516.38684061829,new_cancers,vaxscr,whole,median
S_sq,2020_2125,19678.453415768003,new_cancers,vaxscr,whole,q25
S_sq,2020_2125,32633.89935867196,new_cancers,vaxscr,whole,q75
S_novax,2020_2125,5359451.291098444,new_cancers,all,whole,median
S_sq,2020_2125,2247290.3106779256,new_cancers,all,whole,median
S_novax,2020_2125,5045599.509611862,new_cancers,all,whole,q25
S_sq,2020_2125,1972527.8174994483,new_cancers,all,whole,q25
S_novax,2020_2125,5695590.566739796,new_cancers,all,whole,q75
S_sq,2020_2125,2545377.023830931,new_cancers,all,whole,q75
S_sq,2026,44.59706200317796,new_cancers,all,c2015_2019,median
S_sq,2029,44.59706200317796,new_cancers,all,c2015_2019,median
S_sq,2030,44.59706200317796,new_cancers,all,c2015_2019,median
S_sq,2031,44.59706200317796,new_cancers,all,c2015_2019,median
S_sq,2032,44.59706200317796,new_cancers,all,c2015_2019,median
S_sq,2033,44.59706200317796,new_cancers,all,c2015_2019,median
S_sq,2034,44.59706200317796,new_cancers,all,c2015_2019,median
S_sq,2035,44.59706200317796,new_cancers,all,c2015_2019,median
S_sq,2036,89.19412400635592,new_cancers,all,c2015_2019,median
S_sq,2037,89.19412400635592,new_cancers,all,c2015_2019,median
S_sq,2038,133.79118600953387,new_cancers,all,c2015_2019,median
S_sq,2039,178.38824801271184,new_cancers,all,c2015_2019,median
S_sq,2040,222.9853100158898,new_cancers,all,c2015_2019,median
S_sq,2041,312.1794340222457,new_cancers,all,c2015_2019,median
S_sq,2042,401.3735580286017,new_cancers,all,c2015_2019,median
S_sq,2043,512.8662088831214,new_cancers,all,c2015_2019,median
S_sq,2044,624.3588389705153,new_cancers,all,c2015_2019,median
S_sq,2045,691.2544444355577,new_cancers,all,c2015_2019,median
S_sq,2046,891.9412234498586,new_cancers,all,c2015_2019,median
S_sq,2047,869.6426882948446,new_cancers,all,c2015_2019,median
S_sq,2048,936.5382605324857,new_cancers,all,c2015_2019,median
S_sq,2049,1092.627985850459,new_cancers,all,c2015_2019,median
S_sq,2050,1114.9265251588981,new_cancers,all,c2015_2019,median
S_sq,2051,1159.5235788552259,new_cancers,all,c2015_2019,median
S_sq,2052,1181.8220807828388,new_cancers,all,c2015_2019,median
S_sq,2053,1382.5088805642652,new_cancers,all,c2015_2019,median
S_sq,2054,1382.5088639505645,new_cancers,all,c2015_2019,median
S_sq,2055,1427.1059176468923,new_cancers,all,c2015_2019,median
S_sq,2056,1605.494215500706,new_cancers,all,c2015_2019,median
S_sq,2057,1516.3001247217512,new_cancers,all,c2015_2019,median
S_sq,2058,1560.8971119632763,new_cancers,all,c2015_2019,median
S_sq,2059,1627.7926925077682,new_cancers,all,c2015_2019,median
S_sq,2060,1783.882413672316,new_cancers,all,c2015_2019,median
S_sq,2061,1806.18094052048,new_cancers,all,c2015_2019,median
S_sq,2062,1806.1809737478814,new_cancers,all,c2015_2019,median
S_sq,2063,1716.9868331278244,new_cancers,all,c2015_2019,median
S_sq,2064,1850.7780606716096,new_cancers,all,c2015_2019,median
S_sq,2065,1962.2706450713272,new_cancers,all,c2015_2019,median
S_sq,2066,1895.3750811405362,new_cancers,all,c2015_2019,median
S_sq,2067,1962.2706782987284,new_cancers,all,c2015_2019,median
S_sq,2068,1962.2707115261296,new_cancers,all,c2015_2019,median
S_sq,2069,2006.8677319950561,new_cancers,all,c2015_2019,median
S_sq,2070,2051.4648687598865,new_cancers,all,c2015_2019,median
S_sq,2071,1939.9721846779657,new_cancers,all,c2015_2019,median
S_sq,2072,2118.3604493043786,new_cancers,all,c2015_2019,median
S_sq,2073,2051.464802305084,new_cancers,all,c2015_2019,median
S_sq,2074,1984.5692217605929,new_cancers,all,c2015_2019,median
S_sq,2075,2051.464802305084,new_cancers,all,c2015_2019,median
S_sq,2076,2073.763345766949,new_cancers,all,c2015_2019,median
S_sq,2077,2073.7633623806496,new_cancers,all,c2015_2019,median
S_sq,2078,1917.673691057203,new_cancers,all,c2015_2019,median
S_sq,2079,1917.6736079887005,new_cancers,all,c2015_2019,median
S_sq,2080,1962.2706949124288,new_cancers,all,c2015_2019,median
S_sq,2081,1873.076537678672,new_cancers,all,c2015_2019,median
S_sq,2082,1873.0765542923723,new_cancers,all,c2015_2019,median
S_sq,2083,1739.2853433622877,new_cancers,all,c2015_2019,median
S_sq,2084,1650.0912359696326,new_cancers,all,c2015_2019,median
S_sq,2085,1650.091219355932,new_cancers,all,c2015_2019,median
S_sq,2086,1516.3000250395476,new_cancers,all,c2015_2019,median
S_sq,2087,1382.508872257415,new_cancers,all,c2015_2019,median
S_sq,2088,1404.8074198727045,new_cancers,all,c2015_2019,median
S_sq,2089,1293.3147399442087,new_cancers,all,c2015_2019,median
S_sq,2090,1159.5235705483756,new_cancers,all,c2015_2019,median
S_sq,2091,1181.8221057033898,new_cancers,all,c2015_2019,median
S_sq,2092,1092.6279941573093,new_cancers,all,c2015_2019,median
S_sq,2093,1025.7323679251408,new_cancers,all,c2015_2019,median
S_sq,2094,758.1500291334744,new_cancers,all,c2015_2019,median
S_sq,2095,802.7470869832273,new_cancers,all,c2015_2019,median
S_sq,2096,646.6573990460804,new_cancers,all,c2015_2019,median
S_sq,2097,579.761793581038,new_cancers,all,c2015_2019,median
S_sq,2098,490.5676820349576,new_cancers,all,c2015_2019,median
S_sq,2099,445.97060757150416,new_cancers,all,c2015_2019,median
S_sq,2100,356.7764960254237,new_cancers,all,c2015_2019,median
S_sq,2035,44.59706200317796,new_cancers,all,c2020_2024,median
S_sq,2036,44.59706200317796,new_cancers,all,c2020_2024,median
S_sq,2037,44.59706200317796,new_cancers,all,c2020_2024,median
S_sq,2038,44.59706200317796,new_cancers,all,c2020_2024,median
S_sq,2039,44.59706200317796,new_cancers,all,c2020_2024,median
S_sq,2040,44.59706200317796,new_cancers,all,c2020_2024,median
S_sq,2041,66.89559300476694,new_cancers,all,c2020_2024,median
S_sq,2042,89.19412400635592,new_cancers,all,c2020_2024,median
S_sq,2043,133.79118600953387,new_cancers,all,c2020_2024,median
S_sq,2044,133.79118600953387,new_cancers,all,c2020_2024,median
S_sq,2045,267.58237201906775,new_cancers,all,c2020_2024,median
S_sq,2046,312.1794340222457,new_cancers,all,c2020_2024,median
S_sq,2047,401.3735497217513,new_cancers,all,c2020_2024,median
S_sq,2048,423.67208487676544,new_cancers,all,c2020_2024,median
S_sq,2049,535.1647357312852,new_cancers,all,c2020_2024,median
S_sq,2050,624.3588638910663,new_cancers,all,c2020_2024,median
S_sq,2051,668.9559300476694,new_cancers,all,c2020_2024,median
S_sq,2052,780.4485518282131,new_cancers,all,c2020_2024,median
S_sq,2053,891.941206836158,new_cancers,all,c2020_2024,median
S_sq,2054,936.5382854530366,new_cancers,all,c2020_2024,median
S_sq,2055,981.1353142288133,new_cancers,all,c2020_2024,median
S_sq,2056,1114.926491931497,new_cancers,all,c2020_2024,median
S_sq,2057,1070.3294340817442,new_cancers,all,c2020_2024,median
S_sq,2058,1204.1206159378528,new_cancers,all,c2020_2024,median
S_sq,2059,1293.3147565579093,new_cancers,all,c2020_2024,median
S_sq,2060,1449.4044611087565,new_cancers,all,c2020_2024,median
S_sq,2061,1427.1059176468923,new_cancers,all,c2020_2024,median
S_sq,2062,1471.7030045706213,new_cancers,all,c2020_2024,median
S_sq,2063,1449.4044777224572,new_cancers,all,c2020_2024,median
S_sq,2064,1516.3000707272245,new_cancers,all,c2020_2024,median
S_sq,2065,1583.195655425141,new_cancers,all,c2020_2024,median
S_sq,2066,1716.9868331278246,new_cancers,all,c2020_2024,median
S_sq,2067,1761.5839034378528,new_cancers,all,c2020_2024,median
S_sq,2068,1783.882413672316,new_cancers,all,c2020_2024,median
S_sq,2069,1939.9721680642651,new_cancers,all,c2020_2024,median
S_sq,2070,1739.2853433622874,new_cancers,all,c2020_2024,median
S_sq,2071,1806.18094052048,new_cancers,all,c2020_2024,median
S_sq,2072,1984.569254987994,new_cancers,all,c2020_2024,median
S_sq,2073,2006.8677818361582,new_cancers,all,c2020_2024,median
S_sq,2074,2051.4648521461863,new_cancers,all,c2020_2024,median
S_sq,2075,1984.5691885331917,new_cancers,all,c2020_2024,median
S_sq,2076,1962.2707281398302,new_cancers,all,c2020_2024,median
S_sq,2077,2096.0618726151124,new_cancers,all,c2020_2024,median
S_sq,2078,2073.76337899435,new_cancers,all,c2020_2024,median
S_sq,2079,2051.464802305084,new_cancers,all,c2020_2024,median
S_sq,2080,1939.9721680642654,new_cancers,all,c2020_2024,median
S_sq,2081,2051.4648521461863,new_cancers,all,c2020_2024,median
S_sq,2082,2006.8677153813555,new_cancers,all,c2020_2024,median
S_sq,2083,2051.4648355324853,new_cancers,all,c2020_2024,median
S_sq,2084,2029.1662920706212,new_cancers,all,c2020_2024,median
S_sq,2085,2006.8677652224574,new_cancers,all,c2020_2024,median
S_sq,2086,1962.2707115261296,new_cancers,all,c2020_2024,median
S_sq,2087,1783.8824635134179,new_cancers,all,c2020_2024,median
S_sq,2088,1761.5839034378528,new_cancers,all,c2020_2024,median
S_sq,2089,1761.5839034378528,new_cancers,all,c2020_2024,median
S_sq,2090,1694.6883021262354,new_cancers,all,c2020_2024,median
S_sq,2091,1560.8971119632765,new_cancers,all,c2020_2024,median
S_sq,2092,1583.1956886525422,new_cancers,all,c2020_2024,median
S_sq,2093,1404.8074032590039,new_cancers,all,c2020_2024,median
S_sq,2094,1404.8074032590039,new_cancers,all,c2020_2024,median
S_sq,2095,1271.0162255563205,new_cancers,all,c2020_2024,median
S_sq,2096,1204.1206159378528,new_cancers,all,c2020_2024,median
S_sq,2097,1092.6279775436087,new_cancers,all,c2020_2024,median
S_sq,2098,1070.3294216214686,new_cancers,all,c2020_2024,median
S_sq,2099,847.34414483298,new_cancers,all,c2020_2024,median
S_sq,2100,758.150045747175,new_cancers,all,c2020_2024,median
S_sq,2039,44.59706200317796,new_cancers,all,c2025_2029,median
S_sq,2040,44.59706200317796,new_cancers,all,c2025_2029,median
S_sq,2041,44.59706200317796,new_cancers,all,c2025_2029,median
S_sq,2042,44.59706200317796,new_cancers,all,c2025_2029,median
S_sq,2043,66.89559300476694,new_cancers,all,c2025_2029,median
S_sq,2044,44.59706200317796,new_cancers,all,c2025_2029,median
S_sq,2045,44.59706200317796,new_cancers,all,c2025_2029,median
S_sq,2046,44.59706200317796,new_cancers,all,c2025_2029,median
S_sq,2047,89.19412400635592,new_cancers,all,c2025_2029,median
S_sq,2048,89.19412400635592,new_cancers,all,c2025_2029,median
S_sq,2049,178.38824801271184,new_cancers,all,c2025_2029,median
S_sq,2050,222.9853100158898,new_cancers,all,c2025_2029,median
S_sq,2051,222.9853100158898,new_cancers,all,c2025_2029,median
S_sq,2052,312.1794340222457,new_cancers,all,c2025_2029,median
S_sq,2053,401.37355387517647,new_cancers,all,c2025_2029,median
S_sq,2054,445.9706200317796,new_cancers,all,c2025_2029,median
S_sq,2055,535.1647398847103,new_cancers,all,c2025_2029,median
S_sq,2056,668.9559051271185,new_cancers,all,c2025_2029,median
S_sq,2057,758.1500249800492,new_cancers,all,c2025_2029,median
S_sq,2058,847.3441656001057,new_cancers,all,c2025_2029,median
S_sq,2059,847.3441448329801,new_cancers,all,c2025_2029,median
S_sq,2060,958.8368123012003,new_cancers,all,c2025_2029,median
S_sq,2061,981.1353308425139,new_cancers,all,c2025_2029,median
S_sq,2062,1025.7323762319913,new_cancers,all,c2025_2029,median
S_sq,2063,1092.6279733901833,new_cancers,all,c2025_2029,median
S_sq,2064,1159.5235913155016,new_cancers,all,c2025_2029,median
S_sq,2065,1248.7176696341803,new_cancers,all,c2025_2029,median
S_sq,2066,1271.016221402895,new_cancers,all,c2025_2029,median
S_sq,2067,1471.7029921103453,new_cancers,all,c2025_2029,median
S_sq,2068,1583.1956388114404,new_cancers,all,c2025_2029,median
S_sq,2069,1471.7029879569209,new_cancers,all,c2025_2029,median
S_sq,2070,1560.8971244235518,new_cancers,all,c2025_2029,median
S_sq,2071,1583.1956554251408,new_cancers,all,c2025_2029,median
S_sq,2072,1650.0912359696324,new_cancers,all,c2025_2029,median
S_sq,2073,1783.8824302860166,new_cancers,all,c2025_2029,median
S_sq,2074,1694.6883062796605,new_cancers,all,c2025_2029,median
S_sq,2075,1850.7780440579095,new_cancers,all,c2025_2029,median
S_sq,2076,1850.7780274442089,new_cancers,all,c2025_2029,median
S_sq,2077,1850.7780274442089,new_cancers,all,c2025_2029,median
S_sq,2078,1806.1809903615817,new_cancers,all,c2025_2029,median
S_sq,2079,1917.6736246024007,new_cancers,all,c2025_2029,median
S_sq,2080,2051.464818918785,new_cancers,all,c2025_2029,median
S_sq,2081,2096.061856001412,new_cancers,all,c2025_2029,median
S_sq,2082,1917.6736744435027,new_cancers,all,c2025_2029,median
S_sq,2083,2096.0619058425136,new_cancers,all,c2025_2029,median
S_sq,2084,2051.464802305084,new_cancers,all,c2025_2029,median
S_sq,2085,2029.166325298022,new_cancers,all,c2025_2029,median
S_sq,2086,2029.1662256158188,new_cancers,all,c2025_2029,median
S_sq,2087,2029.1662920706215,new_cancers,all,c2025_2029,median
S_sq,2088,2073.7633291532484,new_cancers,all,c2025_2029,median
S_sq,2089,2229.8531333862993,new_cancers,all,c2025_2029,median
S_sq,2090,2029.1662754569206,new_cancers,all,c2025_2029,median
S_sq,2091,2051.4648023050845,new_cancers,all,c2025_2029,median
S_sq,2092,1962.2706616850278,new_cancers,all,c2025_2029,median
S_sq,2093,1828.4795005960452,new_cancers,all,c2025_2029,median
S_sq,2094,1962.2707281398305,new_cancers,all,c2025_2029,median
S_sq,2095,1828.479500596045,new_cancers,all,c2025_2029,median
S_sq,2096,1650.0912359696326,new_cancers,all,c2025_2029,median
S_sq,2097,1560.8971119632763,new_cancers,all,c2025_2029,median
S_sq,2098,1516.300037499823,new_cancers,all,c2025_2029,median
S_sq,2099,1404.8073907987284,new_cancers,all,c2025_2029,median
S_sq,2100,1404.8074074124293,new_cancers,all,c2025_2029,median
S_sq,2044,44.59706200317796,new_cancers,all,c2030_2034,median
S_sq,2045,44.59706200317796,new_cancers,all,c2030_2034,median
S_sq,2046,44.59706200317796,new_cancers,all,c2030_2034,median
S_sq,2047,44.59706200317796,new_cancers,all,c2030_2034,median
S_sq,2048,44.59706200317796,new_cancers,all,c2030_2034,median
S_sq,2049,44.59706200317796,new_cancers,all,c2030_2034,median
S_sq,2050,44.59706200317796,new_cancers,all,c2030_2034,median
S_sq,2051,44.59706200317796,new_cancers,all,c2030_2034,median
S_sq,2052,89.19412400635592,new_cancers,all,c2030_2034,median
S_sq,2053,133.79118600953387,new_cancers,all,c2030_2034,median
S_sq,2054,178.38824801271184,new_cancers,all,c2030_2034,median
S_sq,2055,178.38824801271184,new_cancers,all,c2030_2034,median
S_sq,2056,222.9853100158898,new_cancers,all,c2030_2034,median
S_sq,2057,289.8809030206567,new_cancers,all,c2030_2034,median
S_sq,2058,356.7764960254237,new_cancers,all,c2030_2034,median
S_sq,2059,445.9706200317796,new_cancers,all,c2030_2034,median
S_sq,2060,490.5676820349576,new_cancers,all,c2030_2034,median
S_sq,2061,624.3588597376411,new_cancers,all,c2030_2034,median
S_sq,2062,668.9559258942443,new_cancers,all,c2030_2034,median
S_sq,2063,802.7470828298021,new_cancers,all,c2030_2034,median
S_sq,2064,847.3441365261297,new_cancers,all,c2030_2034,median
S_sq,2065,891.9412026827329,new_cancers,all,c2030_2034,median
S_sq,2066,1070.3294340817442,new_cancers,all,c2030_2034,median
S_sq,2067,1025.7324094593928,new_cancers,all,c2030_2034,median
S_sq,2068,1070.3294382351692,new_cancers,all,c2030_2034,median
S_sq,2069,1204.1205993241522,new_cancers,all,c2030_2034,median
S_sq,2070,1204.1206325515532,new_cancers,all,c2030_2034,median
S_sq,2071,1404.8073907987286,new_cancers,all,c2030_2034,median
S_sq,2072,1382.5088639505648,new_cancers,all,c2030_2034,median
S_sq,2073,1427.1059176468923,new_cancers,all,c2030_2034,median
S_sq,2074,1471.703004570621,new_cancers,all,c2030_2034,median
S_sq,2075,1494.0015729530364,new_cancers,all,c2030_2034,median
S_sq,2076,1605.4941947335801,new_cancers,all,c2030_2034,median
S_sq,2077,1560.8971119632763,new_cancers,all,c2030_2034,median
S_sq,2078,1694.6883062796608,new_cancers,all,c2030_2034,median
S_sq,2079,1739.2853599759885,new_cancers,all,c2030_2034,median
S_sq,2080,1873.0765376786721,new_cancers,all,c2030_2034,median
S_sq,2081,1783.8824801271185,new_cancers,all,c2030_2034,median
S_sq,2082,2006.8677153813555,new_cancers,all,c2030_2034,median
S_sq,2083,2051.4648355324857,new_cancers,all,c2030_2034,median
S_sq,2084,1873.0765709060734,new_cancers,all,c2030_2034,median
S_sq,2085,2073.7633457669485,new_cancers,all,c2030_2034,median
S_sq,2086,2185.255980007768,new_cancers,all,c2030_2034,median
S_sq,2087,2051.464818918785,new_cancers,all,c2030_2034,median
S_sq,2088,2229.8530503177963,new_cancers,all,c2030_2034,median
S_sq,2089,2006.867781836158,new_cancers,all,c2030_2034,median
S_sq,2090,2207.5545899244353,new_cancers,all,c2030_2034,median
S_sq,2091,2341.3457177860164,new_cancers,all,c2030_2034,median
S_sq,2092,2096.0618892288135,new_cancers,all,c2030_2034,median
S_sq,2093,2096.0619058425136,new_cancers,all,c2030_2034,median
S_sq,2094,2073.7634122217514,new_cancers,all,c2030_2034,median
S_sq,2095,2140.65892631144,new_cancers,all,c2030_2034,median
S_sq,2096,2051.4648355324853,new_cancers,all,c2030_2034,median
S_sq,2097,2006.8677486087565,new_cancers,all,c2030_2034,median
S_sq,2098,1939.9721680642651,new_cancers,all,c2030_2034,median
S_sq,2099,1962.27072813983,new_cancers,all,c2030_2034,median
S_sq,2100,1895.3750811405364,new_cancers,all,c2030_2034,median
S_sq,2049,44.59706200317796,new_cancers,all,c2035_2039,median
S_sq,2050,44.59706200317796,new_cancers,all,c2035_2039,median
S_sq,2052,44.59706200317796,new_cancers,all,c2035_2039,median
S_sq,2053,44.59706200317796,new_cancers,all,c2035_2039,median
S_sq,2054,44.59706200317796,new_cancers,all,c2035_2039,median
S_sq,2055,44.59706200317796,new_cancers,all,c2035_2039,median
S_sq,2056,44.59706200317796,new_cancers,all,c2035_2039,median
S_sq,2057,89.19412400635592,new_cancers,all,c2035_2039,median
S_sq,2058,89.19412400635592,new_cancers,all,c2035_2039,median
S_sq,2059,133.79118600953387,new_cancers,all,c2035_2039,median
S_sq,2060,178.38824801271184,new_cancers,all,c2035_2039,median
S_sq,2061,267.58237201906775,new_cancers,all,c2035_2039,median
S_sq,2062,267.58237201906775,new_cancers,all,c2035_2039,median
S_sq,2063,356.7764960254237,new_cancers,all,c2035_2039,median
S_sq,2064,423.6720848767655,new_cancers,all,c2035_2039,median
S_sq,2065,490.56767372810725,new_cancers,all,c2035_2039,median
S_sq,2066,535.1647440381355,new_cancers,all,c2035_2039,median
S_sq,2067,624.3588597376411,new_cancers,all,c2035_2039,median
S_sq,2068,713.5529754371468,new_cancers,all,c2035_2039,median
S_sq,2069,847.3441406795548,new_cancers,all,c2035_2039,median
S_sq,2070,847.3441614466806,new_cancers,all,c2035_2039,median
S_sq,2071,1003.4338493838275,new_cancers,all,c2035_2039,median
S_sq,2072,936.5382812996114,new_cancers,all,c2035_2039,median
S_sq,2073,1226.4191427860164,new_cancers,all,c2035_2039,median
S_sq,2074,1248.7176904013063,new_cancers,all,c2035_2039,median
S_sq,2075,1159.5235622415253,new_cancers,all,c2035_2039,median
S_sq,2076,1337.911810254237,new_cancers,all,c2035_2039,median
S_sq,2077,1315.6132834060732,new_cancers,all,c2035_2039,median
S_sq,2078,1471.703004570621,new_cancers,all,c2035_2039,median
S_sq,2079,1538.5986058822384,new_cancers,all,c2035_2039,median
S_sq,2080,1560.8971119632765,new_cancers,all,c2035_2039,median
S_sq,2081,1806.1809737478811,new_cancers,all,c2035_2039,median
S_sq,2082,1806.1809571341805,new_cancers,all,c2035_2039,median
S_sq,2083,1694.688273052259,new_cancers,all,c2035_2039,median
S_sq,2084,1806.1809903615817,new_cancers,all,c2035_2039,median
S_sq,2085,1806.1809571341805,new_cancers,all,c2035_2039,median
S_sq,2086,2029.166275456921,new_cancers,all,c2035_2039,median
S_sq,2087,1939.9721846779657,new_cancers,all,c2035_2039,median
S_sq,2088,2118.3604326906775,new_cancers,all,c2035_2039,median
S_sq,2089,2229.853066931497,new_cancers,all,c2035_2039,median
S_sq,2090,2140.6589927662426,new_cancers,all,c2035_2039,median
S_sq,2091,2162.9575694555083,new_cancers,all,c2035_2039,median
S_sq,2092,2229.853100158898,new_cancers,all,c2035_2039,median
S_sq,2093,2363.644311088983,new_cancers,all,c2035_2039,median
S_sq,2094,2408.241431240113,new_cancers,all,c2035_2039,median
S_sq,2095,2296.748697317091,new_cancers,all,c2035_2039,median
S_sq,2096,2519.7340654809323,new_cancers,all,c2035_2039,median
S_sq,2097,2229.8530835451975,new_cancers,all,c2035_2039,median
S_sq,2098,2385.942821323446,new_cancers,all,c2035_2039,median
S_sq,2099,2385.942804709745,new_cancers,all,c2035_2039,median
S_sq,2100,2341.345784240819,new_cancers,all,c2035_2039,median
S_sq,2055,44.59706200317796,new_cancers,all,c2040_2044,median
S_sq,2056,44.59706200317796,new_cancers,all,c2040_2044,median
S_sq,2057,44.59706200317796,new_cancers,all,c2040_2044,median
S_sq,2058,44.59706200317796,new_cancers,all,c2040_2044,median
S_sq,2059,44.59706200317796,new_cancers,all,c2040_2044,median
S_sq,2060,44.59706200317796,new_cancers,all,c2040_2044,median
S_sq,2061,44.59706200317796,new_cancers,all,c2040_2044,median
S_sq,2062,89.19412400635592,new_cancers,all,c2040_2044,median
S_sq,2063,133.79118600953387,new_cancers,all,c2040_2044,median
S_sq,2064,133.79118600953387,new_cancers,all,c2040_2044,median
S_sq,2065,178.38824801271184,new_cancers,all,c2040_2044,median
S_sq,2066,222.9853100158898,new_cancers,all,c2040_2044,median
S_sq,2067,312.1794340222457,new_cancers,all,c2040_2044,median
S_sq,2068,401.3735580286016,new_cancers,all,c2040_2044,median
S_sq,2069,423.67208487676544,new_cancers,all,c2040_2044,median
S_sq,2070,445.9706200317796,new_cancers,all,c2040_2044,median
S_sq,2071,624.3588431239405,new_cancers,all,c2040_2044,median
S_sq,2072,758.1500499006002,new_cancers,all,c2040_2044,median
S_sq,2073,780.4485518282131,new_cancers,all,c2040_2044,median
S_sq,2074,847.3441656001058,new_cancers,all,c2040_2044,median
S_sq,2075,891.941206836158,new_cancers,all,c2040_2044,median
S_sq,2076,936.5382771461864,new_cancers,all,c2040_2044,median
S_sq,2077,1025.7324011525425,new_cancers,all,c2040_2044,median
S_sq,2078,1181.8221015499644,new_cancers,all,c2040_2044,median
S_sq,2079,1159.5235580881,new_cancers,all,c2040_2044,median
S_sq,2080,1248.7177028615818,new_cancers,all,c2040_2044,median
S_sq,2081,1427.1059176468923,new_cancers,all,c2040_2044,median
S_sq,2082,1382.5088805642654,new_cancers,all,c2040_2044,median
S_sq,2083,1516.3000873409248,new_cancers,all,c2040_2044,median
S_sq,2084,1538.598568501412,new_cancers,all,c2040_2044,median
S_sq,2085,1650.0912608901833,new_cancers,all,c2040_2044,median
S_sq,2086,1828.4795172097456,new_cancers,all,c2040_2044,median
S_sq,2087,1716.9867999004232,new_cancers,all,c2040_2044,median
S_sq,2088,1828.479550437147,new_cancers,all,c2040_2044,median
S_sq,2089,1873.0765875197735,new_cancers,all,c2040_2044,median
S_sq,2090,2051.4648023050845,new_cancers,all,c2040_2044,median
S_sq,2091,2006.8677486087568,new_cancers,all,c2040_2044,median
S_sq,2092,2096.0619224562142,new_cancers,all,c2040_2044,median
S_sq,2093,2096.0618726151124,new_cancers,all,c2040_2044,median
S_sq,2094,2185.2560464625703,new_cancers,all,c2040_2044,median
S_sq,2095,2140.6589429251408,new_cancers,all,c2040_2044,median
S_sq,2096,2430.5398916334743,new_cancers,all,c2040_2044,median
S_sq,2097,2363.6443277026838,new_cancers,all,c2040_2044,median
S_sq,2098,2452.8384184816377,new_cancers,all,c2040_2044,median
S_sq,2099,2586.629629411723,new_cancers,all,c2040_2044,median
S_sq,2100,2452.838418481638,new_cancers,all,c2040_2044,median
S_sq,2025,14494.043082627111,new_cancers,all,pre2015,median
S_sq,2026,14940.01342022598,new_cancers,all,pre2015,median
S_sq,2027,15586.671014483043,new_cancers,all,pre2015,median
S_sq,2028,15564.372504248582,new_cancers,all,pre2015,median
S_sq,2029,16054.940128135586,new_cancers,all,pre2015,median
S_sq,2030,16657.000436104507,new_cancers,all,pre2015,median
S_sq,2031,17036.075110090387,new_cancers,all,pre2015,median
S_sq,2032,17482.046245146885,new_cancers,all,pre2015,median
S_sq,2033,18151.0020838192,new_cancers,all,pre2015,median
S_sq,2034,18373.98718616383,new_cancers,all,pre2015,median
S_sq,2035,18663.86768630225,new_cancers,all,pre2015,median
S_sq,2036,19154.43597473728,new_cancers,all,pre2015,median
S_sq,2037,19957.183406454795,new_cancers,all,pre2015,median
S_sq,2038,19957.18327354519,new_cancers,all,pre2015,median
S_sq,2039,20313.959437296602,new_cancers,all,pre2015,median
S_sq,2040,20492.34791790112,new_cancers,all,pre2015,median
S_sq,2041,20336.258080440668,new_cancers,all,pre2015,median
S_sq,2042,21094.40796005084,new_cancers,all,pre2015,median
S_sq,2043,21072.109981454796,new_cancers,all,pre2015,median
S_sq,2044,21116.706736104512,new_cancers,all,pre2015,median
S_sq,2045,21607.274758720334,new_cancers,all,pre2015,median
S_sq,2046,21183.602266807902,new_cancers,all,pre2015,median
S_sq,2047,21451.184655440666,new_cancers,all,pre2015,median
S_sq,2048,21295.094552161005,new_cancers,all,pre2015,median
S_sq,2049,20982.91540887852,new_cancers,all,pre2015,median
S_sq,2050,20893.72136794067,new_cancers,all,pre2015,median
S_sq,2051,20492.347652081913,new_cancers,all,pre2015,median
S_sq,2052,20849.124347471745,new_cancers,all,pre2015,median
S_sq,2053,20224.765529268356,new_cancers,all,pre2015,median
S_sq,2054,19845.690190734455,new_cancers,all,pre2015,median
S_sq,2055,19533.510648723153,new_cancers,all,pre2015,median
S_sq,2056,18663.867952121458,new_cancers,all,pre2015,median
S_sq,2057,18596.972687237285,new_cancers,all,pre2015,median
S_sq,2058,18017.210490774,new_cancers,all,pre2015,median
S_sq,2059,17325.956141867224,new_cancers,all,pre2015,median
S_sq,2060,17013.776865675132,new_cancers,all,pre2015,median
S_sq,2061,16545.50775202259,new_cancers,all,pre2015,median
S_sq,2062,16389.418047471743,new_cancers,all,pre2015,median
S_sq,2063,15385.98428946327,new_cancers,all,pre2015,median
S_sq,2064,15475.178463310727,new_cancers,all,pre2015,median
S_sq,2065,14583.236990655358,new_cancers,all,pre2015,median
S_sq,2066,13825.087509774005,new_cancers,all,pre2015,median
S_sq,2067,13289.922466689259,new_cancers,all,pre2015,median
S_sq,2068,12620.967026745755,new_cancers,all,pre2015,median
S_sq,2069,12554.071230223159,new_cancers,all,pre2015,median
S_sq,2070,11974.309432488695,new_cancers,all,pre2015,median
S_sq,2071,11126.965511940673,new_cancers,all,pre2015,median
S_sq,2072,10391.11400965536,new_cancers,all,pre2015,median
S_sq,2073,9789.053834596041,new_cancers,all,pre2015,median
S_sq,2074,9900.546518677962,new_cancers,all,pre2015,median
S_sq,2075,8518.037820864403,new_cancers,all,pre2015,median
S_sq,2076,8049.768973031071,new_cancers,all,pre2015,median
S_sq,2077,7447.708532152539,new_cancers,all,pre2015,median
S_sq,2078,7358.514624124292,new_cancers,all,pre2015,median
S_sq,2079,6488.872060432202,new_cancers,all,pre2015,median
S_sq,2080,5998.304170725986,new_cancers,all,pre2015,median
S_sq,2081,5507.736779430788,new_cancers,all,pre2015,median
S_sq,2082,4994.870911128531,new_cancers,all,pre2015,median
S_sq,2083,4303.616329629942,new_cancers,all,pre2015,median
S_sq,2084,4036.034206816384,new_cancers,all,pre2015,median
S_sq,2085,3344.7799243644067,new_cancers,all,pre2015,median
S_sq,2086,3144.0930332076273,new_cancers,all,pre2015,median
S_sq,2087,2698.1223301073446,new_cancers,all,pre2015,median
S_sq,2088,2363.644311088983,new_cancers,all,pre2015,median
S_sq,2089,2029.1662588432198,new_cancers,all,pre2015,median
S_sq,2090,1783.8824136723163,new_cancers,all,pre2015,median
S_sq,2091,1605.494182273305,new_cancers,all,pre2015,median
S_sq,2092,1248.7176696341803,new_cancers,all,pre2015,median
S_sq,2093,1025.7323845388419,new_cancers,all,pre2015,median
S_sq,2094,869.6426716811438,new_cancers,all,pre2015,median
S_sq,2095,713.5529754371466,new_cancers,all,pre2015,median
S_sq,2096,512.8662047296963,new_cancers,all,pre2015,median
S_sq,2097,423.6720807233403,new_cancers,all,pre2015,median
S_sq,2098,356.7764960254236,new_cancers,all,pre2015,median
S_sq,2099,222.9853100158898,new_cancers,all,pre2015,median
S_sq,2100,200.68677901430084,new_cancers,all,pre2015,median
S_sq,2026,44.59706200317796,new_cancers,all,c2015_2019,q25
S_sq,2029,44.59706200317796,new_cancers,all,c2015_2019,q25
S_sq,2030,44.59706200317796,new_cancers,all,c2015_2019,q25
S_sq,2031,44.59706200317796,new_cancers,all,c2015_2019,q25
S_sq,2032,44.59706200317796,new_cancers,all,c2015_2019,q25
S_sq,2033,44.59706200317796,new_cancers,all,c2015_2019,q25
S_sq,2034,44.59706200317796,new_cancers,all,c2015_2019,q25
S_sq,2035,44.59706200317796,new_cancers,all,c2015_2019,q25
S_sq,2036,44.59706200317796,new_cancers,all,c2015_2019,q25
S_sq,2037,44.59706200317796,new_cancers,all,c2015_2019,q25
S_sq,2038,122.64192050873939,new_cancers,all,c2015_2019,q25
S_sq,2039,133.79118600953387,new_cancers,all,c2015_2019,q25
S_sq,2040,178.38824801271184,new_cancers,all,c2015_2019,q25
S_sq,2041,267.58237201906775,new_cancers,all,c2015_2019,q25
S_sq,2042,312.1794340222457,new_cancers,all,c2015_2019,q25
S_sq,2043,445.9706200317796,new_cancers,all,c2015_2019,q25
S_sq,2044,501.71694130561434,new_cancers,all,c2015_2019,q25
S_sq,2045,579.7617811207625,new_cancers,all,c2015_2019,q25
S_sq,2046,668.9559009736934,new_cancers,all,c2015_2019,q25
S_sq,2047,758.1500229033367,new_cancers,all,c2015_2019,q25
S_sq,2048,802.7470994435027,new_cancers,all,c2015_2019,q25
S_sq,2049,858.4934144871996,new_cancers,all,c2015_2019,q25
S_sq,2050,936.538268839336,new_cancers,all,c2015_2019,q25
S_sq,2051,947.6875426469807,new_cancers,all,c2015_2019,q25
S_sq,2052,992.284602573446,new_cancers,all,c2015_2019,q25
S_sq,2053,1204.1206097077152,new_cancers,all,c2015_2019,q25
S_sq,2054,1126.0757844295547,new_cancers,all,c2015_2019,q25
S_sq,2055,1248.7177028615818,new_cancers,all,c2015_2019,q25
S_sq,2056,1382.50886810399,new_cancers,all,c2015_2019,q25
S_sq,2057,1293.3147503277714,new_cancers,all,c2015_2019,q25
S_sq,2058,1393.6581917527365,new_cancers,all,c2015_2019,q25
S_sq,2059,1393.6581522951976,new_cancers,all,c2015_2019,q25
S_sq,2060,1449.4044777224574,new_cancers,all,c2015_2019,q25
S_sq,2061,1482.8522659179905,new_cancers,all,c2015_2019,q25
S_sq,2062,1560.8970870427256,new_cancers,all,c2015_2019,q25
S_sq,2063,1527.4493466115819,new_cancers,all,c2015_2019,q25
S_sq,2064,1538.598597575388,new_cancers,all,c2015_2019,q25
S_sq,2065,1672.3897711246468,new_cancers,all,c2015_2019,q25
S_sq,2066,1572.0464376887353,new_cancers,all,c2015_2019,q25
S_sq,2067,1750.4346400137708,new_cancers,all,c2015_2019,q25
S_sq,2068,1705.8376050078564,new_cancers,all,c2015_2019,q25
S_sq,2069,1672.3897794314971,new_cancers,all,c2015_2019,q25
S_sq,2070,1750.4345984795193,new_cancers,all,c2015_2019,q25
S_sq,2071,1661.2405575416665,new_cancers,all,c2015_2019,q25
S_sq,2072,1750.4346483206211,new_cancers,all,c2015_2019,q25
S_sq,2073,1761.583911744703,new_cancers,all,c2015_2019,q25
S_sq,2074,1650.0912193559318,new_cancers,all,c2015_2019,q25
S_sq,2075,1739.28540981709,new_cancers,all,c2015_2019,q25
S_sq,2076,1750.4346234000704,new_cancers,all,c2015_2019,q25
S_sq,2077,1739.2853599759885,new_cancers,all,c2015_2019,q25
S_sq,2078,1482.8522596878527,new_cancers,all,c2015_2019,q25
S_sq,2079,1605.4941739664548,new_cancers,all,c2015_2019,q25
S_sq,2080,1661.2405326211156,new_cancers,all,c2015_2019,q25
S_sq,2081,1605.494165659604,new_cancers,all,c2015_2019,q25
S_sq,2082,1560.8971119632763,new_cancers,all,c2015_2019,q25
S_sq,2083,1371.3596005264826,new_cancers,all,c2015_2019,q25
S_sq,2084,1427.1059176468923,new_cancers,all,c2015_2019,q25
S_sq,2085,1382.5088971779658,new_cancers,all,c2015_2019,q25
S_sq,2086,1170.6728256656072,new_cancers,all,c2015_2019,q25
S_sq,2087,1248.7176779410306,new_cancers,all,c2015_2019,q25
S_sq,2088,1081.4786850455507,new_cancers,all,c2015_2019,q25
S_sq,2089,1159.5235663949504,new_cancers,all,c2015_2019,q25
S_sq,2090,903.0904764903777,new_cancers,all,c2015_2019,q25
S_sq,2091,891.9412089128706,new_cancers,all,c2015_2019,q25
S_sq,2092,858.4934144871997,new_cancers,all,c2015_2019,q25
S_sq,2093,802.7470911366523,new_cancers,all,c2015_2019,q25
S_sq,2094,635.5081273151482,new_cancers,all,c2015_2019,q25
S_sq,2095,624.3588597376411,new_cancers,all,c2015_2019,q25
S_sq,2096,501.7169454590395,new_cancers,all,c2015_2019,q25
S_sq,2097,445.9706054947916,new_cancers,all,c2015_2019,q25
S_sq,2098,356.7764960254237,new_cancers,all,c2015_2019,q25
S_sq,2099,356.7764960254237,new_cancers,all,c2015_2019,q25
S_sq,2100,222.9853100158898,new_cancers,all,c2015_2019,q25
S_sq,2035,44.59706200317796,new_cancers,all,c2020_2024,q25
S_sq,2036,44.59706200317796,new_cancers,all,c2020_2024,q25
S_sq,2037,44.59706200317796,new_cancers,all,c2020_2024,q25
S_sq,2038,44.59706200317796,new_cancers,all,c2020_2024,q25
S_sq,2039,44.59706200317796,new_cancers,all,c2020_2024,q25
S_sq,2040,44.59706200317796,new_cancers,all,c2020_2024,q25
S_sq,2041,44.59706200317796,new_cancers,all,c2020_2024,q25
S_sq,2042,44.59706200317796,new_cancers,all,c2020_2024,q25
S_sq,2043,89.19412400635592,new_cancers,all,c2020_2024,q25
S_sq,2044,89.19412400635592,new_cancers,all,c2020_2024,q25
S_sq,2045,178.38824801271184,new_cancers,all,c2020_2024,q25
S_sq,2046,222.9853100158898,new_cancers,all,c2020_2024,q25
S_sq,2047,312.1794340222457,new_cancers,all,c2020_2024,q25
S_sq,2048,356.77648979528595,new_cancers,all,c2020_2024,q25
S_sq,2049,445.97060757150416,new_cancers,all,c2020_2024,q25
S_sq,2050,546.3139970786546,new_cancers,all,c2020_2024,q25
S_sq,2051,579.7617915043255,new_cancers,all,c2020_2024,q25
S_sq,2052,590.9110632352578,new_cancers,all,c2020_2024,q25
S_sq,2053,680.1051727046256,new_cancers,all,c2020_2024,q25
S_sq,2054,758.150031210187,new_cancers,all,c2020_2024,q25
S_sq,2055,847.3441365261297,new_cancers,all,c2020_2024,q25
S_sq,2056,903.0904557232518,new_cancers,all,c2020_2024,q25
S_sq,2057,891.941206836158,new_cancers,all,c2020_2024,q25
S_sq,2058,1070.3294216214686,new_cancers,all,c2020_2024,q25
S_sq,2059,1070.3294278516064,new_cancers,all,c2020_2024,q25
S_sq,2060,1170.6728505861581,new_cancers,all,c2020_2024,q25
S_sq,2061,1114.9264794712215,new_cancers,all,c2020_2024,q25
S_sq,2062,1204.1206159378528,new_cancers,all,c2020_2024,q25
S_sq,2063,1126.0757719692795,new_cancers,all,c2020_2024,q25
S_sq,2064,1349.0611152125705,new_cancers,all,c2020_2024,q25
S_sq,2065,1315.6132834060732,new_cancers,all,c2020_2024,q25
S_sq,2066,1471.7029796500703,new_cancers,all,c2020_2024,q25
S_sq,2067,1471.703004570621,new_cancers,all,c2020_2024,q25
S_sq,2068,1527.4493299978813,new_cancers,all,c2020_2024,q25
S_sq,2069,1527.449319614318,new_cancers,all,c2020_2024,q25
S_sq,2070,1527.4493383047316,new_cancers,all,c2020_2024,q25
S_sq,2071,1560.8971265002644,new_cancers,all,c2020_2024,q25
S_sq,2072,1572.0463753873582,new_cancers,all,c2020_2024,q25
S_sq,2073,1560.8970870427256,new_cancers,all,c2020_2024,q25
S_sq,2074,1616.6435287658896,new_cancers,all,c2020_2024,q25
S_sq,2075,1605.4941656596043,new_cancers,all,c2020_2024,q25
S_sq,2076,1482.8522596878527,new_cancers,all,c2020_2024,q25
S_sq,2077,1616.6434540042371,new_cancers,all,c2020_2024,q25
S_sq,2078,1605.4941656596045,new_cancers,all,c2020_2024,q25
S_sq,2079,1482.8522846084038,new_cancers,all,c2020_2024,q25
S_sq,2080,1661.2405658485168,new_cancers,all,c2020_2024,q25
S_sq,2081,1705.8375697037422,new_cancers,all,c2020_2024,q25
S_sq,2082,1661.2404993937143,new_cancers,all,c2020_2024,q25
S_sq,2083,1549.7478485391944,new_cancers,all,c2020_2024,q25
S_sq,2084,1494.0014981913837,new_cancers,all,c2020_2024,q25
S_sq,2085,1393.6581522951976,new_cancers,all,c2020_2024,q25
S_sq,2086,1572.0464252284603,new_cancers,all,c2020_2024,q25
S_sq,2087,1449.404469415607,new_cancers,all,c2020_2024,q25
S_sq,2088,1516.300052036811,new_cancers,all,c2020_2024,q25
S_sq,2089,1471.7030045706213,new_cancers,all,c2020_2024,q25
S_sq,2090,1271.01621724947,new_cancers,all,c2020_2024,q25
S_sq,2091,1259.8669392883999,new_cancers,all,c2020_2024,q25
S_sq,2092,1170.6728526628708,new_cancers,all,c2020_2024,q25
S_sq,2093,1159.5235622415253,new_cancers,all,c2020_2024,q25
S_sq,2094,1081.4787141195266,new_cancers,all,c2020_2024,q25
S_sq,2095,1159.523535244262,new_cancers,all,c2020_2024,q25
S_sq,2096,936.5382605324857,new_cancers,all,c2020_2024,q25
S_sq,2097,813.8963628675847,new_cancers,all,c2020_2024,q25
S_sq,2098,802.7470765996644,new_cancers,all,c2020_2024,q25
S_sq,2099,668.9559113572562,new_cancers,all,c2020_2024,q25
S_sq,2100,590.9110673886828,new_cancers,all,c2020_2024,q25
S_sq,2039,44.59706200317796,new_cancers,all,c2025_2029,q25
S_sq,2040,44.59706200317796,new_cancers,all,c2025_2029,q25
S_sq,2041,44.59706200317796,new_cancers,all,c2025_2029,q25
S_sq,2042,44.59706200317796,new_cancers,all,c2025_2029,q25
S_sq,2043,44.59706200317796,new_cancers,all,c2025_2029,q25
S_sq,2044,44.59706200317796,new_cancers,all,c2025_2029,q25
S_sq,2045,44.59706200317796,new_cancers,all,c2025_2029,q25
S_sq,2046,44.59706200317796,new_cancers,all,c2025_2029,q25
S_sq,2047,44.59706200317796,new_cancers,all,c2025_2029,q25
S_sq,2048,89.19412400635592,new_cancers,all,c2025_2029,q25
S_sq,2049,133.79118600953387,new_cancers,all,c2025_2029,q25
S_sq,2050,178.38824801271184,new_cancers,all,c2025_2029,q25
S_sq,2051,189.53751351350633,new_cancers,all,c2025_2029,q25
S_sq,2052,222.9853100158898,new_cancers,all,c2025_2029,q25
S_sq,2053,278.73163751986226,new_cancers,all,c2025_2029,q25
S_sq,2054,356.7764960254237,new_cancers,all,c2025_2029,q25
S_sq,2055,401.3735580286016,new_cancers,all,c2025_2029,q25
S_sq,2056,401.3735517984639,new_cancers,all,c2025_2029,q25
S_sq,2057,546.3140012320798,new_cancers,all,c2025_2029,q25
S_sq,2058,668.9559092805437,new_cancers,all,c2025_2029,q25
S_sq,2059,624.3588597376411,new_cancers,all,c2025_2029,q25
S_sq,2060,758.150031210187,new_cancers,all,c2025_2029,q25
S_sq,2061,802.7470911366524,new_cancers,all,c2025_2029,q25
S_sq,2062,847.34414483298,new_cancers,all,c2025_2029,q25
S_sq,2063,891.9412109895832,new_cancers,all,c2025_2029,q25
S_sq,2064,936.5382646859107,new_cancers,all,c2025_2029,q25
S_sq,2065,936.5382605324858,new_cancers,all,c2025_2029,q25
S_sq,2066,1036.8816562697739,new_cancers,all,c2025_2029,q25
S_sq,2067,1159.523562241525,new_cancers,all,c2025_2029,q25
S_sq,2068,1170.6728318957448,new_cancers,all,c2025_2029,q25
S_sq,2069,1293.3147565579093,new_cancers,all,c2025_2029,q25
S_sq,2070,1248.7177028615818,new_cancers,all,c2025_2029,q25
S_sq,2071,1337.911785333686,new_cancers,all,c2025_2029,q25
S_sq,2072,1315.6132917129237,new_cancers,all,c2025_2029,q25
S_sq,2073,1349.061073678319,new_cancers,all,c2025_2029,q25
S_sq,2074,1393.6581273746467,new_cancers,all,c2025_2029,q25
S_sq,2075,1382.5088390300139,new_cancers,all,c2025_2029,q25
S_sq,2076,1527.4492967704798,new_cancers,all,c2025_2029,q25
S_sq,2077,1494.0015148050843,new_cancers,all,c2025_2029,q25
S_sq,2078,1427.1059259537426,new_cancers,all,c2025_2029,q25
S_sq,2079,1560.8970787358753,new_cancers,all,c2025_2029,q25
S_sq,2080,1482.8522846084038,new_cancers,all,c2025_2029,q25
S_sq,2081,1650.091227662782,new_cancers,all,c2025_2029,q25
S_sq,2082,1572.0463920010588,new_cancers,all,c2025_2029,q25
S_sq,2083,1471.7029796500701,new_cancers,all,c2025_2029,q25
S_sq,2084,1527.4493466115819,new_cancers,all,c2025_2029,q25
S_sq,2085,1627.7927506557203,new_cancers,all,c2025_2029,q25
S_sq,2086,1538.5985768082624,new_cancers,all,c2025_2029,q25
S_sq,2087,1672.389754510946,new_cancers,all,c2025_2029,q25
S_sq,2088,1650.091227662782,new_cancers,all,c2025_2029,q25
S_sq,2089,1627.7926925077682,new_cancers,all,c2025_2029,q25
S_sq,2090,1516.300066573799,new_cancers,all,c2025_2029,q25
S_sq,2091,1404.807388722016,new_cancers,all,c2025_2029,q25
S_sq,2092,1449.404469415607,new_cancers,all,c2025_2029,q25
S_sq,2093,1393.6581585253352,new_cancers,all,c2025_2029,q25
S_sq,2094,1259.8669330582622,new_cancers,all,c2025_2029,q25
S_sq,2095,1471.703004570621,new_cancers,all,c2025_2029,q25
S_sq,2096,1159.5235560113874,new_cancers,all,c2025_2029,q25
S_sq,2097,1293.314723330508,new_cancers,all,c2025_2029,q25
S_sq,2098,1204.1206221679904,new_cancers,all,c2025_2029,q25
S_sq,2099,1126.0757719692795,new_cancers,all,c2025_2029,q25
S_sq,2100,1036.881631349223,new_cancers,all,c2025_2029,q25
S_sq,2044,44.59706200317796,new_cancers,all,c2030_2034,q25
S_sq,2045,44.59706200317796,new_cancers,all,c2030_2034,q25
S_sq,2046,44.59706200317796,new_cancers,all,c2030_2034,q25
S_sq,2047,44.59706200317796,new_cancers,all,c2030_2034,q25
S_sq,2048,44.59706200317796,new_cancers,all,c2030_2034,q25
S_sq,2049,44.59706200317796,new_cancers,all,c2030_2034,q25
S_sq,2050,44.59706200317796,new_cancers,all,c2030_2034,q25
S_sq,2051,44.59706200317796,new_cancers,all,c2030_2034,q25
S_sq,2052,44.59706200317796,new_cancers,all,c2030_2034,q25
S_sq,2053,89.19412400635592,new_cancers,all,c2030_2034,q25
S_sq,2054,133.79118600953387,new_cancers,all,c2030_2034,q25
S_sq,2055,133.79118600953387,new_cancers,all,c2030_2034,q25
S_sq,2056,178.38824801271184,new_cancers,all,c2030_2034,q25
S_sq,2057,222.9853100158898,new_cancers,all,c2030_2034,q25
S_sq,2058,267.58237201906775,new_cancers,all,c2030_2034,q25
S_sq,2059,356.7764960254236,new_cancers,all,c2030_2034,q25
S_sq,2060,312.1794340222457,new_cancers,all,c2030_2034,q25
S_sq,2061,445.9706138016419,new_cancers,all,c2030_2034,q25
S_sq,2062,490.56768203495756,new_cancers,all,c2030_2034,q25
S_sq,2063,624.3588680444914,new_cancers,all,c2030_2034,q25
S_sq,2064,579.7618060413134,new_cancers,all,c2030_2034,q25
S_sq,2065,724.7022347078035,new_cancers,all,c2030_2034,q25
S_sq,2066,769.2992946342689,new_cancers,all,c2030_2034,q25
S_sq,2067,847.3441489864052,new_cancers,all,c2030_2034,q25
S_sq,2068,858.4934165639122,new_cancers,all,c2030_2034,q25
S_sq,2069,947.6875488771184,new_cancers,all,c2030_2034,q25
S_sq,2070,981.1353433027894,new_cancers,all,c2030_2034,q25
S_sq,2071,1159.5235477045371,new_cancers,all,c2030_2034,q25
S_sq,2072,1114.9264815479341,new_cancers,all,c2030_2034,q25
S_sq,2073,1170.672825665607,new_cancers,all,c2030_2034,q25
S_sq,2074,1081.4787286565147,new_cancers,all,c2030_2034,q25
S_sq,2075,1215.2698793619347,new_cancers,all,c2030_2034,q25
S_sq,2076,1181.8220870129765,new_cancers,all,c2030_2034,q25
S_sq,2077,1114.926521005473,new_cancers,all,c2030_2034,q25
S_sq,2078,1438.2552080682376,new_cancers,all,c2030_2034,q25
S_sq,2079,1560.8971244235518,new_cancers,all,c2030_2034,q25
S_sq,2080,1527.449321691031,new_cancers,all,c2030_2034,q25
S_sq,2081,1382.5088639505648,new_cancers,all,c2030_2034,q25
S_sq,2082,1605.4941739664548,new_cancers,all,c2030_2034,q25
S_sq,2083,1616.6434290836864,new_cancers,all,c2030_2034,q25
S_sq,2084,1694.6883145865108,new_cancers,all,c2030_2034,q25
S_sq,2085,1560.8971119632763,new_cancers,all,c2030_2034,q25
S_sq,2086,1661.240516007415,new_cancers,all,c2030_2034,q25
S_sq,2087,1694.6883395070618,new_cancers,all,c2030_2034,q25
S_sq,2088,1705.8375863174433,new_cancers,all,c2030_2034,q25
S_sq,2089,1661.240491086864,new_cancers,all,c2030_2034,q25
S_sq,2090,1795.0317435512004,new_cancers,all,c2030_2034,q25
S_sq,2091,1739.2853599759885,new_cancers,all,c2030_2034,q25
S_sq,2092,1672.389779431497,new_cancers,all,c2030_2034,q25
S_sq,2093,1650.0912691970336,new_cancers,all,c2030_2034,q25
S_sq,2094,1694.6882730522593,new_cancers,all,c2030_2034,q25
S_sq,2095,1594.344902235522,new_cancers,all,c2030_2034,q25
S_sq,2096,1661.2405077005646,new_cancers,all,c2030_2034,q25
S_sq,2097,1549.747881766596,new_cancers,all,c2030_2034,q25
S_sq,2098,1538.5986017288133,new_cancers,all,c2030_2034,q25
S_sq,2099,1393.6581585253352,new_cancers,all,c2030_2034,q25
S_sq,2100,1471.70297134322,new_cancers,all,c2030_2034,q25
S_sq,2049,44.59706200317796,new_cancers,all,c2035_2039,q25
S_sq,2050,44.59706200317796,new_cancers,all,c2035_2039,q25
S_sq,2052,44.59706200317796,new_cancers,all,c2035_2039,q25
S_sq,2053,44.59706200317796,new_cancers,all,c2035_2039,q25
S_sq,2054,44.59706200317796,new_cancers,all,c2035_2039,q25
S_sq,2055,44.59706200317796,new_cancers,all,c2035_2039,q25
S_sq,2056,44.59706200317796,new_cancers,all,c2035_2039,q25
S_sq,2057,44.59706200317796,new_cancers,all,c2035_2039,q25
S_sq,2058,44.59706200317796,new_cancers,all,c2035_2039,q25
S_sq,2059,89.19412400635592,new_cancers,all,c2035_2039,q25
S_sq,2060,133.79118600953387,new_cancers,all,c2035_2039,q25
S_sq,2061,133.79118600953387,new_cancers,all,c2035_2039,q25
S_sq,2062,133.79118600953387,new_cancers,all,c2035_2039,q25
S_sq,2063,267.58237201906775,new_cancers,all,c2035_2039,q25
S_sq,2064,312.17942779210796,new_cancers,all,c2035_2039,q25
S_sq,2065,367.92576152621814,new_cancers,all,c2035_2039,q25
S_sq,2066,490.56767372810725,new_cancers,all,c2035_2039,q25
S_sq,2067,490.5676758048198,new_cancers,all,c2035_2039,q25
S_sq,2068,490.5676758048199,new_cancers,all,c2035_2039,q25
S_sq,2069,635.5081273151482,new_cancers,all,c2035_2039,q25
S_sq,2070,758.1500291334744,new_cancers,all,c2035_2039,q25
S_sq,2071,680.1051851649011,new_cancers,all,c2035_2039,q25
S_sq,2072,758.1500229033367,new_cancers,all,c2035_2039,q25
S_sq,2073,891.9412255265712,new_cancers,all,c2035_2039,q25
S_sq,2074,891.9412109895833,new_cancers,all,c2035_2039,q25
S_sq,2075,981.1353079986757,new_cancers,all,c2035_2039,q25
S_sq,2076,1036.8816562697739,new_cancers,all,c2035_2039,q25
S_sq,2077,1170.6728339724575,new_cancers,all,c2035_2039,q25
S_sq,2078,1103.777238890978,new_cancers,all,c2035_2039,q25
S_sq,2079,1204.1206200912782,new_cancers,all,c2035_2039,q25
S_sq,2080,1304.46398675459,new_cancers,all,c2035_2039,q25
S_sq,2081,1304.4640199819912,new_cancers,all,c2035_2039,q25
S_sq,2082,1393.6581273746467,new_cancers,all,c2035_2039,q25
S_sq,2083,1293.3147503277714,new_cancers,all,c2035_2039,q25
S_sq,2084,1293.3147503277714,new_cancers,all,c2035_2039,q25
S_sq,2085,1516.3000250395476,new_cancers,all,c2035_2039,q25
S_sq,2086,1572.0463753873582,new_cancers,all,c2035_2039,q25
S_sq,2087,1527.4493216910307,new_cancers,all,c2035_2039,q25
S_sq,2088,1583.1956138908893,new_cancers,all,c2035_2039,q25
S_sq,2089,1728.1361546998587,new_cancers,all,c2035_2039,q25
S_sq,2090,1705.8375946242936,new_cancers,all,c2035_2039,q25
S_sq,2091,1527.4493466115816,new_cancers,all,c2035_2039,q25
S_sq,2092,1783.882413672316,new_cancers,all,c2035_2039,q25
S_sq,2093,1895.375097754237,new_cancers,all,c2035_2039,q25
S_sq,2094,1783.8824053654655,new_cancers,all,c2035_2039,q25
S_sq,2095,1605.494190580155,new_cancers,all,c2035_2039,q25
S_sq,2096,1783.8824219791663,new_cancers,all,c2035_2039,q25
S_sq,2097,1783.8824219791663,new_cancers,all,c2035_2039,q25
S_sq,2098,1650.0912463531954,new_cancers,all,c2035_2039,q25
S_sq,2099,1839.6287806338278,new_cancers,all,c2035_2039,q25
S_sq,2100,1873.076568829361,new_cancers,all,c2035_2039,q25
S_sq,2055,44.59706200317796,new_cancers,all,c2040_2044,q25
S_sq,2056,44.59706200317796,new_cancers,all,c2040_2044,q25
S_sq,2057,44.59706200317796,new_cancers,all,c2040_2044,q25
S_sq,2058,44.59706200317796,new_cancers,all,c2040_2044,q25
S_sq,2059,44.59706200317796,new_cancers,all,c2040_2044,q25
S_sq,2060,44.59706200317796,new_cancers,all,c2040_2044,q25
S_sq,2061,44.59706200317796,new_cancers,all,c2040_2044,q25
S_sq,2062,44.59706200317796,new_cancers,all,c2040_2044,q25
S_sq,2063,44.59706200317796,new_cancers,all,c2040_2044,q25
S_sq,2064,89.19412400635592,new_cancers,all,c2040_2044,q25
S_sq,2065,133.79118600953387,new_cancers,all,c2040_2044,q25
S_sq,2066,133.79118600953387,new_cancers,all,c2040_2044,q25
S_sq,2067,189.53751351350633,new_cancers,all,c2040_2044,q25
S_sq,2068,267.58237201906775,new_cancers,all,c2040_2044,q25
S_sq,2069,267.58237201906775,new_cancers,all,c2040_2044,q25
S_sq,2070,312.17943402224574,new_cancers,all,c2040_2044,q25
S_sq,2071,412.5228193759709,new_cancers,all,c2040_2044,q25
S_sq,2072,501.71693922890177,new_cancers,all,c2040_2044,q25
S_sq,2073,535.1647232710097,new_cancers,all,c2040_2044,q25
S_sq,2074,624.3588472773656,new_cancers,all,c2040_2044,q25
S_sq,2075,646.6573865858049,new_cancers,all,c2040_2044,q25
S_sq,2076,802.7470786763769,new_cancers,all,c2040_2044,q25
S_sq,2077,802.7470932133649,new_cancers,all,c2040_2044,q25
S_sq,2078,891.9411985293076,new_cancers,all,c2040_2044,q25
S_sq,2079,858.4934061803493,new_cancers,all,c2040_2044,q25
S_sq,2080,981.1353183822384,new_cancers,all,c2040_2044,q25
S_sq,2081,947.6875530305435,new_cancers,all,c2040_2044,q25
S_sq,2082,1036.8816562697739,new_cancers,all,c2040_2044,q25
S_sq,2083,1170.6728318957448,new_cancers,all,c2040_2044,q25
S_sq,2084,1114.9264815479341,new_cancers,all,c2040_2044,q25
S_sq,2085,1215.2699063591983,new_cancers,all,c2040_2044,q25
S_sq,2086,1360.2103640996643,new_cancers,all,c2040_2044,q25
S_sq,2087,1349.0610985988699,new_cancers,all,c2040_2044,q25
S_sq,2088,1371.3596254470335,new_cancers,all,c2040_2044,q25
S_sq,2089,1415.9566874502116,new_cancers,all,c2040_2044,q25
S_sq,2090,1371.3596088333331,new_cancers,all,c2040_2044,q25
S_sq,2091,1572.0463982311965,new_cancers,all,c2040_2044,q25
S_sq,2092,1572.0463753873582,new_cancers,all,c2040_2044,q25
S_sq,2093,1783.882413672316,new_cancers,all,c2040_2044,q25
S_sq,2094,1694.6882730522593,new_cancers,all,c2040_2044,q25
S_sq,2095,1795.0317269375,new_cancers,all,c2040_2044,q25
S_sq,2096,1672.3898126588979,new_cancers,all,c2040_2044,q25
S_sq,2097,1650.091244276483,new_cancers,all,c2040_2044,q25
S_sq,2098,1683.5390511624291,new_cancers,all,c2040_2044,q25
S_sq,2099,1594.344902235522,new_cancers,all,c2040_2044,q25
S_sq,2100,1817.330212251412,new_cancers,all,c2040_2044,q25
S_sq,2025,13490.60932461864,new_cancers,all,pre2015,q25
S_sq,2026,13691.295983183609,new_cancers,all,pre2015,q25
S_sq,2027,14360.251556036714,new_cancers,all,pre2015,q25
S_sq,2028,14549.78962403248,new_cancers,all,pre2015,q25
S_sq,2029,15263.342017990104,new_cancers,all,pre2015,q25
S_sq,2030,15519.77541732485,new_cancers,all,pre2015,q25
S_sq,2031,15620.118580470327,new_cancers,all,pre2015,q25
S_sq,2032,16512.05985376129,new_cancers,all,pre2015,q25
S_sq,2033,16612.40321627118,new_cancers,all,pre2015,q25
S_sq,2034,17314.80688674999,new_cancers,all,pre2015,q25
S_sq,2035,17392.85160611581,new_cancers,all,pre2015,q25
S_sq,2036,18039.509133918073,new_cancers,all,pre2015,q25
S_sq,2037,18920.300753362983,new_cancers,all,pre2015,q25
S_sq,2038,18875.703932258468,new_cancers,all,pre2015,q25
S_sq,2039,19020.64458105649,new_cancers,all,pre2015,q25
S_sq,2040,19098.6891010579,new_cancers,all,pre2015,q25
S_sq,2041,19288.227169053665,new_cancers,all,pre2015,q25
S_sq,2042,19767.645471368633,new_cancers,all,pre2015,q25
S_sq,2043,20325.108559504228,new_cancers,all,pre2015,q25
S_sq,2044,20180.167844251402,new_cancers,all,pre2015,q25
S_sq,2045,20347.407335557902,new_cancers,all,pre2015,q25
S_sq,2046,19734.19763956214,new_cancers,all,pre2015,q25
S_sq,2047,19778.79492585027,new_cancers,all,pre2015,q25
S_sq,2048,20079.82488047033,new_cancers,all,pre2015,q25
S_sq,2049,20090.974401406773,new_cancers,all,pre2015,q25
S_sq,2050,19377.421675175137,new_cancers,all,pre2015,q25
S_sq,2051,19221.331372531065,new_cancers,all,pre2015,q25
S_sq,2052,19098.689233967503,new_cancers,all,pre2015,q25
S_sq,2053,18741.913136670893,new_cancers,all,pre2015,q25
S_sq,2054,18429.733594659592,new_cancers,all,pre2015,q25
S_sq,2055,18184.44971626129,new_cancers,all,pre2015,q25
S_sq,2056,17638.13568387852,new_cancers,all,pre2015,q25
S_sq,2057,17247.911289591797,new_cancers,all,pre2015,q25
S_sq,2058,16746.194477042365,new_cancers,all,pre2015,q25
S_sq,2059,16500.91059864406,new_cancers,all,pre2015,q25
S_sq,2060,15809.65605037287,new_cancers,all,pre2015,q25
S_sq,2061,15263.342150899709,new_cancers,all,pre2015,q25
S_sq,2062,14850.819312833326,new_cancers,all,pre2015,q25
S_sq,2063,14449.446062158184,new_cancers,all,pre2015,q25
S_sq,2064,14549.789358213267,new_cancers,all,pre2015,q25
S_sq,2065,13446.012171240105,new_cancers,all,pre2015,q25
S_sq,2066,12944.295292235867,new_cancers,all,pre2015,q25
S_sq,2067,12241.891887576265,new_cancers,all,pre2015,q25
S_sq,2068,12163.846902391237,new_cancers,all,pre2015,q25
S_sq,2069,11773.622773923722,new_cancers,all,pre2015,q25
S_sq,2070,10859.383056853101,new_cancers,all,pre2015,q25
S_sq,2071,10223.875116442086,new_cancers,all,pre2015,q25
S_sq,2072,9766.755257906774,new_cancers,all,pre2015,q25
S_sq,2073,9276.187966293783,new_cancers,all,pre2015,q25
S_sq,2074,8618.381116919487,new_cancers,all,pre2015,q25
S_sq,2075,7860.231503128527,new_cancers,all,pre2015,q25
S_sq,2076,7503.454807738697,new_cancers,all,pre2015,q25
S_sq,2077,6879.096321809319,new_cancers,all,pre2015,q25
S_sq,2078,6076.349189138416,new_cancers,all,pre2015,q25
S_sq,2079,5875.662297981637,new_cancers,all,pre2015,q25
S_sq,2080,5229.005251976693,new_cancers,all,pre2015,q25
S_sq,2081,4693.840723916665,new_cancers,all,pre2015,q25
S_sq,2082,4381.661397883474,new_cancers,all,pre2015,q25
S_sq,2083,3879.944535492938,new_cancers,all,pre2015,q25
S_sq,2084,3746.153391017656,new_cancers,all,pre2015,q25
S_sq,2085,2943.40622511935,new_cancers,all,pre2015,q25
S_sq,2086,2809.6150141892654,new_cancers,all,pre2015,q25
S_sq,2087,2374.793549592514,new_cancers,all,pre2015,q25
S_sq,2088,2107.2111941871462,new_cancers,all,pre2015,q25
S_sq,2089,1750.434598479519,new_cancers,all,pre2015,q25
S_sq,2090,1471.7030128774716,new_cancers,all,pre2015,q25
S_sq,2091,1248.7176841711685,new_cancers,all,pre2015,q25
S_sq,2092,1092.6279733901836,new_cancers,all,pre2015,q25
S_sq,2093,891.9412047594453,new_cancers,all,pre2015,q25
S_sq,2094,724.7022367845161,new_cancers,all,pre2015,q25
S_sq,2095,546.3139970786546,new_cancers,all,pre2015,q25
S_sq,2096,445.97060757150416,new_cancers,all,pre2015,q25
S_sq,2097,312.17943402224574,new_cancers,all,pre2015,q25
S_sq,2098,267.58237201906775,new_cancers,all,pre2015,q25
S_sq,2099,178.38824801271184,new_cancers,all,pre2015,q25
S_sq,2100,133.79118600953387,new_cancers,all,pre2015,q25
S_sq,2026,44.59706200317796,new_cancers,all,c2015_2019,q75
S_sq,2029,44.59706200317796,new_cancers,all,c2015_2019,q75
S_sq,2030,44.59706200317796,new_cancers,all,c2015_2019,q75
S_sq,2031,66.89559300476694,new_cancers,all,c2015_2019,q75
S_sq,2032,44.59706200317796,new_cancers,all,c2015_2019,q75
S_sq,2033,44.59706200317796,new_cancers,all,c2015_2019,q75
S_sq,2034,89.19412400635592,new_cancers,all,c2015_2019,q75
S_sq,2035,89.19412400635592,new_cancers,all,c2015_2019,q75
S_sq,2036,89.19412400635592,new_cancers,all,c2015_2019,q75
S_sq,2037,133.79118600953387,new_cancers,all,c2015_2019,q75
S_sq,2038,222.9853100158898,new_cancers,all,c2015_2019,q75
S_sq,2039,267.58237201906775,new_cancers,all,c2015_2019,q75
S_sq,2040,267.58237201906775,new_cancers,all,c2015_2019,q75
S_sq,2041,445.9706200317796,new_cancers,all,c2015_2019,q75
S_sq,2042,579.7617894276128,new_cancers,all,c2015_2019,q75
S_sq,2043,668.9559113572562,new_cancers,all,c2015_2019,q75
S_sq,2044,747.0007657093925,new_cancers,all,c2015_2019,q75
S_sq,2045,880.7919371819382,new_cancers,all,c2015_2019,q75
S_sq,2046,1070.3294548488698,new_cancers,all,c2015_2019,q75
S_sq,2047,1148.374298817443,new_cancers,all,c2015_2019,q75
S_sq,2048,1114.9265085451975,new_cancers,all,c2015_2019,q75
S_sq,2049,1248.7176945547315,new_cancers,all,c2015_2019,q75
S_sq,2050,1337.9118019473867,new_cancers,all,c2015_2019,q75
S_sq,2051,1404.807392875441,new_cancers,all,c2015_2019,q75
S_sq,2052,1382.5088639505648,new_cancers,all,c2015_2019,q75
S_sq,2053,1627.7927091214688,new_cancers,all,c2015_2019,q75
S_sq,2054,1638.9419642387002,new_cancers,all,c2015_2019,q75
S_sq,2055,1694.6883062796605,new_cancers,all,c2015_2019,q75
S_sq,2056,1873.0765792129237,new_cancers,all,c2015_2019,q75
S_sq,2057,1761.5838785173019,new_cancers,all,c2015_2019,q75
S_sq,2058,1728.1360882450563,new_cancers,all,c2015_2019,q75
S_sq,2059,2029.1662671500703,new_cancers,all,c2015_2019,q75
S_sq,2060,2051.464827225635,new_cancers,all,c2015_2019,q75
S_sq,2061,1962.2707198329801,new_cancers,all,c2015_2019,q75
S_sq,2062,2185.2560547694206,new_cancers,all,c2015_2019,q75
S_sq,2063,2073.763329153248,new_cancers,all,c2015_2019,q75
S_sq,2064,2096.061889228813,new_cancers,all,c2015_2019,q75
S_sq,2065,2229.8531084657484,new_cancers,all,c2015_2019,q75
S_sq,2066,2363.644277861582,new_cancers,all,c2015_2019,q75
S_sq,2067,2341.345775933969,new_cancers,all,c2015_2019,q75
S_sq,2068,2319.0472656995053,new_cancers,all,c2015_2019,q75
S_sq,2069,2274.4502701511306,new_cancers,all,c2015_2019,q75
S_sq,2070,2530.8833808228283,new_cancers,all,c2015_2019,q75
S_sq,2071,2352.4949895169493,new_cancers,all,c2015_2019,q75
S_sq,2072,2497.4355386327684,new_cancers,all,c2015_2019,q75
S_sq,2073,2352.4949562895476,new_cancers,all,c2015_2019,q75
S_sq,2074,2408.2414644675146,new_cancers,all,c2015_2019,q75
S_sq,2075,2263.3009070448443,new_cancers,all,c2015_2019,q75
S_sq,2076,2363.644344316384,new_cancers,all,c2015_2019,q75
S_sq,2077,2363.6443027821324,new_cancers,all,c2015_2019,q75
S_sq,2078,2274.4502203100283,new_cancers,all,c2015_2019,q75
S_sq,2079,2229.8531416931496,new_cancers,all,c2015_2019,q75
S_sq,2080,2185.2559966214685,new_cancers,all,c2015_2019,q75
S_sq,2081,2174.106791345339,new_cancers,all,c2015_2019,q75
S_sq,2082,2051.4648272256354,new_cancers,all,c2015_2019,q75
S_sq,2083,2129.5097293421604,new_cancers,all,c2015_2019,q75
S_sq,2084,1873.0765792129232,new_cancers,all,c2015_2019,q75
S_sq,2085,1951.1214647157485,new_cancers,all,c2015_2019,q75
S_sq,2086,1783.8824635134179,new_cancers,all,c2015_2019,q75
S_sq,2087,1638.941989159251,new_cancers,all,c2015_2019,q75
S_sq,2088,1650.0912691970336,new_cancers,all,c2015_2019,q75
S_sq,2089,1605.4941905801552,new_cancers,all,c2015_2019,q75
S_sq,2090,1415.9566293022594,new_cancers,all,c2015_2019,q75
S_sq,2091,1337.9118019473867,new_cancers,all,c2015_2019,q75
S_sq,2092,1415.9566625296607,new_cancers,all,c2015_2019,q75
S_sq,2093,1192.971377434322,new_cancers,all,c2015_2019,q75
S_sq,2094,847.3441593699681,new_cancers,all,c2015_2019,q75
S_sq,2095,936.5382667626233,new_cancers,all,c2015_2019,q75
S_sq,2096,880.7919641792018,new_cancers,all,c2015_2019,q75
S_sq,2097,702.4037120130648,new_cancers,all,c2015_2019,q75
S_sq,2098,613.2095900834214,new_cancers,all,c2015_2019,q75
S_sq,2099,613.2095817765712,new_cancers,all,c2015_2019,q75
S_sq,2100,490.56767372810725,new_cancers,all,c2015_2019,q75
S_sq,2035,44.59706200317796,new_cancers,all,c2020_2024,q75
S_sq,2036,44.59706200317796,new_cancers,all,c2020_2024,q75
S_sq,2037,44.59706200317796,new_cancers,all,c2020_2024,q75
S_sq,2038,44.59706200317796,new_cancers,all,c2020_2024,q75
S_sq,2039,44.59706200317796,new_cancers,all,c2020_2024,q75
S_sq,2040,89.19412400635592,new_cancers,all,c2020_2024,q75
S_sq,2041,122.64192050873939,new_cancers,all,c2020_2024,q75
S_sq,2042,133.79118600953387,new_cancers,all,c2020_2024,q75
S_sq,2043,178.38824801271184,new_cancers,all,c2020_2024,q75
S_sq,2044,222.9853100158898,new_cancers,all,c2020_2024,q75
S_sq,2045,312.1794340222457,new_cancers,all,c2020_2024,q75
S_sq,2046,401.3735580286017,new_cancers,all,c2020_2024,q75
S_sq,2047,490.56767372810725,new_cancers,all,c2020_2024,q75
S_sq,2048,535.1647440381355,new_cancers,all,c2020_2024,q75
S_sq,2049,668.9559258942443,new_cancers,all,c2020_2024,q75
S_sq,2050,847.3441427562674,new_cancers,all,c2020_2024,q75
S_sq,2051,847.3441739069561,new_cancers,all,c2020_2024,q75
S_sq,2052,925.3889908782659,new_cancers,all,c2020_2024,q75
S_sq,2053,1025.7323928456917,new_cancers,all,c2020_2024,q75
S_sq,2054,1159.523553934675,new_cancers,all,c2020_2024,q75
S_sq,2055,1204.120634628266,new_cancers,all,c2020_2024,q75
S_sq,2056,1282.1654910571147,new_cancers,all,c2020_2024,q75
S_sq,2057,1449.4044631854692,new_cancers,all,c2020_2024,q75
S_sq,2058,1427.1059467208684,new_cancers,all,c2020_2024,q75
S_sq,2059,1516.300047883386,new_cancers,all,c2020_2024,q75
S_sq,2060,1694.6882730522595,new_cancers,all,c2020_2024,q75
S_sq,2061,1739.2853848965392,new_cancers,all,c2020_2024,q75
S_sq,2062,1795.0316770963982,new_cancers,all,c2020_2024,q75
S_sq,2063,1728.1361131656072,new_cancers,all,c2020_2024,q75
S_sq,2064,1772.733150248234,new_cancers,all,c2020_2024,q75
S_sq,2065,1895.3751475953388,new_cancers,all,c2020_2024,q75
S_sq,2066,2084.912617497881,new_cancers,all,c2020_2024,q75
S_sq,2067,2029.166292070621,new_cancers,all,c2020_2024,q75
S_sq,2068,2084.912675645833,new_cancers,all,c2020_2024,q75
S_sq,2069,2229.8531084657484,new_cancers,all,c2020_2024,q75
S_sq,2070,2096.0620262918437,new_cancers,all,c2020_2024,q75
S_sq,2071,2174.1067248905365,new_cancers,all,c2020_2024,q75
S_sq,2072,2363.6442944752825,new_cancers,all,c2020_2024,q75
S_sq,2073,2252.1516768481642,new_cancers,all,c2020_2024,q75
S_sq,2074,2397.0921096680786,new_cancers,all,c2020_2024,q75
S_sq,2075,2363.6443360095336,new_cancers,all,c2020_2024,q75
S_sq,2076,2408.241389705862,new_cancers,all,c2020_2024,q75
S_sq,2077,2486.286225367584,new_cancers,all,c2020_2024,q75
S_sq,2078,2408.24135647846,new_cancers,all,c2020_2024,q75
S_sq,2079,2363.644277861582,new_cancers,all,c2020_2024,q75
S_sq,2080,2408.241431240113,new_cancers,all,c2020_2024,q75
S_sq,2081,2452.838418481638,new_cancers,all,c2020_2024,q75
S_sq,2082,2385.942813016595,new_cancers,all,c2020_2024,q75
S_sq,2083,2307.8979358206216,new_cancers,all,c2020_2024,q75
S_sq,2084,2352.494997823799,new_cancers,all,c2020_2024,q75
S_sq,2085,2319.047307233757,new_cancers,all,c2020_2024,q75
S_sq,2086,2207.5545816175845,new_cancers,all,c2020_2024,q75
S_sq,2087,2096.0618809219627,new_cancers,all,c2020_2024,q75
S_sq,2088,2218.703869962217,new_cancers,all,c2020_2024,q75
S_sq,2089,1962.270744753531,new_cancers,all,c2020_2024,q75
S_sq,2090,2096.0618726151124,new_cancers,all,c2020_2024,q75
S_sq,2091,1962.2706866055787,new_cancers,all,c2020_2024,q75
S_sq,2092,1828.479467368644,new_cancers,all,c2020_2024,q75
S_sq,2093,1716.9868248209743,new_cancers,all,c2020_2024,q75
S_sq,2094,1594.3449022355226,new_cancers,all,c2020_2024,q75
S_sq,2095,1427.1059155701796,new_cancers,all,c2020_2024,q75
S_sq,2096,1415.9566625296607,new_cancers,all,c2020_2024,q75
S_sq,2097,1371.359575605932,new_cancers,all,c2020_2024,q75
S_sq,2098,1248.7177028615818,new_cancers,all,c2020_2024,q75
S_sq,2099,1070.3294548488698,new_cancers,all,c2020_2024,q75
S_sq,2100,969.9860694951445,new_cancers,all,c2020_2024,q75
S_sq,2039,44.59706200317796,new_cancers,all,c2025_2029,q75
S_sq,2040,44.59706200317796,new_cancers,all,c2025_2029,q75
S_sq,2041,44.59706200317796,new_cancers,all,c2025_2029,q75
S_sq,2042,44.59706200317796,new_cancers,all,c2025_2029,q75
S_sq,2043,89.19412400635592,new_cancers,all,c2025_2029,q75
S_sq,2044,44.59706200317796,new_cancers,all,c2025_2029,q75
S_sq,2045,44.59706200317796,new_cancers,all,c2025_2029,q75
S_sq,2046,89.19412400635592,new_cancers,all,c2025_2029,q75
S_sq,2047,133.79118600953387,new_cancers,all,c2025_2029,q75
S_sq,2048,178.38824801271184,new_cancers,all,c2025_2029,q75
S_sq,2049,267.58237201906775,new_cancers,all,c2025_2029,q75
S_sq,2050,267.58237201906775,new_cancers,all,c2025_2029,q75
S_sq,2051,312.1794340222457,new_cancers,all,c2025_2029,q75
S_sq,2052,479.4184103040253,new_cancers,all,c2025_2029,q75
S_sq,2053,490.56766542125695,new_cancers,all,c2025_2029,q75
S_sq,2054,579.7618039646009,new_cancers,all,c2025_2029,q75
S_sq,2055,713.5529754371466,new_cancers,all,c2025_2029,q75
S_sq,2056,758.1500353636121,new_cancers,all,c2025_2029,q75
S_sq,2057,836.1948731020477,new_cancers,all,c2025_2029,q75
S_sq,2058,1059.1801748110872,new_cancers,all,c2025_2029,q75
S_sq,2059,1025.7323637717159,new_cancers,all,c2025_2029,q75
S_sq,2060,1237.5684124402362,new_cancers,all,c2025_2029,q75
S_sq,2061,1237.5684062100984,new_cancers,all,c2025_2029,q75
S_sq,2062,1293.3147565579093,new_cancers,all,c2025_2029,q75
S_sq,2063,1326.7625551370054,new_cancers,all,c2025_2029,q75
S_sq,2064,1460.5537162259882,new_cancers,all,c2025_2029,q75
S_sq,2065,1638.9419725455505,new_cancers,all,c2025_2029,q75
S_sq,2066,1471.7030024939086,new_cancers,all,c2025_2029,q75
S_sq,2067,1739.2853599759885,new_cancers,all,c2025_2029,q75
S_sq,2068,1861.92726594774,new_cancers,all,c2025_2029,q75
S_sq,2069,1861.9272742545902,new_cancers,all,c2025_2029,q75
S_sq,2070,1951.1214813294491,new_cancers,all,c2025_2029,q75
S_sq,2071,1906.5243611783187,new_cancers,all,c2025_2029,q75
S_sq,2072,1984.569230067443,new_cancers,all,c2025_2029,q75
S_sq,2073,2096.061939069915,new_cancers,all,c2025_2029,q75
S_sq,2074,2006.8677818361584,new_cancers,all,c2025_2029,q75
S_sq,2075,2263.300948579096,new_cancers,all,c2025_2029,q75
S_sq,2076,2319.0472573926554,new_cancers,all,c2025_2029,q75
S_sq,2077,2140.6589346182905,new_cancers,all,c2025_2029,q75
S_sq,2078,2207.5545816175845,new_cancers,all,c2025_2029,q75
S_sq,2079,2319.047249085805,new_cancers,all,c2025_2029,q75
S_sq,2080,2352.495047664901,new_cancers,all,c2025_2029,q75
S_sq,2081,2363.6443027821324,new_cancers,all,c2025_2029,q75
S_sq,2082,2352.495097506003,new_cancers,all,c2025_2029,q75
S_sq,2083,2397.0921096680786,new_cancers,all,c2025_2029,q75
S_sq,2084,2408.241472774365,new_cancers,all,c2025_2029,q75
S_sq,2085,2363.644336009534,new_cancers,all,c2025_2029,q75
S_sq,2086,2508.584768829449,new_cancers,all,c2025_2029,q75
S_sq,2087,2497.435505405367,new_cancers,all,c2025_2029,q75
S_sq,2088,2575.4804241355932,new_cancers,all,c2025_2029,q75
S_sq,2089,2575.4803244533896,new_cancers,all,c2025_2029,q75
S_sq,2090,2475.136945329802,new_cancers,all,c2025_2029,q75
S_sq,2091,2307.897919206921,new_cancers,all,c2025_2029,q75
S_sq,2092,2307.897952434322,new_cancers,all,c2025_2029,q75
S_sq,2093,2408.2413481716103,new_cancers,all,c2025_2029,q75
S_sq,2094,2218.703878269068,new_cancers,all,c2025_2029,q75
S_sq,2095,2051.4648604530366,new_cancers,all,c2025_2029,q75
S_sq,2096,1995.718435343573,new_cancers,all,c2025_2029,q75
S_sq,2097,1783.8824718202682,new_cancers,all,c2025_2029,q75
S_sq,2098,1861.9272825614405,new_cancers,all,c2025_2029,q75
S_sq,2099,1694.6883062796605,new_cancers,all,c2025_2029,q75
S_sq,2100,1683.5390013213273,new_cancers,all,c2025_2029,q75
S_sq,2044,44.59706200317796,new_cancers,all,c2030_2034,q75
S_sq,2045,44.59706200317796,new_cancers,all,c2030_2034,q75
S_sq,2046,44.59706200317796,new_cancers,all,c2030_2034,q75
S_sq,2047,44.59706200317796,new_cancers,all,c2030_2034,q75
S_sq,2048,78.04485850556142,new_cancers,all,c2030_2034,q75
S_sq,2049,89.19412400635592,new_cancers,all,c2030_2034,q75
S_sq,2050,89.19412400635592,new_cancers,all,c2030_2034,q75
S_sq,2051,89.19412400635592,new_cancers,all,c2030_2034,q75
S_sq,2052,133.79118600953387,new_cancers,all,c2030_2034,q75
S_sq,2053,178.38824801271184,new_cancers,all,c2030_2034,q75
S_sq,2054,267.58237201906775,new_cancers,all,c2030_2034,q75
S_sq,2055,256.43310651827323,new_cancers,all,c2030_2034,q75
S_sq,2056,301.0301622913135,new_cancers,all,c2030_2034,q75
S_sq,2057,356.7764960254237,new_cancers,all,c2030_2034,q75
S_sq,2058,490.56767995824504,new_cancers,all,c2030_2034,q75
S_sq,2059,579.7617915043254,new_cancers,all,c2030_2034,q75
S_sq,2060,735.8514898250351,new_cancers,all,c2030_2034,q75
S_sq,2061,758.1500374403248,new_cancers,all,c2030_2034,q75
S_sq,2062,847.3441759836687,new_cancers,all,c2030_2034,q75
S_sq,2063,936.5382916831743,new_cancers,all,c2030_2034,q75
S_sq,2064,1103.777238890978,new_cancers,all,c2030_2034,q75
S_sq,2065,1025.7324115361052,new_cancers,all,c2030_2034,q75
S_sq,2066,1159.523593392214,new_cancers,all,c2030_2034,q75
S_sq,2067,1293.314748251059,new_cancers,all,c2030_2034,q75
S_sq,2068,1282.165484826977,new_cancers,all,c2030_2034,q75
S_sq,2069,1516.3000499600985,new_cancers,all,c2030_2034,q75
S_sq,2070,1415.9566874502116,new_cancers,all,c2030_2034,q75
S_sq,2071,1594.3449271560733,new_cancers,all,c2030_2034,q75
S_sq,2072,1638.9419476249996,new_cancers,all,c2030_2034,q75
S_sq,2073,1605.4941905801552,new_cancers,all,c2030_2034,q75
S_sq,2074,1772.7331253276832,new_cancers,all,c2030_2034,q75
S_sq,2075,1739.285376589689,new_cancers,all,c2030_2034,q75
S_sq,2076,1861.9272742545902,new_cancers,all,c2030_2034,q75
S_sq,2077,1739.2853932033895,new_cancers,all,c2030_2034,q75
S_sq,2078,2129.50970442161,new_cancers,all,c2030_2034,q75
S_sq,2079,2196.4052932729514,new_cancers,all,c2030_2034,q75
S_sq,2080,2229.8531167725987,new_cancers,all,c2030_2034,q75
S_sq,2081,2408.24135647846,new_cancers,all,c2030_2034,q75
S_sq,2082,2218.7038201211153,new_cancers,all,c2030_2034,q75
S_sq,2083,2307.8979441274714,new_cancers,all,c2030_2034,q75
S_sq,2084,2452.838443402189,new_cancers,all,c2030_2034,q75
S_sq,2085,2263.300940272246,new_cancers,all,c2030_2034,q75
S_sq,2086,2497.4355469396187,new_cancers,all,c2030_2034,q75
S_sq,2087,2519.7341236288844,new_cancers,all,c2030_2034,q75
S_sq,2088,2620.077344922316,new_cancers,all,c2030_2034,q75
S_sq,2089,2575.4803244533896,new_cancers,all,c2030_2034,q75
S_sq,2090,2709.2715935314263,new_cancers,all,c2030_2034,q75
S_sq,2091,2709.271601838277,new_cancers,all,c2030_2034,q75
S_sq,2092,2586.629646025424,new_cancers,all,c2030_2034,q75
S_sq,2093,2452.838418481638,new_cancers,all,c2030_2034,q75
S_sq,2094,2452.8385015501412,new_cancers,all,c2030_2034,q75
S_sq,2095,2542.0325591016945,new_cancers,all,c2030_2034,q75
S_sq,2096,2497.435472177965,new_cancers,all,c2030_2034,q75
S_sq,2097,2319.0473321543077,new_cancers,all,c2030_2034,q75
S_sq,2098,2352.4950393580502,new_cancers,all,c2030_2034,q75
S_sq,2099,2229.8531666137005,new_cancers,all,c2030_2034,q75
S_sq,2100,2441.6891052164547,new_cancers,all,c2030_2034,q75
S_sq,2049,44.59706200317796,new_cancers,all,c2035_2039,q75
S_sq,2050,44.59706200317796,new_cancers,all,c2035_2039,q75
S_sq,2052,55.74632750397245,new_cancers,all,c2035_2039,q75
S_sq,2053,78.04485850556142,new_cancers,all,c2035_2039,q75
S_sq,2054,44.59706200317796,new_cancers,all,c2035_2039,q75
S_sq,2055,44.59706200317796,new_cancers,all,c2035_2039,q75
S_sq,2056,89.19412400635592,new_cancers,all,c2035_2039,q75
S_sq,2057,133.79118600953387,new_cancers,all,c2035_2039,q75
S_sq,2058,178.38824801271184,new_cancers,all,c2035_2039,q75
S_sq,2059,178.38824801271184,new_cancers,all,c2035_2039,q75
S_sq,2060,267.58237201906775,new_cancers,all,c2035_2039,q75
S_sq,2061,356.7764960254237,new_cancers,all,c2035_2039,q75
S_sq,2062,356.7764960254237,new_cancers,all,c2035_2039,q75
S_sq,2063,479.4184040738876,new_cancers,all,c2035_2039,q75
S_sq,2064,568.6125405405189,new_cancers,all,c2035_2039,q75
S_sq,2065,624.3588659677789,new_cancers,all,c2035_2039,q75
S_sq,2066,713.5529795905719,new_cancers,all,c2035_2039,q75
S_sq,2067,869.6426592208684,new_cancers,all,c2035_2039,q75
S_sq,2068,925.3889950316911,new_cancers,all,c2035_2039,q75
S_sq,2069,969.9860508047313,new_cancers,all,c2035_2039,q75
S_sq,2070,1103.7772451211156,new_cancers,all,c2035_2039,q75
S_sq,2071,1114.9265334657484,new_cancers,all,c2035_2039,q75
S_sq,2072,1192.9713525137709,new_cancers,all,c2035_2039,q75
S_sq,2073,1427.1059508742935,new_cancers,all,c2035_2039,q75
S_sq,2074,1516.300058266949,new_cancers,all,c2035_2039,q75
S_sq,2075,1427.1059176468923,new_cancers,all,c2035_2039,q75
S_sq,2076,1516.3000582669488,new_cancers,all,c2035_2039,q75
S_sq,2077,1605.494165659604,new_cancers,all,c2035_2039,q75
S_sq,2078,1861.927249334039,new_cancers,all,c2035_2039,q75
S_sq,2079,1873.0765542923723,new_cancers,all,c2035_2039,q75
S_sq,2080,1783.8824884339688,new_cancers,all,c2035_2039,q75
S_sq,2081,1995.718518412076,new_cancers,all,c2035_2039,q75
S_sq,2082,2040.3155700316913,new_cancers,all,c2035_2039,q75
S_sq,2083,2307.897919206921,new_cancers,all,c2035_2039,q75
S_sq,2084,2185.2559966214685,new_cancers,all,c2035_2039,q75
S_sq,2085,2252.1516103933614,new_cancers,all,c2035_2039,q75
S_sq,2086,2441.689146750706,new_cancers,all,c2035_2039,q75
S_sq,2087,2319.047315540607,new_cancers,all,c2035_2039,q75
S_sq,2088,2497.4355635533193,new_cancers,all,c2035_2039,q75
S_sq,2089,2452.8384101747874,new_cancers,all,c2035_2039,q75
S_sq,2090,2787.3165039548026,new_cancers,all,c2035_2039,q75
S_sq,2091,2620.077477831921,new_cancers,all,c2035_2039,q75
S_sq,2092,2664.6745315282487,new_cancers,all,c2035_2039,q75
S_sq,2093,2709.271560304025,new_cancers,all,c2035_2039,q75
S_sq,2094,2798.4657673788843,new_cancers,all,c2035_2039,q75
S_sq,2095,2753.8686721483054,new_cancers,all,c2035_2039,q75
S_sq,2096,2765.0179937203397,new_cancers,all,c2035_2039,q75
S_sq,2097,2843.062879223164,new_cancers,all,c2035_2039,q75
S_sq,2098,2988.003245588277,new_cancers,all,c2035_2039,q75
S_sq,2099,2753.8686555346044,new_cancers,all,c2035_2039,q75
S_sq,2100,2809.615014189266,new_cancers,all,c2035_2039,q75
S_sq,2055,44.59706200317796,new_cancers,all,c2040_2044,q75
S_sq,2056,44.59706200317796,new_cancers,all,c2040_2044,q75
S_sq,2057,44.59706200317796,new_cancers,all,c2040_2044,q75
S_sq,2058,44.59706200317796,new_cancers,all,c2040_2044,q75
S_sq,2059,44.59706200317796,new_cancers,all,c2040_2044,q75
S_sq,2060,44.59706200317796,new_cancers,all,c2040_2044,q75
S_sq,2061,89.19412400635592,new_cancers,all,c2040_2044,q75
S_sq,2062,111.4926550079449,new_cancers,all,c2040_2044,q75
S_sq,2063,178.38824801271184,new_cancers,all,c2040_2044,q75
S_sq,2064,178.38824801271184,new_cancers,all,c2040_2044,q75
S_sq,2065,222.9853100158898,new_cancers,all,c2040_2044,q75
S_sq,2066,356.7764960254236,new_cancers,all,c2040_2044,q75
S_sq,2067,401.3735580286017,new_cancers,all,c2040_2044,q75
S_sq,2068,535.1647336545726,new_cancers,all,c2040_2044,q75
S_sq,2069,568.6125280802436,new_cancers,all,c2040_2044,q75
S_sq,2070,624.3588535075033,new_cancers,all,c2040_2044,q75
S_sq,2071,747.000767786105,new_cancers,all,c2040_2044,q75
S_sq,2072,880.7919434120761,new_cancers,all,c2040_2044,q75
S_sq,2073,1025.732401152542,new_cancers,all,c2040_2044,q75
S_sq,2074,981.1353370726519,new_cancers,all,c2040_2044,q75
S_sq,2075,1103.777238890978,new_cancers,all,c2040_2044,q75
S_sq,2076,1237.568414516949,new_cancers,all,c2040_2044,q75
S_sq,2077,1293.3147607113347,new_cancers,all,c2040_2044,q75
S_sq,2078,1337.9117770268356,new_cancers,all,c2040_2044,q75
S_sq,2079,1505.1507948428668,new_cancers,all,c2040_2044,q75
S_sq,2080,1549.7478236186437,new_cancers,all,c2040_2044,q75
S_sq,2081,1516.3001018779128,new_cancers,all,c2040_2044,q75
S_sq,2082,1683.539040778866,new_cancers,all,c2040_2044,q75
S_sq,2083,1906.524361178319,new_cancers,all,c2040_2044,q75
S_sq,2084,1951.121373340395,new_cancers,all,c2040_2044,q75
S_sq,2085,1917.6736744435027,new_cancers,all,c2040_2044,q75
S_sq,2086,2084.9125510430786,new_cancers,all,c2040_2044,q75
S_sq,2087,2129.5096711942087,new_cancers,all,c2040_2044,q75
S_sq,2088,2229.853042010946,new_cancers,all,c2040_2044,q75
S_sq,2089,2307.897969048023,new_cancers,all,c2040_2044,q75
S_sq,2090,2319.0472490858047,new_cancers,all,c2040_2044,q75
S_sq,2091,2397.0920681338275,new_cancers,all,c2040_2044,q75
S_sq,2092,2486.286225367584,new_cancers,all,c2040_2044,q75
S_sq,2093,2620.0774446045198,new_cancers,all,c2040_2044,q75
S_sq,2094,2675.8238447934323,new_cancers,all,c2040_2044,q75
S_sq,2095,2664.6745813693506,new_cancers,all,c2040_2044,q75
S_sq,2096,2854.2121177266954,new_cancers,all,c2040_2044,q75
S_sq,2097,2720.420873569209,new_cancers,all,c2040_2044,q75
S_sq,2098,2887.6598747715393,new_cancers,all,c2040_2044,q75
S_sq,2099,2965.704718740113,new_cancers,all,c2040_2044,q75
S_sq,2100,2943.406258346751,new_cancers,all,c2040_2044,q75
S_sq,2025,15687.014310538127,new_cancers,all,pre2015,q75
S_sq,2026,15921.148800909596,new_cancers,all,pre2015,q75
S_sq,2027,17158.71704928954,new_cancers,all,pre2015,q75
S_sq,2028,17114.11996236581,new_cancers,all,pre2015,q75
S_sq,2029,17827.673087326264,new_cancers,all,pre2015,q75
S_sq,2030,18117.554119103097,new_cancers,all,pre2015,q75
S_sq,2031,18418.58420663276,new_cancers,all,pre2015,q75
S_sq,2032,18808.808268645465,new_cancers,all,pre2015,q75
S_sq,2033,19433.16781785169,new_cancers,all,pre2015,q75
S_sq,2034,20113.27304455084,new_cancers,all,pre2015,q75
S_sq,2035,20057.526303781066,new_cancers,all,pre2015,q75
S_sq,2036,20202.46675321468,new_cancers,all,pre2015,q75
S_sq,2037,21685.31927872174,new_cancers,all,pre2015,q75
S_sq,2038,21395.4381140353,new_cancers,all,pre2015,q75
S_sq,2039,21796.811431165246,new_cancers,all,pre2015,q75
S_sq,2040,22309.67796401553,new_cancers,all,pre2015,q75
S_sq,2041,22331.97647424999,new_cancers,all,pre2015,q75
S_sq,2042,22108.991504814967,new_cancers,all,pre2015,q75
S_sq,2043,22755.649099072027,new_cancers,all,pre2015,q75
S_sq,2044,22588.410006494345,new_cancers,all,pre2015,q75
S_sq,2045,22967.48507920903,new_cancers,all,pre2015,q75
S_sq,2046,22510.364821944906,new_cancers,all,pre2015,q75
S_sq,2047,23123.57372048304,new_cancers,all,pre2015,q75
S_sq,2048,22699.90202602824,new_cancers,all,pre2015,q75
S_sq,2049,22744.499179406772,new_cancers,all,pre2015,q75
S_sq,2050,22398.871606224566,new_cancers,all,pre2015,q75
S_sq,2051,21807.9612843757,new_cancers,all,pre2015,q75
S_sq,2052,22008.648474579088,new_cancers,all,pre2015,q75
S_sq,2053,21752.214676515534,new_cancers,all,pre2015,q75
S_sq,2054,20904.87088887711,new_cancers,all,pre2015,q75
S_sq,2055,20748.78111787146,new_cancers,all,pre2015,q75
S_sq,2056,20012.92941622174,new_cancers,all,pre2015,q75
S_sq,2057,19711.899195782476,new_cancers,all,pre2015,q75
S_sq,2058,18875.703799348867,new_cancers,all,pre2015,q75
S_sq,2059,18875.704264532476,new_cancers,all,pre2015,q75
S_sq,2060,17939.165970772592,new_cancers,all,pre2015,q75
S_sq,2061,17872.270572978807,new_cancers,all,pre2015,q75
S_sq,2062,17593.538862774003,new_cancers,all,pre2015,q75
S_sq,2063,17125.269416847448,new_cancers,all,pre2015,q75
S_sq,2064,16478.612088409594,new_cancers,all,pre2015,q75
S_sq,2065,15586.670881573436,new_cancers,all,pre2015,q75
S_sq,2066,14884.267144639824,new_cancers,all,pre2015,q75
S_sq,2067,14605.535633799427,new_cancers,all,pre2015,q75
S_sq,2068,13646.698962714683,new_cancers,all,pre2015,q75
S_sq,2069,13457.16175863135,new_cancers,all,pre2015,q75
S_sq,2070,12988.892512069202,new_cancers,all,pre2015,q75
S_sq,2071,12297.63803025282,new_cancers,all,pre2015,q75
S_sq,2072,11182.711920436435,new_cancers,all,pre2015,q75
S_sq,2073,10870.532511334739,new_cancers,all,pre2015,q75
S_sq,2074,10413.412519889825,new_cancers,all,pre2015,q75
S_sq,2075,9521.471778237285,new_cancers,all,pre2015,q75
S_sq,2076,8796.769464614403,new_cancers,all,pre2015,q75
S_sq,2077,8373.09743788559,new_cancers,all,pre2015,q75
S_sq,2078,7893.679002661013,new_cancers,all,pre2015,q75
S_sq,2079,7481.156231049431,new_cancers,all,pre2015,q75
S_sq,2080,6511.170570666664,new_cancers,all,pre2015,q75
S_sq,2081,5976.006059220338,new_cancers,all,pre2015,q75
S_sq,2082,5385.094890072738,new_cancers,all,pre2015,q75
S_sq,2083,4894.527332640536,new_cancers,all,pre2015,q75
S_sq,2084,4482.00474377966,new_cancers,all,pre2015,q75
S_sq,2085,3902.2431454096045,new_cancers,all,pre2015,q75
S_sq,2086,3612.36216347387,new_cancers,all,pre2015,q75
S_sq,2087,3121.794539586864,new_cancers,all,pre2015,q75
S_sq,2088,2787.3164624205506,new_cancers,all,pre2015,q75
S_sq,2089,2452.8384517090394,new_cancers,all,pre2015,q75
S_sq,2090,2096.061914149364,new_cancers,all,pre2015,q75
S_sq,2091,1772.7331585550844,new_cancers,all,pre2015,q75
S_sq,2092,1505.1507886127292,new_cancers,all,pre2015,q75
S_sq,2093,1192.9713525137709,new_cancers,all,pre2015,q75
S_sq,2094,1025.7323783087038,new_cancers,all,pre2015,q75
S_sq,2095,880.7919371819384,new_cancers,all,pre2015,q75
S_sq,2096,713.5529754371469,new_cancers,all,pre2015,q75
S_sq,2097,490.56767995824504,new_cancers,all,pre2015,q75
S_sq,2098,479.4184103040253,new_cancers,all,pre2015,q75
S_sq,2099,312.1794340222457,new_cancers,all,pre2015,q75
S_sq,2100,267.58237201906775,new_cancers,all,pre2015,q75
