scenario,year,metric,value,low,high
Baseline,1960.0,cancers,0.0,0.0,0.0
Baseline,1960.0,cancers,0.0,0.0,0.0
Baseline,1960.0,cancers,0.0,0.0,0.0
Baseline,1960.0,cancers,0.0,0.0,0.0
Baseline,1961.0,cancers,0.0,0.0,0.0
Baseline,1961.0,cancers,0.0,0.0,0.0
Baseline,1961.0,cancers,0.0,0.0,0.0
Baseline,1961.0,cancers,0.0,0.0,0.0
Baseline,1962.0,cancers,0.0,0.0,0.0
Baseline,1962.0,cancers,0.0,0.0,0.0
Baseline,1962.0,cancers,0.0,0.0,0.0
Baseline,1962.0,cancers,0.0,0.0,0.0
Baseline,1963.0,cancers,247.76147403287825,0.0,495.5229480657565
Baseline,1963.0,cancers,0.0,0.0,0.0
Baseline,1963.0,cancers,247.76147403287825,0.0,495.5229480657565
Baseline,1963.0,cancers,123.88073701643913,0.0,247.76147403287825
Baseline,1964.0,cancers,0.0,0.0,0.0
Baseline,1964.0,cancers,0.0,0.0,0.0
Baseline,1964.0,cancers,247.76147403287825,247.76147403287825,247.76147403287825
Baseline,1964.0,cancers,247.76147403287825,247.76147403287825,247.76147403287825
Baseline,1965.0,cancers,371.6422110493174,247.76147403287825,495.5229480657565
Baseline,1965.0,cancers,247.76147403287825,0.0,495.5229480657565
Baseline,1965.0,cancers,371.6422110493174,247.76147403287825,495.5229480657565
Baseline,1965.0,cancers,495.5229480657565,247.76147403287825,743.2844220986348
Baseline,1966.0,cancers,371.6422110493174,247.76147403287825,495.5229480657565
Baseline,1966.0,cancers,371.6422110493174,247.76147403287825,495.5229480657565
Baseline,1966.0,cancers,867.1651591150738,495.5229480657565,1238.8073701643912
Baseline,1966.0,cancers,371.6422110493174,247.76147403287825,495.5229480657565
Baseline,1967.0,cancers,867.165159115074,743.2844220986348,991.045896131513
Baseline,1967.0,cancers,619.4036850821956,495.5229480657565,743.2844220986348
Baseline,1967.0,cancers,1486.56885804202,991.0459238210141,1982.091792263026
Baseline,1967.0,cancers,991.0459099762635,495.5229480657565,1486.5688718867705
Baseline,1968.0,cancers,743.2844082538843,247.76147403287825,1238.8073424748902
Baseline,1968.0,cancers,619.4036850821956,495.5229480657565,743.2844220986348
Baseline,1968.0,cancers,495.5229480657565,247.76147403287825,743.2844220986348
Baseline,1968.0,cancers,1238.8073840091417,991.045896131513,1486.5688718867705
Baseline,1969.0,cancers,619.4036850821956,495.5229480657565,743.2844220986348
Baseline,1969.0,cancers,1114.9266469927027,991.0459238210141,1238.8073701643912
Baseline,1969.0,cancers,1858.2110275570858,1238.8073978538923,2477.6146572602793
Baseline,1969.0,cancers,1362.6881071808305,991.045896131513,1734.330318230148
Baseline,1970.0,cancers,2353.7339340885906,2229.853210916902,2477.6146572602793
Baseline,1970.0,cancers,2601.495408121469,2477.6146849497804,2725.3761312931574
Baseline,1970.0,cancers,1486.5688580420199,1238.8073701643912,1734.3303459196486
Baseline,1970.0,cancers,619.4036850821956,495.5229480657565,743.2844220986348
Baseline,1971.0,cancers,1486.5688441972695,991.045896131513,1982.091792263026
Baseline,1971.0,cancers,2105.9725154347143,743.2844220986348,3468.660608770794
Baseline,1971.0,cancers,2477.6147126392816,1734.3303736091498,3220.899051669413
Baseline,1971.0,cancers,2353.7340033123437,1982.0918199525272,2725.3761866721597
Baseline,1972.0,cancers,2601.495408121469,2229.853183227401,2973.1376330155367
Baseline,1972.0,cancers,4088.064238473988,2973.137660705038,5202.990816242938
Baseline,1972.0,cancers,2973.1376330155367,2725.3761866721597,3220.8990793589137
Baseline,1972.0,cancers,4459.706491057557,3964.1835568365505,4955.229425278563
Baseline,1973.0,cancers,3220.899134737916,2973.1376883945386,3468.6605810812935
Baseline,1973.0,cancers,2353.734017157094,2229.8532939854053,2477.6147403287823
Baseline,1973.0,cancers,4211.9449893351775,3716.4220551141716,4707.467923556183
Baseline,1973.0,cancers,2105.9725154347143,1982.091792263026,2229.853238606403
Baseline,1974.0,cancers,3840.302819820112,2725.3761589826586,4955.229480657566
Baseline,1974.0,cancers,5450.752290275816,4211.944975490427,6689.559605061206
Baseline,1974.0,cancers,3097.018370031976,2973.1376330155367,3220.8991070484153
Baseline,1974.0,cancers,6441.798144873078,5698.513764308695,7185.082525437461
Baseline,1975.0,cancers,4088.0642800082396,3468.660608770794,4707.467951245685
Baseline,1975.0,cancers,5450.752857910587,3716.4221658721763,7185.083549948999
Baseline,1975.0,cancers,3716.422027424671,3716.4220274246704,3716.422027424671
Baseline,1975.0,cancers,5202.990788553438,4707.467895866683,5698.5136812401915
Baseline,1976.0,cancers,4459.706421833804,2477.61468494978,6441.798158717828
Baseline,1976.0,cancers,3716.4220274246704,3716.4219997351693,3716.4220551141716
Baseline,1976.0,cancers,3964.18352914705,2973.137660705038,4955.2293975890625
Baseline,1976.0,cancers,4583.5871311607425,3964.183501457549,5202.990760863936
Baseline,1977.0,cancers,5574.633096516009,5202.990982379944,5946.275210652072
Baseline,1977.0,cancers,5946.275252186324,4211.944975490427,7680.60552888222
Baseline,1977.0,cancers,3840.302750596359,3468.660525702291,4211.944975490427
Baseline,1977.0,cancers,6937.321563660352,6441.798518681342,7432.8446086393615
Baseline,1978.0,cancers,4707.467909711433,3716.4219720456686,5698.513847377198
Baseline,1978.0,cancers,5079.110120760751,4211.944975490427,5946.275266031074
Baseline,1978.0,cancers,5326.871553259378,4955.22934221006,5698.5137643086955
Baseline,1978.0,cancers,6689.559618905957,5946.275293720576,7432.843944091338
Baseline,1979.0,cancers,7432.844594794613,4707.467978935187,10158.22121065404
Baseline,1979.0,cancers,6937.321079094085,5202.990760863936,8671.651397324233
Baseline,1979.0,cancers,6070.155947668511,5946.27518296257,6194.036712374452
Baseline,1979.0,cancers,9043.294619040338,8423.891058560896,9662.698179519779
Baseline,1980.0,cancers,7185.082719263968,5202.990871621941,9167.174566905996
Baseline,1980.0,cancers,7804.486971980936,7185.08330074349,8423.890643218381
Baseline,1980.0,cancers,4831.348785175378,4211.945141627434,5450.752428723322
Baseline,1980.0,cancers,5946.275196807321,4955.229342210059,6937.321051404582
Baseline,1981.0,cancers,8176.128684619234,7185.082719263968,9167.1746499745
Baseline,1981.0,cancers,6194.036670840199,5450.7522902758155,6937.321051404582
Baseline,1981.0,cancers,7556.724736486779,6441.798158717829,8671.651314255729
Baseline,1981.0,cancers,6689.559660440207,6441.798214096831,6937.321106783584
Baseline,1982.0,cancers,9910.459570484152,8176.128947669493,11644.790193298812
Baseline,1982.0,cancers,6317.91744939089,5698.5136812401915,6937.321217541588
Baseline,1982.0,cancers,8547.77139407957,7185.08277464297,9910.460013516169
Baseline,1982.0,cancers,7680.605736553478,7680.605390434715,7680.6060826722405
Baseline,1983.0,cancers,8300.009227809165,7432.844054849342,9167.17440076899
Baseline,1983.0,cancers,8423.890684752632,7432.844414812856,9414.936954692408
Baseline,1983.0,cancers,7556.724722642028,5946.275266031074,9167.174179252981
Baseline,1983.0,cancers,7928.366906001845,7432.844054849342,8423.889757154348
Baseline,1984.0,cancers,9414.936511660391,7680.605722708728,11149.267300612057
Baseline,1984.0,cancers,6441.798144873077,6441.798075649325,6441.79821409683
Baseline,1984.0,cancers,7308.963414746156,6689.559660440207,7928.367169052104
Baseline,1984.0,cancers,7928.367099828352,7432.843999470339,8423.890200186364
Baseline,1985.0,cancers,7804.48629358816,7185.082525437461,8423.890061738859
Baseline,1985.0,cancers,8547.770895668551,7680.605501192718,9414.936290144384
Baseline,1985.0,cancers,8176.1284492584755,6689.559605061206,9662.697293455745
Baseline,1985.0,cancers,6194.037113872217,5698.513819687697,6689.5604080567355
Baseline,1986.0,cancers,9167.174566905996,9167.174290010988,9167.174843801007
Baseline,1986.0,cancers,9662.69819336453,8423.890310944367,10901.50607578469
Baseline,1986.0,cancers,9662.698151830276,8423.890283254867,10901.506020405686
Baseline,1986.0,cancers,6937.321259075841,6194.036629305948,7680.605888845734
Baseline,1987.0,cancers,9043.293705286804,6689.559660440207,11397.027750133399
Baseline,1987.0,cancers,8919.413217475872,6441.79846330234,11397.027971649406
Baseline,1987.0,cancers,9043.294314455825,8671.65217263026,9414.93645628139
Baseline,1987.0,cancers,9291.055622351698,8671.652504904272,9910.458739799122
Baseline,1988.0,cancers,9538.817359434834,7928.367529015617,11149.267189854052
Baseline,1988.0,cancers,7680.605944224735,5946.275210652072,9414.936677797397
Baseline,1988.0,cancers,7556.724971847538,6937.321494436599,8176.1284492584755
Baseline,1988.0,cancers,10653.744269477798,9662.698124140776,11644.79041481482
Baseline,1989.0,cancers,8671.651397324233,8176.128393879473,9167.17440076899
Baseline,1989.0,cancers,9167.174636129748,8176.128393879473,10158.220878380025
Baseline,1989.0,cancers,11520.908860958101,11397.02752861739,11644.790193298813
Baseline,1989.0,cancers,9291.056065383713,8919.41395124765,9662.698179519777
Baseline,1990.0,cancers,10529.863186342596,8423.890061738859,12635.836310946333
Baseline,1990.0,cancers,8423.88986791235,7432.844110228343,9414.935625596358
Baseline,1990.0,cancers,9291.055788488704,7185.082497747961,11397.029079229447
Baseline,1990.0,cancers,9167.17440076899,7185.082940779977,11149.265860758003
Baseline,1991.0,cancers,10529.863463237605,9662.69795800377,11397.028968471443
Baseline,1991.0,cancers,11025.38630054536,9414.9367331764,12635.835867914318
Baseline,1991.0,cancers,9414.93642859189,9167.175674486038,9662.69718269774
Baseline,1991.0,cancers,8300.00962930693,5450.75240103382,11149.26685758004
Baseline,1992.0,cancers,9043.293871423808,8919.412677530603,9167.175065317015
Baseline,1992.0,cancers,8176.129155340752,7185.082553126962,9167.175757554542
Baseline,1992.0,cancers,9786.578404280448,9167.174511526995,10405.982297033901
Baseline,1992.0,cancers,10653.744186409294,10405.982518549908,10901.50585426868
Baseline,1993.0,cancers,10158.220573795514,9167.174290010986,11149.266857580042
Baseline,1993.0,cancers,9167.174677664001,8671.652061872257,9662.697293455745
Baseline,1993.0,cancers,7556.7250410712895,6441.79818640733,8671.65189573525
Baseline,1993.0,cancers,9910.459681242157,9910.459348968145,9910.460013516169
Baseline,1994.0,cancers,8176.129376856759,7928.36733518911,8423.891418524408
Baseline,1994.0,cancers,9167.175162230269,8671.651812666747,9662.69851179379
Baseline,1994.0,cancers,8671.651729598245,7928.366947536097,9414.936511660393
Baseline,1994.0,cancers,10034.340072139832,8671.651286566228,11397.028857713438
Baseline,1995.0,cancers,10529.862189520558,6937.321051404582,14122.403327636535
Baseline,1995.0,cancers,9910.459293589141,9662.698068761774,10158.22051841651
Baseline,1995.0,cancers,11149.266414548027,9167.174179252983,13131.358649843069
Baseline,1995.0,cancers,8176.128560016479,7432.844387123354,8919.412732909605
Baseline,1996.0,cancers,10529.863366324353,9910.459653552656,11149.26707909605
Baseline,1996.0,cancers,11520.909442437622,9910.459681242155,13131.359203633088
Baseline,1996.0,cancers,12016.432501261383,9662.698567172793,14370.166435349973
Baseline,1996.0,cancers,10653.74379875628,10405.982186275896,10901.505411236663
Baseline,1997.0,cancers,11644.790525572826,11149.267079096051,12140.3139720496
Baseline,1997.0,cancers,10282.101809222971,8671.652089561758,11892.551528884185
Baseline,1997.0,cancers,10034.34001676083,9662.69773648776,10405.982297033901
Baseline,1997.0,cancers,10777.624646530723,10158.22129372254,11397.027999338907
Baseline,1998.0,cancers,10034.33973986582,8176.128615395481,11892.55086433616
Baseline,1998.0,cancers,8795.532563527937,7680.605501192718,9910.459625863155
Baseline,1998.0,cancers,8052.247726086785,7185.082497747959,8919.412954425612
Baseline,1998.0,cancers,9043.294314455827,7928.368110495139,10158.220518416512
Baseline,1999.0,cancers,10777.624688064974,10653.74462944131,10901.504746688639
Baseline,1999.0,cancers,11520.909027095107,9662.697514971753,13379.120539218462
Baseline,1999.0,cancers,10529.863753977366,9414.936871623906,11644.790636330828
Baseline,1999.0,cancers,10653.743909514285,8423.890172496864,12883.597646531707
Baseline,2000.0,cancers,11025.384916070307,8423.890061738859,13626.879770401756
Baseline,2000.0,cancers,10529.863657064114,9414.936511660393,11644.790802467835
Baseline,2000.0,cancers,10282.101795378221,10158.221515238549,10405.982075517893
Baseline,2000.0,cancers,10529.862604863074,10405.982297033901,10653.742912692247
Baseline,2001.0,cancers,10158.221182964537,8176.129169185502,12140.313196743571
Baseline,2001.0,cancers,13379.119846980935,12635.835923293318,14122.403770668552
Baseline,2001.0,cancers,9910.459653552656,8919.414338900664,10901.504968204648
Baseline,2001.0,cancers,11644.789694887793,11644.789196476775,11644.790193298812
Baseline,2002.0,cancers,10901.505245099659,9910.459072073136,11892.55141812618
Baseline,2002.0,cancers,10777.624549617469,8671.65189573525,12883.597203499688
Baseline,2002.0,cancers,9910.459016694133,9414.936068628376,10405.981964759889
Baseline,2002.0,cancers,10901.505577373668,9414.93595787037,12388.075196876967
Baseline,2003.0,cancers,11149.266386858522,8919.413563594635,13379.11921012241
Baseline,2003.0,cancers,12264.194030673263,11892.551750400193,12635.836310946333
Baseline,2003.0,cancers,10405.9822693444,9662.697238076742,11149.267300612059
Baseline,2003.0,cancers,9043.294009871315,7680.6058334667305,10405.982186275898
Baseline,2004.0,cancers,10777.624826512481,10405.982961581925,11149.266691443036
Baseline,2004.0,cancers,9167.174649974499,8919.413231320623,9414.936068628376
Baseline,2004.0,cancers,12016.432196676873,11892.551861158197,12140.312532195547
Baseline,2004.0,cancers,10529.863269411098,9414.936567039395,11644.789971782802
Baseline,2005.0,cancers,11520.908860958101,11149.266746822039,11892.550975094164
Baseline,2005.0,cancers,10901.50530047866,8919.413342078627,12883.597258878692
Baseline,2005.0,cancers,11520.909414748121,10901.505632752673,12140.31319674357
Baseline,2005.0,cancers,10777.624604996472,10158.221293722541,11397.027916270403
Baseline,2006.0,cancers,13503.000210189111,11397.028968471444,15608.971451906778
Baseline,2006.0,cancers,10282.101435414708,9167.174760732503,11397.028110096911
Baseline,2006.0,cancers,11149.266636064032,10901.505411236663,11397.027860891401
Baseline,2006.0,cancers,10405.982809289671,8919.414200453159,11892.551418126182
Baseline,2007.0,cancers,12016.431753644854,11644.789750266797,12388.073757022914
Baseline,2007.0,cancers,14122.404989006594,12635.836310946332,15608.973667066857
Baseline,2007.0,cancers,12264.19397529426,10653.744407925302,13874.64354266322
Baseline,2007.0,cancers,13007.477442105112,10901.505549684169,15113.449334526053
Baseline,2008.0,cancers,10282.102196875985,8423.891418524408,12140.312975227562
Baseline,2008.0,cancers,15361.21210996548,14865.690546374773,15856.733673556184
Baseline,2008.0,cancers,12511.95525550063,12388.074532328941,12635.835978672321
Baseline,2008.0,cancers,10901.50563275267,10405.982407791904,11397.028857713438
Baseline,2009.0,cancers,10901.505978871435,10405.982961581925,11397.028996160945
Baseline,2009.0,cancers,12264.193753778254,11149.26707909605,13379.120428460457
Baseline,2009.0,cancers,11149.266746822037,9414.936068628376,12883.597425015698
Baseline,2009.0,cancers,13874.6430442522,12635.835314124295,15113.450774380104
Baseline,2010.0,cancers,12016.432418192879,11149.267411370061,12883.597425015696
Baseline,2010.0,cancers,11273.148079162747,10405.982961581925,12140.31319674357
Baseline,2010.0,cancers,11025.386245166355,10901.505632752673,11149.26685758004
Baseline,2010.0,cancers,15485.092279347147,15113.451217412121,15856.733341282172
Baseline,2011.0,cancers,13750.760825847457,13626.879770401756,13874.641881293159
Baseline,2011.0,cancers,12264.193643020248,12140.312642953548,12388.074643086948
Baseline,2011.0,cancers,11025.385995960845,8671.65189573525,13379.120096186443
Baseline,2011.0,cancers,12759.716231122491,10158.220906069526,15361.211556175456
Baseline,2012.0,cancers,10653.744020272288,9662.698511793791,11644.789528750785
Baseline,2012.0,cancers,14617.927438661334,12388.073978538923,16847.780898783745
Baseline,2012.0,cancers,13626.88181942483,13379.120649976465,13874.642988873198
Baseline,2012.0,cancers,13131.358151432049,10158.221515238549,16104.494787625548
Baseline,2013.0,cancers,13503.001096253141,12140.312864469557,14865.689328036728
Baseline,2013.0,cancers,14494.046383215635,11397.028968471444,17591.063797959825
Baseline,2013.0,cancers,13750.761601153485,12635.835314124295,14865.687888182674
Baseline,2013.0,cancers,14865.689604931737,13626.882207077846,16104.497002785629
Baseline,2014.0,cancers,16104.495175278564,14865.68932803673,17343.301022520398
Baseline,2014.0,cancers,13007.478314324393,12883.5974250157,13131.359203633087
Baseline,2014.0,cancers,16352.257286169965,16104.496892027626,16600.017680312303
Baseline,2014.0,cancers,14370.165770801948,13131.358760601071,15608.972781002827
Baseline,2015.0,cancers,14122.40368760005,12883.597258878694,15361.210116321405
Baseline,2015.0,cancers,17095.540296104045,14370.164663221905,19820.915928986185
Baseline,2015.0,cancers,14865.688552730699,14370.166213833963,15361.210891627434
Baseline,2015.0,cancers,14246.28395389497,10405.982075517893,18086.58583227205
Baseline,2016.0,cancers,16476.138784647683,14122.405432038613,18829.872137256752
Baseline,2016.0,cancers,14617.926774113308,13874.643431905215,15361.210116321403
Baseline,2016.0,cancers,14494.04732465867,13131.358871359074,15856.735777958263
Baseline,2016.0,cancers,14246.285103009262,13131.359092875084,15361.211113143441
Baseline,2017.0,cancers,13626.880490328782,9414.9367331764,17838.824247481163
Baseline,2017.0,cancers,15732.853227279506,15608.972227212806,15856.734227346204
Baseline,2017.0,cancers,15113.449334526049,12635.836200188327,17591.062468863773
Baseline,2017.0,cancers,19820.916704292216,17343.301687068422,22298.53172151601
Baseline,2018.0,cancers,15856.733895072191,14865.689549552735,16847.778240591648
Baseline,2018.0,cancers,15361.210725490428,15361.21022707941,15361.211223901446
Baseline,2018.0,cancers,17838.825078166195,16600.018344860327,19077.631811472063
Baseline,2018.0,cancers,13998.524376592912,13626.88231783585,14370.166435349973
Baseline,2019.0,cancers,14989.568306769852,12388.073701643913,17591.06291189579
Baseline,2019.0,cancers,16723.899566443033,15608.973777824864,17838.825355061206
Baseline,2019.0,cancers,15361.211943828472,15113.449334526053,15608.974553130893
Baseline,2019.0,cancers,15113.44983293707,14865.689438794732,15361.21022707941
Baseline,2020.0,cancers,14617.927175611076,13379.120456149958,15856.733895072191
Baseline,2020.0,cancers,15608.972781002827,15361.211223901446,15856.734338104208
Baseline,2020.0,cancers,16971.659517553355,16104.495009141556,17838.824025965154
Baseline,2020.0,cancers,18829.872137256752,16600.01978471438,21059.724489799122
Baseline,2021.0,cancers,17467.183130167137,17343.30290540647,17591.063354927806
Baseline,2021.0,cancers,15608.974027030374,15361.212829892505,15856.735224168242
Baseline,2021.0,cancers,18582.109915607343,15856.733895072191,21307.485936142497
Baseline,2021.0,cancers,17219.421185412742,15856.733562798181,18582.108808027304
Baseline,2022.0,cancers,17467.183573199156,15113.450774380106,19820.916372018204
Baseline,2022.0,cancers,15856.734836515227,14617.926552597302,17095.54312043315
Baseline,2022.0,cancers,15732.852728868487,15361.210891627434,16104.49456610954
Baseline,2022.0,cancers,16104.495396794573,14865.689328036728,17343.301465552417
Baseline,2023.0,cancers,17838.824302860165,17343.3011332784,18334.347472441932
Baseline,2023.0,cancers,20935.84268673689,19077.63120230304,22794.054171170745
Baseline,2023.0,cancers,18829.87130657172,16847.77990196171,20811.96271118173
Baseline,2023.0,cancers,17962.705690579878,17838.825576577212,18086.585804582544
Baseline,2024.0,cancers,16104.495729068583,15608.974442372888,16600.01701576428
Baseline,2024.0,cancers,17838.82546581921,16104.49667051162,19573.1542611268
Baseline,2024.0,cancers,18334.34902305399,18086.58890580666,18582.109140301316
Baseline,2024.0,cancers,17467.183213235643,15361.211223901446,19573.155202569837
Baseline,2025.0,cancers,16352.25745230697,15113.450885138109,17591.06401947583
Baseline,2025.0,cancers,16228.375787692246,15361.211666933463,17095.53990845103
Baseline,2025.0,cancers,20811.962877318736,19573.15559022285,22050.770164414625
Baseline,2025.0,cancers,21183.606375929852,21059.72559737916,21307.487154480543
Baseline,2026.0,cancers,19449.27425788214,19077.632365262085,19820.916150502195
Baseline,2026.0,cancers,19944.79715056889,19325.394033121465,20564.200268016317
Baseline,2026.0,cancers,21307.485991521502,20068.678704425613,22546.29327861739
Baseline,2026.0,cancers,18086.586358372566,17838.824801271185,18334.347915473947
Baseline,2027.0,cancers,20811.96265580273,19820.91714732423,21803.008164281226
Baseline,2027.0,cancers,21555.247714759887,20811.963264971753,22298.53216454802
Baseline,2027.0,cancers,19697.03614725753,19325.39436539548,20068.677929119585
Baseline,2027.0,cancers,20935.843046700407,20811.96282193974,21059.723271461076
Baseline,2028.0,cancers,17095.540794515065,16352.256455484934,17838.825133545197
Baseline,2028.0,cancers,19325.395362217518,16600.01978471438,22050.770939720656
Baseline,2028.0,cancers,22917.936832607505,22546.295161503458,23289.578503711557
Baseline,2028.0,cancers,21307.48543773148,20564.201043322348,22050.769832140613
Baseline,2029.0,cancers,19449.275808494196,17591.064130233837,21307.48748675456
Baseline,2029.0,cancers,18582.10997098635,18334.34846926397,18829.871472708724
Baseline,2029.0,cancers,18086.586469130572,17343.301465552417,18829.871472708728
Baseline,2029.0,cancers,22050.770884341655,20316.44070455901,23785.101064124297
Baseline,2030.0,cancers,20564.20165249137,19820.91736884024,21307.485936142497
Baseline,2030.0,cancers,23165.698057434874,20564.202372418393,25767.193742451356
Baseline,2030.0,cancers,21555.2481024129,19325.394254637475,23785.101950188327
Baseline,2030.0,cancers,21926.88916434793,20564.201597112366,23289.57673158349
Baseline,2031.0,cancers,20688.08198801004,19573.155811738856,21803.008164281226
Baseline,2031.0,cancers,21803.008385797235,17095.540240725044,26510.47653086943
Baseline,2031.0,cancers,21431.365994766165,18829.870032854673,24032.861956677654
Baseline,2031.0,cancers,22546.29250331136,22050.769610624608,23041.815395998114
Baseline,2032.0,cancers,21183.604769938793,20316.440372284997,22050.769167592585
Baseline,2032.0,cancers,23413.459226883242,20068.679590489646,26758.238863276838
Baseline,2032.0,cancers,22794.053838896736,21555.246717937855,24032.860959855618
Baseline,2032.0,cancers,22298.531444620996,20316.44015076899,24280.622738473005
Baseline,2033.0,cancers,22050.769610624608,20811.96237890772,23289.576842341496
Baseline,2033.0,cancers,21555.246828695854,21307.484828562458,21803.00882882925
Baseline,2033.0,cancers,21183.60416076977,20564.200157258314,21803.00816428123
Baseline,2033.0,cancers,21431.36616090317,21059.723492977082,21803.008828829254
Baseline,2034.0,cancers,22794.055001855777,22050.770828962653,23537.339174748904
Baseline,2034.0,cancers,24528.386178460456,24032.862953499687,25023.909403421225
Baseline,2034.0,cancers,23289.578282195544,21555.247382485875,25023.909181905216
Baseline,2034.0,cancers,23413.45834081921,22050.769832140613,24776.146849497803
Baseline,2035.0,cancers,22546.292835585373,21307.485493110486,23785.10017806026
Baseline,2035.0,cancers,23165.698112813876,22298.53282909605,24032.863396531702
Baseline,2035.0,cancers,24776.1467387398,24528.38429557439,25023.909181905212
Baseline,2035.0,cancers,23289.577340752512,20068.67726457156,26510.47741693346
Baseline,2036.0,cancers,23908.982341086004,23537.339174748904,24280.62550742311
Baseline,2036.0,cancers,22794.053949654735,22050.769832140613,23537.33806716886
Baseline,2036.0,cancers,24528.38573542844,22298.53172151601,26758.23974934087
Baseline,2036.0,cancers,25767.19174880728,24776.145963433773,26758.23753418079
Baseline,2037.0,cancers,26014.954136593693,23289.57761764752,28740.330655539867
Baseline,2037.0,cancers,23908.98139964297,20811.961825117698,27006.00097416824
Baseline,2037.0,cancers,26386.596583003768,25023.908960389206,27749.28420561833
Baseline,2037.0,cancers,26386.59608459275,22050.769499866605,30722.422669318898
Baseline,2038.0,cancers,25519.43074549592,22794.05372813873,28244.80776285311
Baseline,2038.0,cancers,27129.88169733993,24280.62417832706,29979.139216352803
Baseline,2038.0,cancers,28244.80731982109,26014.953416666667,30474.66122297552
Baseline,2038.0,cancers,27006.000863410238,26262.71663513811,27749.285091682366
Baseline,2039.0,cancers,24900.027572669493,21555.24826854991,28244.806876789076
Baseline,2039.0,cancers,27501.524199129006,27006.001638716265,27997.046759541747
Baseline,2039.0,cancers,25519.43129928594,25271.669299152545,25767.19329941934
Baseline,2039.0,cancers,26882.12047251256,26014.954524246707,27749.286420778415
Baseline,2040.0,cancers,24900.027628048498,24032.86262122568,25767.192634871317
Baseline,2040.0,cancers,28740.330544781857,28244.805990725043,29235.855098838674
Baseline,2040.0,cancers,27501.52231624294,27006.000088104207,27997.044544381668
Baseline,2040.0,cancers,24156.742458333334,23041.81450993408,25271.670406732585
Baseline,2041.0,cancers,25271.670351353583,24528.386399976465,26014.9543027307
Baseline,2041.0,cancers,26634.35725404112,24776.14485585373,28492.569652228503
Baseline,2041.0,cancers,30722.421561738858,28740.3288834118,32704.514240065917
Baseline,2041.0,cancers,27997.045984235723,26758.237312664784,29235.85465580666
Baseline,2042.0,cancers,28864.21126795355,27749.285313198372,29979.137222708727
Baseline,2042.0,cancers,27129.881475823924,26510.476309353424,27749.28664229442
Baseline,2042.0,cancers,27997.046648783744,24280.623292263022,31713.470005304465
Baseline,2042.0,cancers,26262.71508452605,24776.14618494978,27749.283984102323
Baseline,2043.0,cancers,28368.688596782806,27006.00075265223,29731.376440913376
Baseline,2043.0,cancers,30103.018721186443,28988.092987947275,31217.94445442561
Baseline,2043.0,cancers,26510.47675238544,24032.862288951666,28988.091215819208
Baseline,2043.0,cancers,23908.981455021974,23289.57817143754,24528.384738606404
Baseline,2044.0,cancers,29235.853105194605,26014.954302730697,32456.75190765851
Baseline,2044.0,cancers,24280.62390143205,22298.531832274013,26262.715970590085
Baseline,2044.0,cancers,28244.808427401134,27997.047424089775,28492.569430712494
Baseline,2044.0,cancers,32332.87284585688,31217.946891101703,33447.79880061206
Baseline,2045.0,cancers,30846.303060216575,30226.899998148157,31465.706122284995
Baseline,2045.0,cancers,28120.926596649406,25271.66996370057,30970.183229598246
Baseline,2045.0,cancers,28120.926928923414,27501.523866854994,28740.32999099184
Baseline,2045.0,cancers,33571.67963454175,30226.89955511614,36916.459713967364
Baseline,2046.0,cancers,31341.827614273392,29235.854434290653,33447.80079425613
Baseline,2046.0,cancers,32828.39452020559,27749.285534714378,37907.5035056968
Baseline,2046.0,cancers,32208.99179041118,31217.945118973636,33200.03846184872
Baseline,2046.0,cancers,34067.20285950252,33695.56068998745,34438.84502901758
Baseline,2047.0,cancers,32580.63429220026,32456.753015238544,32704.51556916197
Baseline,2047.0,cancers,34686.60570005493,33695.55869634338,35677.652703766486
Baseline,2047.0,cancers,31217.945783521664,30474.661444491532,31961.230122551795
Baseline,2047.0,cancers,29111.97365573996,28740.3316523619,29483.61565911802
Baseline,2048.0,cancers,34562.72580756828,32208.991568895173,36916.46004624137
Baseline,2048.0,cancers,36420.9365443856,35182.1261560656,37659.7469327056
Baseline,2048.0,cancers,34314.96474887791,32456.753458270567,36173.17603948525
Baseline,2048.0,cancers,33571.677862413686,30970.182786566227,36173.172938261145
Baseline,2049.0,cancers,31341.82706048337,30722.422447802892,31961.23167316385
Baseline,2049.0,cancers,38898.549457207315,35925.412821013815,41871.686093400815
Baseline,2049.0,cancers,32828.39452020559,31465.70700834903,34191.08203206215
Baseline,2049.0,cancers,36420.93549218456,35182.12737440364,37659.74360996548
Baseline,2050.0,cancers,31094.063509737913,27253.76064838355,34934.36637109228
Baseline,2050.0,cancers,36049.29443024953,34191.083582674204,37907.505277824865
Baseline,2050.0,cancers,37288.10232651445,34191.08535480227,40385.11929822662
Baseline,2050.0,cancers,36916.46037851539,35925.41437162587,37907.50638540491
Baseline,2051.0,cancers,36544.816215356244,35677.651153154424,37411.981277558065
Baseline,2051.0,cancers,32456.75379054458,32208.992454959207,32704.51512612995
Baseline,2051.0,cancers,39394.07450967515,37659.74316693346,41128.405852416836
Baseline,2051.0,cancers,34562.72641673729,34438.84436446956,34686.608469005034
Baseline,2052.0,cancers,34438.84525053359,32704.515347645956,36173.17515342122
Baseline,2052.0,cancers,38774.67111533271,35429.89059287508,42119.45163779034
Baseline,2052.0,cancers,34067.2025272285,33943.32191481482,34191.083139642185
Baseline,2052.0,cancers,38155.26672416824,37659.744274513505,38650.78917382298
Baseline,2053.0,cancers,41871.68642567482,39394.071962241054,44349.3008891086
Baseline,2053.0,cancers,40880.64219091338,39889.59795615192,41871.68642567483
Baseline,2053.0,cancers,34191.08402570622,33943.32257936285,34438.8454720496
Baseline,2053.0,cancers,39270.193786503456,38155.268053264284,40385.11951974263
Baseline,2054.0,cancers,36173.17537493723,35925.41392859386,36420.93682128061
Baseline,2054.0,cancers,40261.23923960295,39889.59574099184,40632.882738214066
Baseline,2054.0,cancers,43234.37759254552,37164.22226789078,49304.53291720026
Baseline,2054.0,cancers,34810.48609095261,32952.27657247333,36668.69560943189
Baseline,2055.0,cancers,35553.772534384814,35429.89236500315,35677.652703766486
Baseline,2055.0,cancers,40137.35862718927,39641.83451616447,40632.882738214066
Baseline,2055.0,cancers,40385.12018429065,36916.4579418393,43853.78242674201
Baseline,2055.0,cancers,36916.45860638733,31961.229014971752,41871.6881978029
Baseline,2056.0,cancers,36916.45860638733,36420.93571370057,37411.981499074085
Baseline,2056.0,cancers,37164.22104955273,33695.56091150345,40632.88118760201
Baseline,2056.0,cancers,36544.81665838827,35182.129811079736,37907.503505696804
Baseline,2056.0,cancers,38774.672222912755,36420.937707344645,41128.406738480866
Baseline,2057.0,cancers,42243.33225020403,39641.83761738859,44844.82688301947
Baseline,2057.0,cancers,42243.33180717201,40137.358737947274,44349.304876396745
Baseline,2057.0,cancers,41500.04569601381,39641.83495919649,43358.25643283114
Baseline,2057.0,cancers,39517.95545436285,39146.31250954175,39889.59839918394
Baseline,2058.0,cancers,37411.98282817013,36173.17471038921,38650.79094595104
Baseline,2058.0,cancers,41995.56980703861,41376.16574814815,42614.97386592907
Baseline,2058.0,cancers,39146.31217726774,38650.78917382298,39641.8351807125
Baseline,2058.0,cancers,38031.386665544574,36173.17581796925,39889.59751311991
Baseline,2059.0,cancers,40137.360510075334,39641.8380604206,40632.88295973007
Baseline,2059.0,cancers,42614.972315317005,39889.5975131199,45340.34711751412
Baseline,2059.0,cancers,40756.76335062775,40137.36051007534,41376.166191180164
Baseline,2059.0,cancers,41623.92719449152,38155.266281136224,45092.58810784683
Baseline,2060.0,cancers,42986.61393104206,42119.448979598244,43853.77888248588
Baseline,2060.0,cancers,42491.09303199938,42367.212419585696,42614.97364441306
Baseline,2060.0,cancers,40261.23901808695,37659.74360996548,42862.734426208415
Baseline,2060.0,cancers,44101.54254398933,43358.25776192718,44844.82732605148
Baseline,2061.0,cancers,46455.2730722693,40880.641083333336,52029.90506120527
Baseline,2061.0,cancers,42862.7339831764,41871.68819780288,43853.77976854991
Baseline,2061.0,cancers,40137.35818415725,37164.220274246705,43110.4960940678
Baseline,2061.0,cancers,43358.25754041118,40632.88163063403,46083.633450188325
Baseline,2062.0,cancers,45588.111000533594,44101.54276550535,47074.67923556184
Baseline,2062.0,cancers,42862.7340939344,40880.644184557445,44844.824003311354
Baseline,2062.0,cancers,42491.09214593534,40137.359180979285,44844.8251108914
Baseline,2062.0,cancers,46950.797737084125,45340.34756054614,48561.2479136221
Baseline,2063.0,cancers,44473.183495166355,42367.21197655368,46579.15501377903
Baseline,2063.0,cancers,42243.33069959197,41871.68864083491,42614.97275834903
Baseline,2063.0,cancers,45340.348668126186,44844.825996955435,45835.87133929693
Baseline,2063.0,cancers,41995.569031732586,40632.88251669807,43358.255546767105
Baseline,2064.0,cancers,45835.87145005493,42614.970764704965,49056.7721354049
Baseline,2064.0,cancers,45464.229059023855,41871.68908386692,49056.76903418079
Baseline,2064.0,cancers,42491.09159214533,41871.68908386692,43110.49410042373
Baseline,2064.0,cancers,50171.69742561206,43358.25864799122,56985.1362032329
Baseline,2065.0,cancers,50419.45820740741,48313.48668879473,52525.42972602009
Baseline,2065.0,cancers,44349.30221820464,43853.77888248587,44844.825553923416
Baseline,2065.0,cancers,43977.66204233366,42367.213305649726,45588.11077901758
Baseline,2065.0,cancers,48189.60629789706,46331.39600411174,50047.81659168237
Baseline,2066.0,cancers,46455.27395833333,41871.68775477088,51038.86016189579
Baseline,2066.0,cancers,42738.854256826744,40385.12084883868,45092.58766481482
Baseline,2066.0,cancers,44968.70683088513,41623.92564387948,48313.488017890784
Baseline,2066.0,cancers,48809.00769859542,48313.48469515066,49304.53070204018
Baseline,2067.0,cancers,42614.974862751114,41376.167298760214,43853.78242674201
Baseline,2067.0,cancers,50667.220318298816,47817.96335307596,53516.477283521665
Baseline,2067.0,cancers,46455.27617349341,46331.39644714376,46579.15589984306
Baseline,2067.0,cancers,49552.2934774796,45340.348003578154,53764.23895138105
Baseline,2068.0,cancers,46207.514062602015,45092.58810784684,47322.44001735719
Baseline,2068.0,cancers,52401.553100894555,50791.10336738858,54012.00283440052
Baseline,2068.0,cancers,50914.981764642194,48561.24791362211,53268.71561566228
Baseline,2068.0,cancers,48685.127972245755,45588.112329629635,51782.14361486188
Baseline,2069.0,cancers,49923.93597926869,49056.77302146894,50791.098937068426
Baseline,2069.0,cancers,50791.10026616447,48809.00692328939,52773.19360903955
Baseline,2069.0,cancers,57356.77604682988,52277.66761512868,62435.88447853107
Baseline,2069.0,cancers,48685.127639971746,46826.91668163842,50543.33859830508
Baseline,2070.0,cancers,48189.605633349034,45340.34977570623,51038.86149099184
Baseline,2070.0,cancers,49676.17519747333,47074.680121625875,52277.67027332078
Baseline,2070.0,cancers,47074.679457077844,43110.49520800377,51038.863706151926
Baseline,2070.0,cancers,49304.531809620225,47570.20035612053,51038.863263119914
Baseline,2071.0,cancers,49428.412643549906,48809.00869541745,50047.816591682364
Baseline,2071.0,cancers,52029.907276365346,51286.624487947265,52773.190064783426
Baseline,2071.0,cancers,51286.62426643127,47817.96468217201,54755.283850690525
Baseline,2071.0,cancers,49552.294585059644,44349.30576246078,54755.28340765851
Baseline,2072.0,cancers,51286.624709463285,48809.01046754552,53764.23895138105
Baseline,2072.0,cancers,52773.19338752354,50047.81880684244,55498.56796820465
Baseline,2072.0,cancers,51162.74254643754,42862.73442620842,59462.75066666667
Baseline,2072.0,cancers,59091.10838639359,56985.13487413684,61197.08189865035
Baseline,2073.0,cancers,57356.779369569995,54755.284736754555,59958.27400238544
Baseline,2073.0,cancers,47446.321515834905,44349.303990332715,50543.3390413371
Baseline,2073.0,cancers,48189.60408273697,44597.06432909604,51782.143836377894
Baseline,2073.0,cancers,52401.54889209039,48809.010467545515,55994.08731663527
Baseline,2074.0,cancers,54383.640019805396,52773.192722975524,55994.08731663527
Baseline,2074.0,cancers,58967.22998913999,56241.85341481482,61692.60656346516
Baseline,2074.0,cancers,48685.12763997175,48561.24614149403,48809.00913844947
Baseline,2074.0,cancers,49180.65075417452,47322.43913129316,51038.86237705588
Baseline,2075.0,cancers,54135.8805671061,51782.14560850597,56489.61552570622
Baseline,2075.0,cancers,53392.59423443189,53020.95173264282,53764.23673622096
Baseline,2075.0,cancers,55870.209583929696,54755.28252159447,56985.13664626492
Baseline,2075.0,cancers,54383.640462837415,51286.622272787194,57480.65865288763
Baseline,2076.0,cancers,54631.40323827685,51534.38305458255,57728.42342197114
Baseline,2076.0,cancers,63426.93247906465,62435.88625065913,64417.978707470174
Baseline,2076.0,cancers,50543.33837678908,47074.67879252982,54011.99796104833
Baseline,2076.0,cancers,60329.91761175456,56489.61286751412,64170.222355994985
Baseline,2077.0,cancers,57356.779369569995,54012.00061924043,60701.55811989956
Baseline,2077.0,cancers,55746.32941454802,53268.71472959824,58223.9440994978
Baseline,2077.0,cancers,51658.26588215631,50543.34037043315,52773.19139387947
Baseline,2077.0,cancers,58223.9438779818,57480.66086804772,58967.22688791588
Baseline,2078.0,cancers,54879.16224794413,50047.81526258632,59710.50923330194
Baseline,2078.0,cancers,61197.08123410233,60206.03522721281,62188.127240991846
Baseline,2078.0,cancers,62683.649690646576,61692.60434830509,63674.695032988064
Baseline,2078.0,cancers,52029.906833333334,49800.05403775895,54259.75962890772
Baseline,2079.0,cancers,60206.037885404905,56489.61596873824,63922.45980207158
Baseline,2079.0,cancers,62312.009625533596,58719.4705364407,65904.5487146265
Baseline,2079.0,cancers,63055.29219243566,54259.762730131835,71850.82165473948
Baseline,2079.0,cancers,56737.37763659762,52773.193609039554,60701.56166415569
Baseline,2080.0,cancers,57604.540151365356,55746.32830696799,59462.75199576272
Baseline,2080.0,cancers,59214.989441839294,54755.283850690525,63674.69503298807
Baseline,2080.0,cancers,58223.943434949775,53020.95571993095,63426.93114996861
Baseline,2080.0,cancers,63303.05208816698,55746.32742090395,70859.77675543001
Baseline,2081.0,cancers,62064.24685009416,61940.36601616447,62188.12768402385
Baseline,2081.0,cancers,55870.210691509725,53268.71650172631,58471.704881293146
Baseline,2081.0,cancers,52277.6707163528,49800.05580988701,54755.285622818585
Baseline,2081.0,cancers,55003.04418945386,53020.95306173886,56985.13531716886
Baseline,2082.0,cancers,57356.782249278105,52773.19803935972,61940.36645919649
Baseline,2082.0,cancers,54259.76007193973,51782.14560850596,56737.37453537351
Baseline,2082.0,cancers,57852.29982558067,56737.373206277465,58967.22644488387
Baseline,2082.0,cancers,54259.758078295665,54011.99796104834,54507.51819554299
Baseline,2083.0,cancers,55498.56531001255,55250.804971249214,55746.325648775884
Baseline,2083.0,cancers,57109.01858777465,55498.570626396744,58719.46654915255
Baseline,2083.0,cancers,59710.514106654125,58471.71108374139,60949.31712956685
Baseline,2083.0,cancers,56489.612424482104,54755.28296462649,58223.94188433772
Baseline,2084.0,cancers,57232.90163686442,55498.569297300695,58967.23397642815
Baseline,2084.0,cancers,52277.670716352804,47817.96335307596,56737.37807962964
Baseline,2084.0,cancers,54755.28274311048,51038.86149099184,58471.70399522913
Baseline,2084.0,cancers,60577.67662142185,59462.750666666674,61692.60257617702
Baseline,2085.0,cancers,55498.567303656615,51534.38261155053,59462.75199576271
Baseline,2085.0,cancers,54012.000176208414,50791.101152228504,57232.89920018833
Baseline,2085.0,cancers,55003.0455185499,55003.04463248587,55003.04640461394
Baseline,2085.0,cancers,61320.96295409605,59958.27666057754,62683.649247614565
Baseline,2086.0,cancers,59710.51477120214,56241.85385784683,63179.17568455746
Baseline,2086.0,cancers,60577.681273258015,58967.23176126806,62188.13078524797
Baseline,2086.0,cancers,63303.05408181106,60453.79822416825,66152.30993945387
Baseline,2086.0,cancers,54135.87724436597,50047.814376522285,58223.94011220966
Baseline,2087.0,cancers,63179.1743554614,60949.32067382298,65409.02803709982
Baseline,2087.0,cancers,57356.78114169807,55994.09263301946,58719.46965037667
Baseline,2087.0,cancers,61197.080569554295,60949.31890169491,61444.842237413686
Baseline,2087.0,cancers,64170.21814719084,61444.84223741369,66895.594056968
Baseline,2088.0,cancers,58843.34871217829,57976.18420376649,59710.51322059009
Baseline,2088.0,cancers,64789.62187380729,61444.84135134966,68134.40239626492
Baseline,2088.0,cancers,63303.054081811046,61940.36601616447,64665.742147457626
Baseline,2088.0,cancers,60825.438510797234,57232.896985028245,64417.98003656623
Baseline,2089.0,cancers,58100.062379504074,56985.13398807281,59214.99077093534
Baseline,2089.0,cancers,63055.289534243566,62188.12502583176,63922.454042655365
Baseline,2089.0,cancers,61816.486511330826,59958.2757745135,63674.69724814815
Baseline,2089.0,cancers,64665.73948926554,62435.88713672317,66895.59184180791
Baseline,2090.0,cancers,58719.467878248586,54507.52439799121,62931.41135850597
Baseline,2090.0,cancers,62312.00873946956,61940.36823132455,62683.649247614565
Baseline,2090.0,cancers,59462.75088818267,54259.76095800377,64665.74081836158
Baseline,2090.0,cancers,59586.63127908035,57232.89609896421,61940.36645919649
Baseline,2091.0,cancers,56985.138196876964,55746.32919303201,58223.947200721916
Baseline,2091.0,cancers,61444.843566509735,60206.035670244826,62683.65146277465
Baseline,2091.0,cancers,61940.36867435656,55003.048176742,68877.68917197113
Baseline,2091.0,cancers,63303.05496787508,59958.27754664157,66647.8323891086
Baseline,2092.0,cancers,66152.3108255179,64417.97870747018,67886.64294356562
Baseline,2092.0,cancers,62188.128127055876,60949.321559887016,63426.934694224736
Baseline,2092.0,cancers,65532.90643435341,61444.844009541746,69620.96885916508
Baseline,2092.0,cancers,65656.78748979911,64665.74436261771,66647.83061698053
Baseline,2093.0,cancers,60825.43740321719,57728.41943468298,63922.455371751406
Baseline,2093.0,cancers,63055.29418607973,58719.467878248586,67391.12049391087
Baseline,2093.0,cancers,61692.604569821095,59710.51233452605,63674.696805116146
Baseline,2093.0,cancers,61073.20128623667,59710.51100543,62435.89156704333
Baseline,2094.0,cancers,55994.0910824074,50047.81659168236,61940.36557313245
Baseline,2094.0,cancers,64046.33908538921,63922.45758691149,64170.22058386693
Baseline,2094.0,cancers,66400.0729364093,58967.23176126806,73832.91411155053
Baseline,2094.0,cancers,66523.95044759887,64417.978707470174,68629.92218772756
Baseline,2095.0,cancers,67267.23655875707,66895.594056968,67638.87906054614
Baseline,2095.0,cancers,59710.51255604206,55003.047290677976,64417.97782140614
Baseline,2095.0,cancers,57976.18420376649,57232.89787109228,58719.4705364407
Baseline,2095.0,cancers,67143.35439573132,65656.78837586315,68629.92041559948
Baseline,2096.0,cancers,62931.41224456999,57976.18243163842,67886.64205750157
Baseline,2096.0,cancers,65532.90754193347,63674.699020276224,67391.11606359071
Baseline,2096.0,cancers,66647.8323891086,61197.08012652228,72098.58465169492
Baseline,2096.0,cancers,60453.79623052417,58471.70443826114,62435.88802278719
Baseline,2097.0,cancers,65161.26459711237,64665.74347655368,65656.78571767107
Baseline,2097.0,cancers,62435.886472175145,61940.36202887633,62931.410915473956
Baseline,2097.0,cancers,63674.69591905211,57976.18331770245,69373.20852040176
Baseline,2097.0,cancers,63922.45825145951,62683.650576710614,65161.265926208405
Baseline,2098.0,cancers,67762.76078053986,64170.22058386692,71355.3009772128
Baseline,2098.0,cancers,64046.33842084118,60701.55634777149,67391.12049391087
Baseline,2098.0,cancers,64417.98014732424,63179.17236181733,65656.78793283115
Baseline,2098.0,cancers,59834.39516209982,56241.85651603893,63426.933808160706
Baseline,2099.0,cancers,71355.29964811675,62931.41047244193,79779.18882379158
Baseline,2099.0,cancers,69620.96885916509,68134.39973807283,71107.53798025737
Baseline,2099.0,cancers,70612.01685969869,68629.92573198369,72594.10798741369
Baseline,2099.0,cancers,61940.36468706843,60206.03345508475,63674.695919052116
Baseline,2100.0,cancers,63922.45980207158,62188.128570087894,65656.79103405526
Baseline,1960.0,cancer_deaths,0.0,0.0,0.0
Baseline,1960.0,cancer_deaths,0.0,0.0,0.0
Baseline,1960.0,cancer_deaths,0.0,0.0,0.0
Baseline,1960.0,cancer_deaths,0.0,0.0,0.0
Baseline,1961.0,cancer_deaths,0.0,0.0,0.0
Baseline,1961.0,cancer_deaths,0.0,0.0,0.0
Baseline,1961.0,cancer_deaths,0.0,0.0,0.0
Baseline,1961.0,cancer_deaths,0.0,0.0,0.0
Baseline,1962.0,cancer_deaths,0.0,0.0,0.0
Baseline,1962.0,cancer_deaths,0.0,0.0,0.0
Baseline,1962.0,cancer_deaths,0.0,0.0,0.0
Baseline,1962.0,cancer_deaths,0.0,0.0,0.0
Baseline,1963.0,cancer_deaths,0.0,0.0,0.0
Baseline,1963.0,cancer_deaths,0.0,0.0,0.0
Baseline,1963.0,cancer_deaths,0.0,0.0,0.0
Baseline,1963.0,cancer_deaths,0.0,0.0,0.0
Baseline,1964.0,cancer_deaths,0.0,0.0,0.0
Baseline,1964.0,cancer_deaths,0.0,0.0,0.0
Baseline,1964.0,cancer_deaths,0.0,0.0,0.0
Baseline,1964.0,cancer_deaths,0.0,0.0,0.0
Baseline,1965.0,cancer_deaths,0.0,0.0,0.0
Baseline,1965.0,cancer_deaths,0.0,0.0,0.0
Baseline,1965.0,cancer_deaths,0.0,0.0,0.0
Baseline,1965.0,cancer_deaths,0.0,0.0,0.0
Baseline,1966.0,cancer_deaths,0.0,0.0,0.0
Baseline,1966.0,cancer_deaths,0.0,0.0,0.0
Baseline,1966.0,cancer_deaths,0.0,0.0,0.0
Baseline,1966.0,cancer_deaths,0.0,0.0,0.0
Baseline,1967.0,cancer_deaths,123.88073701643913,0.0,247.76147403287825
Baseline,1967.0,cancer_deaths,0.0,0.0,0.0
Baseline,1967.0,cancer_deaths,0.0,0.0,0.0
Baseline,1967.0,cancer_deaths,123.88073701643913,0.0,247.76147403287825
Baseline,1968.0,cancer_deaths,0.0,0.0,0.0
Baseline,1968.0,cancer_deaths,0.0,0.0,0.0
Baseline,1968.0,cancer_deaths,0.0,0.0,0.0
Baseline,1968.0,cancer_deaths,0.0,0.0,0.0
Baseline,1969.0,cancer_deaths,123.88073701643913,0.0,247.76147403287825
Baseline,1969.0,cancer_deaths,0.0,0.0,0.0
Baseline,1969.0,cancer_deaths,0.0,0.0,0.0
Baseline,1969.0,cancer_deaths,247.76147403287825,0.0,495.5229480657565
Baseline,1970.0,cancer_deaths,0.0,0.0,0.0
Baseline,1970.0,cancer_deaths,123.88073701643913,0.0,247.76147403287825
Baseline,1970.0,cancer_deaths,247.76147403287825,0.0,495.5229480657565
Baseline,1970.0,cancer_deaths,371.6422110493174,247.76147403287825,495.5229480657565
Baseline,1971.0,cancer_deaths,0.0,0.0,0.0
Baseline,1971.0,cancer_deaths,123.88073701643913,0.0,247.76147403287825
Baseline,1971.0,cancer_deaths,371.6422248940679,0.0,743.2844497881358
Baseline,1971.0,cancer_deaths,123.88073701643913,0.0,247.76147403287825
Baseline,1972.0,cancer_deaths,123.88073701643913,0.0,247.76147403287825
Baseline,1972.0,cancer_deaths,495.5229480657565,247.76147403287825,743.2844220986348
Baseline,1972.0,cancer_deaths,247.76147403287825,0.0,495.5229480657565
Baseline,1972.0,cancer_deaths,123.88073701643913,0.0,247.76147403287825
Baseline,1973.0,cancer_deaths,371.6422110493174,247.76147403287825,495.5229480657565
Baseline,1973.0,cancer_deaths,0.0,0.0,0.0
Baseline,1973.0,cancer_deaths,371.6422110493174,0.0,743.2844220986348
Baseline,1973.0,cancer_deaths,991.0459099762636,991.045896131513,991.0459238210141
Baseline,1974.0,cancer_deaths,247.76147403287825,247.76147403287825,247.76147403287825
Baseline,1974.0,cancer_deaths,371.6422110493174,247.76147403287825,495.5229480657565
Baseline,1974.0,cancer_deaths,867.1651729598244,743.2844497881358,991.045896131513
Baseline,1974.0,cancer_deaths,743.2844359433852,495.5229480657565,991.0459238210141
Baseline,1975.0,cancer_deaths,743.2844359433852,743.2844220986348,743.2844497881358
Baseline,1975.0,cancer_deaths,867.165159115074,743.2844220986348,991.045896131513
Baseline,1975.0,cancer_deaths,867.165159115074,743.2844220986348,991.045896131513
Baseline,1975.0,cancer_deaths,867.1651729598244,743.2844497881358,991.045896131513
Baseline,1976.0,cancer_deaths,2229.853210916902,743.2844220986348,3716.4219997351693
Baseline,1976.0,cancer_deaths,1362.6880656465787,495.5229480657565,2229.853183227401
Baseline,1976.0,cancer_deaths,1114.926633147952,743.2844220986348,1486.5688441972695
Baseline,1976.0,cancer_deaths,1734.330318230148,1486.5688441972695,1982.091792263026
Baseline,1977.0,cancer_deaths,1362.6880794913295,495.5229480657565,2229.8532109169023
Baseline,1977.0,cancer_deaths,991.0459099762636,743.2844220986348,1238.8073978538923
Baseline,1977.0,cancer_deaths,1610.4495812137086,1486.5688718867705,1734.3302905406467
Baseline,1977.0,cancer_deaths,1238.8073840091417,991.0459238210141,1486.5688441972693
Baseline,1978.0,cancer_deaths,1734.3303597643994,1238.8073978538923,2229.8533216749065
Baseline,1978.0,cancer_deaths,1114.926633147952,743.2844220986348,1486.5688441972695
Baseline,1978.0,cancer_deaths,1114.9266193032017,743.2844220986348,1486.5688165077686
Baseline,1978.0,cancer_deaths,1858.2110275570858,1486.5688441972695,2229.853210916902
Baseline,1979.0,cancer_deaths,2105.9725292794656,1982.0918199525272,2229.8532386064035
Baseline,1979.0,cancer_deaths,1982.0917645735249,1486.5688718867705,2477.6146572602793
Baseline,1979.0,cancer_deaths,2725.3761728274094,991.045896131513,4459.706449523306
Baseline,1979.0,cancer_deaths,3716.42201357992,2973.137633015537,4459.706394144303
Baseline,1980.0,cancer_deaths,1858.2110552465867,1238.8073701643912,2477.6147403287823
Baseline,1980.0,cancer_deaths,2353.7340310018444,1982.0918476420281,2725.3762143616605
Baseline,1980.0,cancer_deaths,1734.3303043853973,1238.8073978538923,2229.8532109169023
Baseline,1980.0,cancer_deaths,3716.422055114172,3220.899051669413,4211.945058558931
Baseline,1981.0,cancer_deaths,2229.853252451154,1982.091792263026,2477.6147126392816
Baseline,1981.0,cancer_deaths,2229.853252451154,1982.091792263026,2477.6147126392816
Baseline,1981.0,cancer_deaths,4583.587172694994,3964.1835291470497,5202.990816242937
Baseline,1981.0,cancer_deaths,3097.018397721477,2973.137660705038,3220.899134737916
Baseline,1982.0,cancer_deaths,5574.633027292256,3716.4220551141716,7432.84399947034
Baseline,1982.0,cancer_deaths,3097.0184115662278,2229.8532939854053,3964.1835291470497
Baseline,1982.0,cancer_deaths,3716.4220551141716,3468.6605810812935,3964.18352914705
Baseline,1982.0,cancer_deaths,3964.183584526052,2973.13771608404,4955.229452968064
Baseline,1983.0,cancer_deaths,2849.2569236885993,1982.0917645735249,3716.422082803673
Baseline,1983.0,cancer_deaths,4335.825754041118,3220.8991901169184,5450.752317965317
Baseline,1983.0,cancer_deaths,3716.42201357992,3220.8990793589137,4211.9449478009265
Baseline,1983.0,cancer_deaths,4583.587214229246,3964.183501457549,5202.990927000942
Baseline,1984.0,cancer_deaths,3468.660636460296,2973.13771608404,3964.1835568365514
Baseline,1984.0,cancer_deaths,4088.064321542491,3220.8991624274177,4955.229480657565
Baseline,1984.0,cancer_deaths,3592.5412904082314,3468.6606087707946,3716.4219720456686
Baseline,1984.0,cancer_deaths,5202.990843932439,5202.990816242938,5202.99087162194
Baseline,1985.0,cancer_deaths,5079.110037692248,4459.706421833805,5698.51365355069
Baseline,1985.0,cancer_deaths,4211.94505855893,3964.183584526052,4459.706532591808
Baseline,1985.0,cancer_deaths,4831.348646727873,3964.1835291470497,5698.513764308695
Baseline,1985.0,cancer_deaths,5326.871580948879,4955.229397589062,5698.513764308695
Baseline,1986.0,cancer_deaths,4459.706449523305,4211.944975490427,4707.467923556183
Baseline,1986.0,cancer_deaths,6194.036629305948,5450.752262586315,6937.320996025581
Baseline,1986.0,cancer_deaths,5698.513764308695,5698.513764308695,5698.513764308695
Baseline,1986.0,cancer_deaths,5822.394542859385,5698.513902756199,5946.275182962571
Baseline,1987.0,cancer_deaths,5450.752290275817,4707.467868177182,6194.036712374452
Baseline,1987.0,cancer_deaths,3468.6605395470415,3468.660525702291,3468.660553391792
Baseline,1987.0,cancer_deaths,7061.2018576447745,6937.321051404583,7185.082663884966
Baseline,1987.0,cancer_deaths,6565.67951874804,5698.5136812401915,7432.845356255889
Baseline,1988.0,cancer_deaths,6441.79820025208,5698.513875066699,7185.082525437461
Baseline,1988.0,cancer_deaths,5946.275321410076,4955.229480657565,6937.321162162587
Baseline,1988.0,cancer_deaths,7804.4863074329105,7432.844054849342,8176.128560016479
Baseline,1988.0,cancer_deaths,5822.394902822899,4707.467951245685,6937.321854400113
Baseline,1989.0,cancer_deaths,6194.036795442955,5698.513819687698,6689.559771198212
Baseline,1989.0,cancer_deaths,6689.559660440207,6441.798158717827,6937.321162162587
Baseline,1989.0,cancer_deaths,7432.84399947034,5946.275210652072,8919.412788288608
Baseline,1989.0,cancer_deaths,4583.587145005493,4459.706421833805,4707.467868177182
Baseline,1990.0,cancer_deaths,7432.844345589103,6441.798158717829,8423.890532460377
Baseline,1990.0,cancer_deaths,5326.871580948879,4459.706449523305,6194.036712374451
Baseline,1990.0,cancer_deaths,4583.587200384495,4211.945003179928,4955.2293975890625
Baseline,1990.0,cancer_deaths,6070.155961513262,5202.990927000943,6937.320996025581
Baseline,1991.0,cancer_deaths,6937.321065249333,6194.03668468495,7680.605445813716
Baseline,1991.0,cancer_deaths,5202.990843932439,4459.706477212806,5946.275210652071
Baseline,1991.0,cancer_deaths,6317.917518614643,5946.275376789079,6689.559660440207
Baseline,1991.0,cancer_deaths,6689.559618905956,6441.798158717827,6937.321079094084
Baseline,1992.0,cancer_deaths,6937.321079094084,6689.559632750706,7185.082525437461
Baseline,1992.0,cancer_deaths,7185.08302384848,5946.275321410076,8423.890726286883
Baseline,1992.0,cancer_deaths,6937.321162162587,5946.275210652072,7928.367113673101
Baseline,1992.0,cancer_deaths,7185.082525437461,5698.513764308695,8671.651286566228
Baseline,1993.0,cancer_deaths,5574.633068826507,4955.229425278563,6194.036712374451
Baseline,1993.0,cancer_deaths,6937.321079094084,5946.275321410076,7928.366836778092
Baseline,1993.0,cancer_deaths,6689.55999271422,5698.513875066699,7680.606110361741
Baseline,1993.0,cancer_deaths,6689.559632750706,6441.798158717829,6937.321106783585
Baseline,1994.0,cancer_deaths,5946.275293720575,3716.422027424671,8176.128560016478
Baseline,1994.0,cancer_deaths,6441.798103338826,6441.798047959824,6441.798158717829
Baseline,1994.0,cancer_deaths,9786.5784181252,9662.697514971755,9910.459321278646
Baseline,1994.0,cancer_deaths,8300.009864667689,8176.129335322507,8423.890394012871
Baseline,1995.0,cancer_deaths,6441.798283320582,5946.27515527307,6937.321411368096
Baseline,1995.0,cancer_deaths,5202.990843932439,4211.944975490427,6194.036712374452
Baseline,1995.0,cancer_deaths,6937.321245231091,6689.55971581921,7185.08277464297
Baseline,1995.0,cancer_deaths,6565.678854200016,5698.513764308695,7432.843944091337
Baseline,1996.0,cancer_deaths,7680.605418124216,7432.843971780839,7928.366864467593
Baseline,1996.0,cancer_deaths,9291.05545621469,8671.651508082236,9910.459404347146
Baseline,1996.0,cancer_deaths,8547.77193402484,5450.752262586315,11644.791605463366
Baseline,1996.0,cancer_deaths,7556.724722642029,6441.798158717829,8671.651286566228
Baseline,1997.0,cancer_deaths,7680.6060826722405,7185.082525437461,8176.12963990702
Baseline,1997.0,cancer_deaths,4707.4679650904345,4459.706449523305,4955.229480657565
Baseline,1997.0,cancer_deaths,9043.293968337062,7680.605971914236,10405.981964759889
Baseline,1997.0,cancer_deaths,7185.082719263968,6937.321051404582,7432.844387123354
Baseline,1998.0,cancer_deaths,6565.679311076783,5946.275293720575,7185.083328432991
Baseline,1998.0,cancer_deaths,5698.513778153445,4459.706449523305,6937.321106783585
Baseline,1998.0,cancer_deaths,6813.440812799163,4211.94505855893,9414.936567039395
Baseline,1998.0,cancer_deaths,9043.29385757906,7680.605418124215,10405.982297033903
Baseline,1999.0,cancer_deaths,9043.294328300575,4955.22934221006,13131.359314391091
Baseline,1999.0,cancer_deaths,8423.890172496864,8176.128615395482,8671.651729598245
Baseline,1999.0,cancer_deaths,6565.678854200016,6441.798103338826,6689.559605061206
Baseline,1999.0,cancer_deaths,10034.339795244823,8919.412732909605,11149.266857580042
Baseline,2000.0,cancer_deaths,7556.725387190052,7432.843999470339,7680.606774909766
Baseline,2000.0,cancer_deaths,5326.871580948879,5202.990843932439,5450.752317965317
Baseline,2000.0,cancer_deaths,8671.652089561758,7928.36788897913,9414.936290144384
Baseline,2000.0,cancer_deaths,8423.89087857914,7928.367612084121,8919.414145074157
Baseline,2001.0,cancer_deaths,7432.844054849342,5946.275376789078,8919.412732909605
Baseline,2001.0,cancer_deaths,9043.293760665805,8671.651729598245,9414.935791733365
Baseline,2001.0,cancer_deaths,9167.174511526993,9167.174400768989,9167.174622284998
Baseline,2001.0,cancer_deaths,8052.248612150819,7928.36788897913,8176.129335322508
Baseline,2002.0,cancer_deaths,7308.963442435657,6689.55971581921,7928.367169052104
Baseline,2002.0,cancer_deaths,5946.275252186324,5450.752345654819,6441.798158717828
Baseline,2002.0,cancer_deaths,6689.559632750706,6194.036656995449,7185.082608505963
Baseline,2002.0,cancer_deaths,7928.367529015618,7185.083328432991,8671.651729598245
Baseline,2003.0,cancer_deaths,8052.248335255808,7928.368332011147,8176.128338500471
Baseline,2003.0,cancer_deaths,7308.963940846675,5698.513764308695,8919.414117384655
Baseline,2003.0,cancer_deaths,7061.201788421022,6689.559521992702,7432.844054849342
Baseline,2003.0,cancer_deaths,8919.413286699626,6689.55971581921,11149.266857580042
Baseline,2004.0,cancer_deaths,8671.651674219243,7432.844719397366,9910.458629041119
Baseline,2004.0,cancer_deaths,8919.41368819739,7928.367972047634,9910.459404347148
Baseline,2004.0,cancer_deaths,9662.697681108759,7928.366836778092,11397.028525439428
Baseline,2004.0,cancer_deaths,9414.936179386379,8671.651508082236,10158.220850690524
Baseline,2005.0,cancer_deaths,7556.724750331529,7432.843999470339,7680.605501192719
Baseline,2005.0,cancer_deaths,9043.294591350836,8423.890394012871,9662.6987886888
Baseline,2005.0,cancer_deaths,6565.6788403552655,5946.27518296257,7185.08249774796
Baseline,2005.0,cancer_deaths,9662.698262588281,8671.651895735251,10653.744629441311
Baseline,2006.0,cancer_deaths,9167.17518991977,7680.605639640224,10653.744740199314
Baseline,2006.0,cancer_deaths,10282.1012415882,9414.936068628376,11149.266414548023
Baseline,2006.0,cancer_deaths,7928.3670998283515,7185.082525437461,8671.651674219242
Baseline,2006.0,cancer_deaths,9291.056259210221,8176.129556838516,10405.982961581925
Baseline,2007.0,cancer_deaths,7680.605971914237,6441.798158717829,8919.413785110644
Baseline,2007.0,cancer_deaths,11644.789279545279,7680.605778087729,15608.972781002827
Baseline,2007.0,cancer_deaths,7928.367930513383,6689.55999271422,9167.175868312544
Baseline,2007.0,cancer_deaths,7680.605736553477,6937.321051404582,8423.890421702372
Baseline,2008.0,cancer_deaths,8176.128643084982,8176.128449258475,8176.12883691149
Baseline,2008.0,cancer_deaths,8547.771380234819,6937.321106783584,10158.221653686054
Baseline,2008.0,cancer_deaths,8176.128504637478,7432.844054849342,8919.412954425614
Baseline,2008.0,cancer_deaths,8671.651341945231,7928.366947536097,9414.935736354364
Baseline,2009.0,cancer_deaths,9786.578570417456,8423.890837044888,11149.266303790022
Baseline,2009.0,cancer_deaths,10158.22096144853,9662.697293455745,10653.744629441311
Baseline,2009.0,cancer_deaths,6441.798144873077,5202.99087162194,7680.605418124215
Baseline,2009.0,cancer_deaths,8052.247989137046,7185.082553126962,8919.41342514713
Baseline,2010.0,cancer_deaths,9291.055857712456,7928.3673074996095,10653.744407925302
Baseline,2010.0,cancer_deaths,7804.486639706923,7680.606442635753,7928.366836778092
Baseline,2010.0,cancer_deaths,10282.101823067722,9167.175120696018,11397.028525439428
Baseline,2010.0,cancer_deaths,7185.082553126962,6937.321162162587,7432.843944091337
Baseline,2011.0,cancer_deaths,11025.385995960845,9910.459182831139,12140.312809090554
Baseline,2011.0,cancer_deaths,10653.74269117624,8176.128393879473,13131.356988473006
Baseline,2011.0,cancer_deaths,10034.339906002828,8919.41284366761,11149.266968338045
Baseline,2011.0,cancer_deaths,7928.3675843946185,6937.321051404582,8919.414117384655
Baseline,2012.0,cancer_deaths,8423.889950980854,8176.128393879473,8671.651508082236
Baseline,2012.0,cancer_deaths,8671.652089561758,6441.798103338826,10901.50607578469
Baseline,2012.0,cancer_deaths,8795.532812733447,7680.605833466732,9910.459792000162
Baseline,2012.0,cancer_deaths,7432.8442902101,5946.275182962571,8919.413397457629
Baseline,2013.0,cancer_deaths,10034.340584395602,8671.65297562579,11397.028193165414
Baseline,2013.0,cancer_deaths,9167.174248476735,8423.889867912352,9910.458629041119
Baseline,2013.0,cancer_deaths,7928.367196741605,7432.8443317443525,8423.890061738857
Baseline,2013.0,cancer_deaths,10034.34001676083,9414.936511660391,10653.74352186127
Baseline,2014.0,cancer_deaths,10901.505078962651,10901.505078962651,10901.505078962651
Baseline,2014.0,cancer_deaths,9538.817096384577,7680.6059996037375,11397.028193165415
Baseline,2014.0,cancer_deaths,11025.386023650348,10901.504968204648,11149.267079096047
Baseline,2014.0,cancer_deaths,9414.936040938876,7432.844165607346,11397.027916270403
Baseline,2015.0,cancer_deaths,11768.670473438484,9662.697625729757,13874.64332114721
Baseline,2015.0,cancer_deaths,9291.055428525191,8671.651397324233,9910.45945972615
Baseline,2015.0,cancer_deaths,9167.175522193782,8919.41395124765,9414.937093139913
Baseline,2015.0,cancer_deaths,8795.53292349145,8176.129556838517,9414.936290144384
Baseline,2016.0,cancer_deaths,9662.697847245765,8176.128781532488,11149.266912959043
Baseline,2016.0,cancer_deaths,12511.955200121629,11149.266746822037,13874.643653421223
Baseline,2016.0,cancer_deaths,8919.413494370883,7432.844525570859,10405.982463170907
Baseline,2016.0,cancer_deaths,11768.670861091497,11644.7898610248,11892.551861158196
Baseline,2017.0,cancer_deaths,11520.909428592873,11149.267439059564,11892.55141812618
Baseline,2017.0,cancer_deaths,9786.578376590947,9414.936234765382,10158.22051841651
Baseline,2017.0,cancer_deaths,8423.89008942836,8176.128781532488,8671.651397324233
Baseline,2017.0,cancer_deaths,10529.863269411098,9414.936788555402,11644.789750266795
Baseline,2018.0,cancer_deaths,10901.505812734427,10901.505771200178,10901.505854268678
Baseline,2018.0,cancer_deaths,10653.743577240271,8671.652283388265,12635.834871092278
Baseline,2018.0,cancer_deaths,13379.119043985404,10405.982075517893,16352.256012452915
Baseline,2018.0,cancer_deaths,9291.055290077686,7432.844054849342,11149.26652530603
Baseline,2019.0,cancer_deaths,9414.93648397089,8176.128892290491,10653.74407565129
Baseline,2019.0,cancer_deaths,10777.62510340749,9414.937342345424,12140.312864469557
Baseline,2019.0,cancer_deaths,10405.98251854991,10405.982297033901,10405.982740065918
Baseline,2019.0,cancer_deaths,10653.744020272288,9414.936400902388,11892.551639642188
Baseline,2020.0,cancer_deaths,11520.908639442092,9910.458629041117,13131.358649843067
Baseline,2020.0,cancer_deaths,11025.385691376336,9167.174290010986,12883.597092741686
Baseline,2020.0,cancer_deaths,12511.955033984623,11397.028414681421,13626.881653287825
Baseline,2020.0,cancer_deaths,10158.221376791043,7680.606442635753,12635.836310946332
Baseline,2021.0,cancer_deaths,11025.386092874101,8919.412982115115,13131.359203633088
Baseline,2021.0,cancer_deaths,10529.863297100599,9662.698068761772,11397.028525439426
Baseline,2021.0,cancer_deaths,11025.385192965317,10158.220407658508,11892.549978272127
Baseline,2021.0,cancer_deaths,11273.14788533624,9167.17523145402,13379.12053921846
Baseline,2022.0,cancer_deaths,12883.597646531707,11892.551750400195,13874.643542663218
Baseline,2022.0,cancer_deaths,11025.38605133985,10405.982352412902,11644.789750266797
Baseline,2022.0,cancer_deaths,11644.79047019382,10158.22157061755,13131.359369770093
Baseline,2022.0,cancer_deaths,11149.267189854054,9662.698179519777,12635.836200188329
Baseline,2023.0,cancer_deaths,15856.735611821254,12635.836310946332,19077.634912696176
Baseline,2023.0,cancer_deaths,15980.615781202923,14617.926552597302,17343.305009808544
Baseline,2023.0,cancer_deaths,13998.522604464848,12635.835203366292,15361.210005563402
Baseline,2023.0,cancer_deaths,14494.045787891362,12140.313445949081,16847.77812983364
Baseline,2024.0,cancer_deaths,15980.614064453861,13874.642435083178,18086.58569382454
Baseline,2024.0,cancer_deaths,12140.311923026522,10405.982407791906,13874.64143826114
Baseline,2024.0,cancer_deaths,12388.07475384495,9662.698733309797,15113.450774380106
Baseline,2024.0,cancer_deaths,14370.16632459197,14122.404213700567,14617.928435483373
Baseline,2025.0,cancer_deaths,11025.386134408353,10158.22073993252,11892.551528884185
Baseline,2025.0,cancer_deaths,15856.734504241216,14122.404878248593,17591.064130233837
Baseline,2025.0,cancer_deaths,13503.000667065877,11149.267411370061,15856.733922761692
Baseline,2025.0,cancer_deaths,13626.882096319841,12388.074753844952,14865.689438794732
Baseline,2026.0,cancer_deaths,13874.64276735719,12883.59720349969,14865.688331214691
Baseline,2026.0,cancer_deaths,12388.074698465949,11892.551861158197,12883.597535773702
Baseline,2026.0,cancer_deaths,13626.882207077846,12635.836643220346,14617.927770935346
Baseline,2026.0,cancer_deaths,14494.045995562617,13131.358649843067,15856.73334128217
Baseline,2027.0,cancer_deaths,12264.193172298732,11892.550144409133,12635.836200188329
Baseline,2027.0,cancer_deaths,14122.404989006596,12883.5975357737,15361.212442239492
Baseline,2027.0,cancer_deaths,13750.762044185503,12140.312532195547,15361.211556175458
Baseline,2027.0,cancer_deaths,14122.404767490589,13626.88121025581,14617.928324725366
Baseline,2028.0,cancer_deaths,13503.000874737136,13379.120871492474,13626.880877981797
Baseline,2028.0,cancer_deaths,12388.074255433932,11149.266414548023,13626.882096319841
Baseline,2028.0,cancer_deaths,12264.194113741767,11892.551750400193,12635.83647708334
Baseline,2028.0,cancer_deaths,13379.119099364407,12883.596760467673,13874.64143826114
Baseline,2029.0,cancer_deaths,12264.193366125237,11149.267300612057,13379.119431638419
Baseline,2029.0,cancer_deaths,12759.716701844009,12388.074532328941,13131.358871359076
Baseline,2029.0,cancer_deaths,14989.568500596359,14122.403881426555,15856.733119766162
Baseline,2029.0,cancer_deaths,14370.16654610798,13874.64354266322,14865.689549552737
Baseline,2030.0,cancer_deaths,14741.807580353501,13874.643265768209,15608.971894938793
Baseline,2030.0,cancer_deaths,13874.64165977715,12883.596538951664,14865.686780602633
Baseline,2030.0,cancer_deaths,17714.945185679535,16104.495009141556,19325.395362217518
Baseline,2030.0,cancer_deaths,15608.97311327684,15113.451881960147,16104.494344593533
Baseline,2031.0,cancer_deaths,12759.716591086006,12635.835757156312,12883.597425015698
Baseline,2031.0,cancer_deaths,13502.9999332941,11892.55086433616,15113.44900225204
Baseline,2031.0,cancer_deaths,14741.807109631984,12140.31242143754,17343.301797826425
Baseline,2031.0,cancer_deaths,13379.119874670436,10901.50585426868,15856.73389507219
Baseline,2032.0,cancer_deaths,17095.541625200094,16847.781452573763,17343.301797826425
Baseline,2032.0,cancer_deaths,15856.735667200259,14865.689660310742,16847.781674089776
Baseline,2032.0,cancer_deaths,14865.687998940679,14370.165327769932,15361.210670111426
Baseline,2032.0,cancer_deaths,15732.852618110483,15361.210891627434,16104.494344593533
Baseline,2033.0,cancer_deaths,15113.449445284055,14865.68799894068,15361.210891627432
Baseline,2033.0,cancer_deaths,17095.541071410076,15361.209784047393,18829.872358772758
Baseline,2033.0,cancer_deaths,16476.137289414626,16352.25601245292,16600.018566376337
Baseline,2033.0,cancer_deaths,19697.037310216576,19573.15725159291,19820.91736884024
Baseline,2034.0,cancer_deaths,18334.34780471594,16352.256012452917,20316.439596978966
Baseline,2034.0,cancer_deaths,18829.871860361738,16847.77945892969,20811.964261793786
Baseline,2034.0,cancer_deaths,17095.54062837806,16104.49511989956,18086.58613685656
Baseline,2034.0,cancer_deaths,13750.761822669494,12883.597868047715,14617.925777291272
Baseline,2035.0,cancer_deaths,17838.824856650186,15856.733119766162,19820.91659353421
Baseline,2035.0,cancer_deaths,16352.258449129007,13874.642656599186,18829.87424165883
Baseline,2035.0,cancer_deaths,18829.870974297708,16104.494787625548,21555.24716096987
Baseline,2035.0,cancer_deaths,17467.184071610172,17343.301244036407,17591.066899183937
Baseline,2036.0,cancer_deaths,18953.751420574386,16600.017901828312,21307.48493932046
Baseline,2036.0,cancer_deaths,14865.68910652072,9662.698622551794,20068.679590489646
Baseline,2036.0,cancer_deaths,18086.58696754159,17095.540462241053,19077.633472842124
Baseline,2036.0,cancer_deaths,14989.568583664863,13131.358040674044,16847.77912665568
Baseline,2037.0,cancer_deaths,18334.348856916982,14617.927881693351,22050.769832140613
Baseline,2037.0,cancer_deaths,18210.467358439266,16600.01679424827,19820.91792263026
Baseline,2037.0,cancer_deaths,17838.82601960923,16600.01945244037,19077.63258677809
Baseline,2037.0,cancer_deaths,19201.513254570775,17343.302019342435,21059.72448979912
Baseline,2038.0,cancer_deaths,17095.541292926082,14617.92677411331,19573.155811738856
Baseline,2038.0,cancer_deaths,19077.633251326115,18829.8733555948,19325.393147057435
Baseline,2038.0,cancer_deaths,21679.128327173574,20811.963043455744,22546.2936108914
Baseline,2038.0,cancer_deaths,24032.86173516164,23537.338953232895,24528.38451709039
Baseline,2039.0,cancer_deaths,18334.347804715944,17343.302573132452,19325.393036299432
Baseline,2039.0,cancer_deaths,18582.10974947034,16352.25689851695,20811.96260042373
Baseline,2039.0,cancer_deaths,18210.46719230226,18086.58702292059,18334.34736168393
Baseline,2039.0,cancer_deaths,18086.58680140458,16104.495009141558,20068.678593667606
Baseline,2040.0,cancer_deaths,18458.228860161646,18086.586912162587,18829.870808160704
Baseline,2040.0,cancer_deaths,19697.035814983523,19325.393922363466,20068.677707603576
Baseline,2040.0,cancer_deaths,22546.293167859385,19820.916925808226,25271.669409910544
Baseline,2040.0,cancer_deaths,22917.936444954492,19573.15514719083,26262.717742718152
Baseline,2041.0,cancer_deaths,19944.7973167059,16600.01701576428,23289.57761764752
Baseline,2041.0,cancer_deaths,16847.780289614722,13874.64332114721,19820.917258082234
Baseline,2041.0,cancer_deaths,20564.20162480187,19573.155368706844,21555.247880896895
Baseline,2041.0,cancer_deaths,20688.081323462022,18086.58646913057,23289.57617779347
Baseline,2042.0,cancer_deaths,19325.395029943506,19325.393922363466,19325.396137523545
Baseline,2042.0,cancer_deaths,17714.943801204485,16104.49401231952,19325.393590089454
Baseline,2042.0,cancer_deaths,20316.441147591027,16600.019784714383,24032.862510467672
Baseline,2042.0,cancer_deaths,18582.108808027304,18582.1085865113,18582.109029543313
Baseline,2043.0,cancer_deaths,21555.24649642184,19325.392814783423,23785.10017806026
Baseline,2043.0,cancer_deaths,21307.486932964537,20564.20226166039,22050.77160426868
Baseline,2043.0,cancer_deaths,20564.20109870135,19325.393700847457,21803.008496555245
Baseline,2043.0,cancer_deaths,22546.2936662704,19573.156365528877,25519.430967011926
Baseline,2044.0,cancer_deaths,19573.15614401287,17591.063244169804,21555.249043855936
Baseline,2044.0,cancer_deaths,16971.659849827367,13626.880213433771,20316.439486220967
Baseline,2044.0,cancer_deaths,18705.989918852007,18086.586690646578,19325.393147057435
Baseline,2044.0,cancer_deaths,22174.650555312306,21059.724046767107,23289.5770638575
Baseline,2045.0,cancer_deaths,21803.007998144225,20316.438710914936,23289.57728537351
Baseline,2045.0,cancer_deaths,21926.888776694912,21059.72282842906,22794.054724960763
Baseline,2045.0,cancer_deaths,25023.908794252202,21803.00927186127,28244.80831664313
Baseline,2045.0,cancer_deaths,25891.073247285,21059.72338221908,30722.423112350916
Baseline,2046.0,cancer_deaths,24032.8631196367,22546.293832407413,25519.43240686598
Baseline,2046.0,cancer_deaths,23289.576676204484,22298.53028166195,24280.623070747017
Baseline,2046.0,cancer_deaths,23041.816282062147,20564.20159711237,25519.430967011926
Baseline,2046.0,cancer_deaths,22422.411946276676,20811.96237890772,24032.861513645632
Baseline,2047.0,cancer_deaths,20688.082375663056,18086.585472308532,23289.57927901758
Baseline,2047.0,cancer_deaths,23661.220036368097,23289.577285373507,24032.862787362683
Baseline,2047.0,cancer_deaths,21926.890438064973,17095.54090527307,26758.239970856877
Baseline,2047.0,cancer_deaths,25891.074410244044,25023.908628115194,26758.24019237289
Baseline,2048.0,cancer_deaths,24032.86184591965,21307.485493110486,26758.238198728817
Baseline,2048.0,cancer_deaths,21803.008108902228,20068.677264571557,23537.338953232895
Baseline,2048.0,cancer_deaths,22546.292558690366,21059.723271461076,24032.86184591965
Baseline,2048.0,cancer_deaths,23785.10017806026,22794.054392686754,24776.14596343377
Baseline,2049.0,cancer_deaths,21926.89010579096,20811.962600423725,23041.817611158196
Baseline,2049.0,cancer_deaths,22546.2935555124,22050.77082896265,23041.816282062147
Baseline,2049.0,cancer_deaths,21679.12854868958,19820.91681505022,23537.34028232894
Baseline,2049.0,cancer_deaths,23289.577396131514,21307.485271594473,25271.66952066855
Baseline,2050.0,cancer_deaths,24280.622959989014,23289.576620825486,25271.66929915254
Baseline,2050.0,cancer_deaths,22670.173918720575,21803.008607313244,23537.339230127902
Baseline,2050.0,cancer_deaths,24156.74273522835,24032.862842741688,24280.622627715005
Baseline,2050.0,cancer_deaths,21926.888887452915,20811.962600423725,23041.815174482108
Baseline,2051.0,cancer_deaths,26014.954413488704,25767.192413355308,26262.716413622096
Baseline,2051.0,cancer_deaths,21555.24671793785,17591.06291189579,25519.43052397991
Baseline,2051.0,cancer_deaths,25147.788908254865,23537.339396264906,26758.238420244823
Baseline,2051.0,cancer_deaths,21307.485050078467,20316.438600156933,22298.531499999997
Baseline,2052.0,cancer_deaths,24156.74207068032,24032.861956677654,24280.622184682987
Baseline,2052.0,cancer_deaths,26510.477472312465,22298.532496822038,30722.422447802892
Baseline,2052.0,cancer_deaths,28740.330212507848,24032.86140288763,33447.79902212806
Baseline,2052.0,cancer_deaths,28988.092877189272,26014.953638182673,31961.23211619587
Baseline,2053.0,cancer_deaths,27749.284260997334,25767.19208108129,29731.376440913376
Baseline,2053.0,cancer_deaths,30474.660503048493,29483.61433002197,31465.70667607502
Baseline,2053.0,cancer_deaths,28368.688984435816,28244.80798436912,28492.569984502516
Baseline,2053.0,cancer_deaths,27253.762032858605,24528.38584618644,29979.138219530767
Baseline,2054.0,cancer_deaths,27873.16570409605,26758.23731266478,28988.094095527318
Baseline,2054.0,cancer_deaths,28120.926596649406,25023.908074325172,31217.945118973636
Baseline,2054.0,cancer_deaths,25519.430634737917,24032.860959855614,27006.000309620216
Baseline,2054.0,cancer_deaths,23785.10095336629,22794.05483571877,24776.147071013813
Baseline,2055.0,cancer_deaths,28492.570427534534,27997.047424089775,28988.093430979294
Baseline,2055.0,cancer_deaths,30474.661001459513,30226.89933360013,30722.422669318898
Baseline,2055.0,cancer_deaths,28988.093486358295,27997.048199395806,29979.13877332079
Baseline,2055.0,cancer_deaths,29731.376994703394,27253.762642027625,32208.991347379164
Baseline,2056.0,cancer_deaths,32332.873122751887,31465.70756213905,33200.03868336473
Baseline,2056.0,cancer_deaths,27625.404368510677,25767.19329941934,29483.615437602013
Baseline,2056.0,cancer_deaths,27377.64214686127,24032.861624403642,30722.4226693189
Baseline,2056.0,cancer_deaths,29855.257939391093,28492.56920919649,31217.946669585697
Baseline,2057.0,cancer_deaths,30474.662718208576,29979.139105594793,30970.18633082236
Baseline,2057.0,cancer_deaths,29855.25733022207,27253.761977479604,32456.752682964536
Baseline,2057.0,cancer_deaths,32208.992399580202,31217.94744489172,33200.03735426868
Baseline,2057.0,cancer_deaths,35553.77231286881,32952.27679398934,38155.267831748286
Baseline,2058.0,cancer_deaths,30722.422115528876,28492.56898768048,32952.27524337728
Baseline,2058.0,cancer_deaths,31341.826063661334,29979.138551804772,32704.513575517893
Baseline,2058.0,cancer_deaths,33323.918631230394,33200.03890488074,33447.79835758004
Baseline,2058.0,cancer_deaths,32952.27657247333,30474.66188752355,35429.89125742311
Baseline,2059.0,cancer_deaths,30598.542056905215,30226.89999814815,30970.184115662276
Baseline,2059.0,cancer_deaths,30598.542167663218,30226.90066269618,30970.18367263026
Baseline,2059.0,cancer_deaths,30226.90021966416,28492.570316776528,31961.230122551795
Baseline,2059.0,cancer_deaths,28492.568544648464,26758.238863276838,30226.898226020086
Baseline,2060.0,cancer_deaths,34067.20130889046,30474.660779943504,37659.74183783741
Baseline,2060.0,cancer_deaths,31465.707672897057,30970.18433717829,31961.231008615825
Baseline,2060.0,cancer_deaths,31837.349067106094,31713.4682331764,31961.22990103579
Baseline,2060.0,cancer_deaths,33200.03724351068,32952.27635095732,33447.79813606403
Baseline,2061.0,cancer_deaths,32085.110734965478,27997.04631650973,36173.17515342122
Baseline,2061.0,cancer_deaths,32085.110291933463,30226.899998148154,33943.32058571877
Baseline,2061.0,cancer_deaths,30846.30261718456,27749.283541070305,33943.321693298814
Baseline,2061.0,cancer_deaths,34438.84536129159,33695.561576051485,35182.129146531704
Baseline,2062.0,cancer_deaths,30103.01838891243,29731.37577636535,30474.661001459513
Baseline,2062.0,cancer_deaths,34934.368586252356,32952.277015505344,36916.460156999376
Baseline,2062.0,cancer_deaths,35058.248201844006,33943.32302239486,36173.173381293156
Baseline,2062.0,cancer_deaths,36792.57854776366,35429.889263779034,38155.267831748286
Baseline,2063.0,cancer_deaths,30846.303614006596,30722.422669318898,30970.184558694295
Baseline,2063.0,cancer_deaths,33571.678305445705,32208.991125863155,34934.36548502825
Baseline,2063.0,cancer_deaths,35306.009648187384,31713.468897724426,38898.550398650346
Baseline,2063.0,cancer_deaths,31961.23073172081,28740.330766297866,35182.13069714376
Baseline,2064.0,cancer_deaths,33076.15762791903,30474.66255207157,35677.652703766486
Baseline,2064.0,cancer_deaths,35677.65104239642,35182.12759591965,36173.1744888732
Baseline,2064.0,cancer_deaths,33200.03840646972,31961.230233309798,34438.846579629644
Baseline,2064.0,cancer_deaths,32704.513243243877,32208.99068283114,33200.03580365662
Baseline,2065.0,cancer_deaths,33943.32302239486,32208.99156889517,35677.65447589455
Baseline,2065.0,cancer_deaths,30846.304500070633,29731.377991525434,31961.23100861583
Baseline,2065.0,cancer_deaths,34314.964638119905,33943.32235784683,34686.60691839298
Baseline,2065.0,cancer_deaths,36173.173381293156,32704.51246793785,39641.83429464846
Baseline,2066.0,cancer_deaths,35182.128149709664,34191.08291812618,36173.173381293156
Baseline,2066.0,cancer_deaths,31961.22945800377,31217.944232909605,32704.514683097936
Baseline,2066.0,cancer_deaths,37535.86222224576,37164.22049576272,37907.503948728816
Baseline,2066.0,cancer_deaths,38031.387219334596,35677.65226073447,40385.122177934725
Baseline,2067.0,cancer_deaths,32952.27712626335,29731.37688394539,36173.1773685813
Baseline,2067.0,cancer_deaths,33695.56057922945,32208.99179041118,35182.12936804772
Baseline,2067.0,cancer_deaths,39270.193786503456,35925.41348556183,42614.97408744507
Baseline,2067.0,cancer_deaths,34810.48708777464,28988.092544915256,40632.88163063403
Baseline,2068.0,cancer_deaths,39765.716789948216,36668.698710656,42862.734869240434
Baseline,2068.0,cancer_deaths,38279.14717044492,35182.1289250157,41376.165415874144
Baseline,2068.0,cancer_deaths,39270.193786503456,39146.3138386378,39394.07373436912
Baseline,2068.0,cancer_deaths,34314.96574569995,32952.277015505344,35677.65447589455
Baseline,2069.0,cancer_deaths,35553.77281127983,34934.369583074396,36173.17603948526
Baseline,2069.0,cancer_deaths,37040.340769413066,36916.46015699938,37164.22138182675
Baseline,2069.0,cancer_deaths,39889.59618402386,36668.69937520403,43110.49299284369
Baseline,2069.0,cancer_deaths,35677.65292528249,34438.84591508161,36916.45993548337
Baseline,2070.0,cancer_deaths,34810.48642322662,33695.56068998745,35925.41215646579
Baseline,2070.0,cancer_deaths,38526.91099808538,38403.03060718771,38650.79138898306
Baseline,2070.0,cancer_deaths,39394.07506346516,38650.79138898306,40137.358737947274
Baseline,2070.0,cancer_deaths,38155.26650265223,35925.41437162587,40385.1186336786
Baseline,2071.0,cancer_deaths,40013.47801477559,37164.22116031074,42862.734869240434
Baseline,2071.0,cancer_deaths,36173.17670403328,34934.36858625236,37411.9848218142
Baseline,2071.0,cancer_deaths,33323.91829895638,32704.51534764596,33943.321250266796
Baseline,2071.0,cancer_deaths,41376.165858906155,39394.07395588513,43358.25776192718
Baseline,2072.0,cancer_deaths,37659.74460678751,31961.23056558381,43358.25864799122
Baseline,2072.0,cancer_deaths,40756.761800015694,39889.59618402386,41623.92741600754
Baseline,2072.0,cancer_deaths,43482.13770979285,41128.40275119272,45835.87266839298
Baseline,2072.0,cancer_deaths,34438.8454720496,33943.32235784684,34934.36858625236
Baseline,2073.0,cancer_deaths,38774.67177988074,35429.89059287508,42119.45296688639
Baseline,2073.0,cancer_deaths,39394.07395588513,37907.50461327684,40880.643298493414
Baseline,2073.0,cancer_deaths,40756.76268607973,36668.69893217201,44844.82643998745
Baseline,2073.0,cancer_deaths,37040.34099092907,34191.08535480227,39889.59662705587
Baseline,2074.0,cancer_deaths,41500.04669283585,38403.029721123676,44597.063664548026
Baseline,2074.0,cancer_deaths,40261.23813202292,38898.55017713434,41623.92608691149
Baseline,2074.0,cancer_deaths,39889.596848571884,37659.743831481486,42119.44986566228
Baseline,2074.0,cancer_deaths,38403.02839202763,36173.17471038921,40632.88207366605
Baseline,2075.0,cancer_deaths,46207.51494866605,44597.0656581921,47817.96423914
Baseline,2075.0,cancer_deaths,45464.230388119904,44101.540550345264,46826.92022589455
Baseline,2075.0,cancer_deaths,48065.72324880728,43853.77932551789,52277.66717209667
Baseline,2075.0,cancer_deaths,39765.71490706215,34438.84436446956,45092.58544965474
Baseline,2076.0,cancer_deaths,43977.65971641557,42862.73221104833,45092.5872217828
Baseline,2076.0,cancer_deaths,45340.3491111582,43358.255989799116,47322.44223251727
Baseline,2076.0,cancer_deaths,45216.46849874451,44844.82821211551,45588.10878537351
Baseline,2076.0,cancer_deaths,42367.212862617715,40632.8834027621,44101.542322473324
Baseline,2077.0,cancer_deaths,38155.266945684256,37907.50505630886,38403.028835059646
Baseline,2077.0,cancer_deaths,43234.377703303515,40880.6430769774,45588.112329629635
Baseline,2077.0,cancer_deaths,42243.33069959197,39889.59884221595,44597.06255696798
Baseline,2077.0,cancer_deaths,46455.27595197741,46083.632121092276,46826.91978286254
Baseline,2078.0,cancer_deaths,42986.61636771815,40137.35962401131,45835.87311142499
Baseline,2078.0,cancer_deaths,46083.6325641243,43110.49387890772,49056.771249340876
Baseline,2078.0,cancer_deaths,44349.303325784684,44349.30310426868,44349.3035473007
Baseline,2078.0,cancer_deaths,40880.64318773542,38403.029278091664,43358.257097379166
Baseline,2079.0,cancer_deaths,43853.78154067797,40880.64374152543,46826.919339830514
Baseline,2079.0,cancer_deaths,46455.2757304614,46083.63433625236,46826.917124670435
Baseline,2079.0,cancer_deaths,37164.220218867704,36916.46104306341,37411.979394672
Baseline,2079.0,cancer_deaths,44349.30221820465,40880.642412429384,47817.96202397991
Baseline,2080.0,cancer_deaths,44349.30266123666,43606.01810069052,45092.5872217828
Baseline,2080.0,cancer_deaths,44844.82666150346,44101.54365156937,45588.109671437545
Baseline,2080.0,cancer_deaths,43110.49631558381,42614.971872285,43606.02075888262
Baseline,2080.0,cancer_deaths,43729.900374474266,42614.974751993104,44844.825996955435
Baseline,2081.0,cancer_deaths,44101.54165792529,43110.49698013183,45092.58633571876
Baseline,2081.0,cancer_deaths,45711.991391431264,44844.825996955435,46579.15678590709
Baseline,2081.0,cancer_deaths,48437.365196806335,46579.15390619899,50295.57648741369
Baseline,2081.0,cancer_deaths,44473.18327365034,42614.972315317005,46331.394231983686
Baseline,2082.0,cancer_deaths,49676.17331458726,47570.20035612053,51782.14627305399
Baseline,2082.0,cancer_deaths,46455.27561970339,44844.825775439414,48065.72546396736
Baseline,2082.0,cancer_deaths,51658.26499609228,51286.62182975517,52029.90816242939
Baseline,2082.0,cancer_deaths,50419.45754285938,48809.009138449466,52029.905947269304
Baseline,2083.0,cancer_deaths,45835.87045323289,44597.062113935965,47074.67879252982
Baseline,2083.0,cancer_deaths,43606.01810069052,39146.31250954175,48065.723691839295
Baseline,2083.0,cancer_deaths,46455.27417984934,42614.971872284994,50295.57648741369
Baseline,2083.0,cancer_deaths,44720.94527378374,41128.40540938482,48313.485138182674
Baseline,2084.0,cancer_deaths,44473.18183379629,44349.30066759259,44597.062999999995
Baseline,2084.0,cancer_deaths,50791.10093071249,46331.395118047716,55250.806743377274
Baseline,2084.0,cancer_deaths,50171.69565348399,50047.814819554296,50295.57648741369
Baseline,2084.0,cancer_deaths,49428.4124220339,47074.67790646579,51782.14693760201
Baseline,2085.0,cancer_deaths,45464.2302773619,45092.58744329881,45835.873111425
Baseline,2085.0,cancer_deaths,47198.55896191149,42862.733540144385,51534.384383678596
Baseline,2085.0,cancer_deaths,47570.2023497646,44597.06432909605,50543.34037043315
Baseline,2085.0,cancer_deaths,44844.82688301947,43110.49698013183,46579.15678590711
Baseline,2086.0,cancer_deaths,45588.11055750158,44597.06654425614,46579.15457074702
Baseline,2086.0,cancer_deaths,51286.62293733521,46331.39378895166,56241.85208571877
Baseline,2086.0,cancer_deaths,43482.139481920916,41128.405852416836,45835.873111425
Baseline,2086.0,cancer_deaths,48065.72612851539,42614.97585957315,53516.47639745763
Baseline,2087.0,cancer_deaths,49552.294142027626,47322.44178948525,51782.14649457
Baseline,2087.0,cancer_deaths,53764.24138805714,53268.72048901446,54259.76228709982
Baseline,2087.0,cancer_deaths,46826.9191183145,44597.06565819209,49056.77257843692
Baseline,2087.0,cancer_deaths,50667.218767686754,48065.724134871314,53268.713400502194
Baseline,2088.0,cancer_deaths,46579.15722893912,42367.21374868174,50791.10070919649
Baseline,2088.0,cancer_deaths,55994.0906393754,49800.05625291903,62188.12502583176
Baseline,2088.0,cancer_deaths,49056.769255696796,43358.256432831135,54755.28207856246
Baseline,2088.0,cancer_deaths,49428.412643549906,45092.58810784684,53764.23717925298
Baseline,2089.0,cancer_deaths,49056.77047403484,43110.493214359696,55003.047733709995
Baseline,2089.0,cancer_deaths,50295.57737347772,48561.24791362211,52029.906833333334
Baseline,2089.0,cancer_deaths,47941.844187005656,47570.201242184565,48313.487131826754
Baseline,2089.0,cancer_deaths,47446.32173735091,45835.87266839298,49056.77080630885
Baseline,2090.0,cancer_deaths,50667.217438590706,46579.154127715,54755.28074946641
Baseline,2090.0,cancer_deaths,54507.52306889516,54259.76273013183,54755.2834076585
Baseline,2090.0,cancer_deaths,48437.36774424043,46579.15722893911,50295.578259541755
Baseline,2090.0,cancer_deaths,44597.06322151601,41623.92387175141,47570.202571280606
Baseline,2091.0,cancer_deaths,51782.145830021975,49552.293255963596,54011.998404080354
Baseline,2091.0,cancer_deaths,53268.715837178286,51782.14605153798,54755.28562281859
Baseline,2091.0,cancer_deaths,46579.15767197113,41376.1670772442,51782.14826669806
Baseline,2091.0,cancer_deaths,46083.63588686442,43606.02208797867,48561.24968575016
Baseline,2092.0,cancer_deaths,49304.5313665882,44844.825553923416,53764.23717925298
Baseline,2092.0,cancer_deaths,50914.982207674206,47570.20035612053,54259.764059227884
Baseline,2092.0,cancer_deaths,46455.27661652543,41376.16486208412,51534.38837096674
Baseline,2092.0,cancer_deaths,49676.172317765224,43358.25598979913,55994.08864573132
Baseline,2093.0,cancer_deaths,53144.83611082864,50543.34037043316,55746.331851224124
Baseline,2093.0,cancer_deaths,48437.367522724424,47817.96379610797,49056.77124934087
Baseline,2093.0,cancer_deaths,46579.156564391094,46331.394675015705,46826.918453766484
Baseline,2093.0,cancer_deaths,49676.172207007214,49552.29236989956,49800.05204411487
Baseline,2094.0,cancer_deaths,47446.32240189894,45340.35110480228,49552.29369899561
Baseline,2094.0,cancer_deaths,47941.84197184557,47322.43603006904,48561.24791362209
Baseline,2094.0,cancer_deaths,55250.80541428123,51286.621829755175,59214.98899880728
Baseline,2094.0,cancer_deaths,52153.78921787508,47322.44223251727,56985.13620323289
Baseline,2095.0,cancer_deaths,46207.51472715003,42367.213305649726,50047.81614865034
Baseline,2095.0,cancer_deaths,52401.54822754237,49552.29369899561,55250.802756089135
Baseline,2095.0,cancer_deaths,46703.03673377276,46083.63300715631,47322.4404603892
Baseline,2095.0,cancer_deaths,50047.81548410232,48809.007809353425,51286.623158851224
Baseline,2096.0,cancer_deaths,50295.576930445706,49304.53114507219,51286.62271581921
Baseline,2096.0,cancer_deaths,47817.96423914,41376.16574814815,54259.762730131835
Baseline,2096.0,cancer_deaths,53516.476840489646,50543.34125649718,56489.61242448211
Baseline,2096.0,cancer_deaths,51162.74254643754,50543.337269209034,51782.14782366605
Baseline,2097.0,cancer_deaths,50295.57825954175,47817.96291004394,52773.193609039554
Baseline,2097.0,cancer_deaths,53516.476397457634,53020.9517326428,54012.00106227246
Baseline,2097.0,cancer_deaths,48809.01046754552,47074.681450721924,50543.33948436912
Baseline,2097.0,cancer_deaths,54507.52196131513,48313.48713182675,60701.55679080351
Baseline,2098.0,cancer_deaths,53144.8378829567,52773.19626723166,53516.47949868174
Baseline,2098.0,cancer_deaths,50791.09938010044,50543.3390413371,51038.85971886377
Baseline,2098.0,cancer_deaths,53144.8352247646,49056.772578436925,57232.89787109228
Baseline,2098.0,cancer_deaths,53516.47883413372,49304.53291720025,57728.424751067185
Baseline,2099.0,cancer_deaths,53640.35634532329,51038.86237705588,56241.85031359071
Baseline,2099.0,cancer_deaths,50667.22231194289,47570.202128248595,53764.24249563718
Baseline,2099.0,cancer_deaths,55746.32919303202,53764.23629318895,57728.42209287509
Baseline,2099.0,cancer_deaths,54135.87968104206,52525.43061208412,55746.32875
Baseline,2100.0,cancer_deaths,54631.4050104049,46826.91756770245,62435.89245310736
Baseline,1960.0,cum_cancers,0.0,0.0,0.0
Baseline,1960.0,cum_cancers,0.0,0.0,0.0
Baseline,1960.0,cum_cancers,0.0,0.0,0.0
Baseline,1960.0,cum_cancers,0.0,0.0,0.0
Baseline,1961.0,cum_cancers,0.0,0.0,0.0
Baseline,1961.0,cum_cancers,0.0,0.0,0.0
Baseline,1961.0,cum_cancers,0.0,0.0,0.0
Baseline,1961.0,cum_cancers,0.0,0.0,0.0
Baseline,1962.0,cum_cancers,0.0,0.0,0.0
Baseline,1962.0,cum_cancers,0.0,0.0,0.0
Baseline,1962.0,cum_cancers,0.0,0.0,0.0
Baseline,1962.0,cum_cancers,0.0,0.0,0.0
Baseline,1963.0,cum_cancers,247.76147403287825,0.0,495.5229480657565
Baseline,1963.0,cum_cancers,247.76147403287825,0.0,495.5229480657565
Baseline,1963.0,cum_cancers,495.5229480657565,495.5229480657565,495.5229480657565
Baseline,1963.0,cum_cancers,619.4036850821956,495.5229480657565,743.2844220986348
Baseline,1964.0,cum_cancers,619.4036850821956,495.5229480657565,743.2844220986348
Baseline,1964.0,cum_cancers,619.4036850821956,495.5229480657565,743.2844220986348
Baseline,1964.0,cum_cancers,867.165159115074,743.2844220986348,991.045896131513
Baseline,1964.0,cum_cancers,1114.926633147952,991.045896131513,1238.8073701643912
Baseline,1965.0,cum_cancers,1486.5688441972693,1238.8073701643912,1734.3303182301477
Baseline,1965.0,cum_cancers,1734.3303182301477,1238.8073701643912,2229.853266295904
Baseline,1965.0,cum_cancers,2105.9725292794647,1486.5688441972693,2725.3762143616605
Baseline,1965.0,cum_cancers,2601.495477345221,2229.8532662959037,2973.1376883945386
Baseline,1966.0,cum_cancers,2973.1376883945386,2725.3762143616605,3220.8991624274167
Baseline,1966.0,cum_cancers,3344.779899443856,2973.1376883945386,3716.422110493173
Baseline,1966.0,cum_cancers,4211.945058558929,3468.660636460295,4955.229480657564
Baseline,1966.0,cum_cancers,4583.587269608246,3716.422110493173,5450.75242872332
Baseline,1967.0,cum_cancers,5450.752428723321,4707.4680066246865,6194.036850821955
Baseline,1967.0,cum_cancers,6070.156113805517,5202.990954690443,6937.32127292059
Baseline,1967.0,cum_cancers,7556.724971847536,7185.082746953469,7928.367196741604
Baseline,1967.0,cum_cancers,8547.770881823799,7680.605695019224,9414.936068628374
Baseline,1968.0,cum_cancers,9291.055290077684,8919.413037494116,9662.697542661252
Baseline,1968.0,cum_cancers,9910.45897515988,9414.935985559872,10405.981964759887
Baseline,1968.0,cum_cancers,10405.981923225634,10158.220407658506,10653.743438792764
Baseline,1968.0,cum_cancers,11644.789307234778,11149.26630379002,12140.312310679536
Baseline,1969.0,cum_cancers,12264.192992316972,11644.789251855775,12883.59673277817
Baseline,1969.0,cum_cancers,13379.119639309674,12635.835175676788,14122.40410294256
Baseline,1969.0,cum_cancers,15237.330666866761,15113.449832937069,15361.211500796453
Baseline,1969.0,cum_cancers,16600.01877404759,16352.257396927966,16847.780151167215
Baseline,1970.0,cum_cancers,18953.752708136184,18829.872054188247,19077.633362084118
Baseline,1970.0,cum_cancers,21555.24811625765,21555.2480470339,21555.248185481407
Baseline,1970.0,cum_cancers,23041.81697429967,22794.05555564579,23289.578392953546
Baseline,1970.0,cum_cancers,23661.220659381863,23289.57850371155,24032.86281505218
Baseline,1971.0,cum_cancers,25147.789503579137,25023.908711183696,25271.670295974574
Baseline,1971.0,cum_cancers,27253.76201901385,26014.95471807321,28492.56931995449
Baseline,1971.0,cum_cancers,29731.376731653134,27749.285091682366,31713.4683716239
Baseline,1971.0,cum_cancers,32085.110734965474,29731.376911634892,34438.844558296056
Baseline,1972.0,cum_cancers,34686.606143086945,32704.514544650425,36668.69774152346
Baseline,1972.0,cum_cancers,38774.670381560936,35677.652205355465,41871.6885577664
Baseline,1972.0,cum_cancers,41747.80801457647,38898.55128471438,44597.064744438554
Baseline,1972.0,cum_cancers,46207.514505634026,43853.78070999295,48561.24830127511
Baseline,1973.0,cum_cancers,49428.413640371946,47322.44129107424,51534.38598966965
Baseline,1973.0,cum_cancers,51782.14765752904,49800.05603140303,53764.23928365506
Baseline,1973.0,cum_cancers,55994.092646864214,53516.47808651719,58471.707207211235
Baseline,1973.0,cum_cancers,58100.065162298924,55498.56987878021,60701.56044581764
Baseline,1974.0,cum_cancers,61940.367982119045,58223.94603776288,65656.7899264752
Baseline,1974.0,cum_cancers,67391.12027239485,62435.891013253306,72346.34953153641
Baseline,1974.0,cum_cancers,70488.13864242684,65656.79012030172,75319.48716455195
Baseline,1974.0,cum_cancers,76929.93678729991,72841.87264573917,81018.00092886065
Baseline,1975.0,cum_cancers,81018.00106730816,76310.53325450998,85725.46888010633
Baseline,1975.0,cum_cancers,86468.75392521874,83495.61680445897,89441.89104597851
Baseline,1975.0,cum_cancers,90185.17595264342,87212.03883188365,93158.31307340317
Baseline,1975.0,cum_cancers,95388.16674119685,91919.50672775033,98856.82675464338
Baseline,1976.0,cum_cancers,99847.87316303066,94397.12141270011,105298.62491336119
Baseline,1976.0,cum_cancers,103564.29519045532,98113.54346781428,109015.04691309636
Baseline,1976.0,cum_cancers,107528.47871960237,103068.77286540334,111988.18457380141
Baseline,1976.0,cum_cancers,112112.06585076312,107032.95636686089,117191.17533466533
Baseline,1977.0,cum_cancers,117686.69894727912,112979.23157751295,122394.16631704528
Baseline,1977.0,cum_cancers,123632.97419946545,120659.83710639519,126606.1112925357
Baseline,1977.0,cum_cancers,127473.2769500618,124871.78208188561,130074.77181823799
Baseline,1977.0,cum_cancers,134410.59851372213,132304.62669052495,136516.57033691934
Baseline,1978.0,cum_cancers,139118.0664234336,138003.14053790216,140232.992308965
Baseline,1978.0,cum_cancers,144197.17654419434,143949.41580393325,144444.93728445543
Baseline,1978.0,cum_cancers,149524.04809745372,148904.6451461433,150143.45104876414
Baseline,1978.0,cum_cancers,156213.60771635966,154850.9204398639,157576.29499285546
Baseline,1979.0,cum_cancers,163646.45231115428,159558.38841879903,167734.51620350953
Baseline,1979.0,cum_cancers,170583.77339024836,164761.379179663,176406.16760083375
Baseline,1979.0,cum_cancers,176653.9293379169,170955.41589203745,182352.44278379634
Baseline,1979.0,cum_cancers,185697.22395695726,179379.30695059837,192015.14096331614
Baseline,1980.0,cum_cancers,192882.3066762212,184582.29782222028,201182.3155302221
Baseline,1980.0,cum_cancers,200686.79364820215,193006.18846543867,208367.39883096563
Baseline,1980.0,cum_cancers,205518.1424333775,198456.940894162,212579.34397259305
Baseline,1980.0,cum_cancers,211464.41763018485,203412.17023637207,219516.66502399763
Baseline,1981.0,cum_cancers,219640.54631480406,210597.252955636,228683.83967397214
Baseline,1981.0,cum_cancers,225834.5829856443,217534.57400704062,234134.59196424796
Baseline,1981.0,cum_cancers,233391.30772213108,223976.37216575845,242806.24327850368
Baseline,1981.0,cum_cancers,240080.86738257128,230913.693272542,249248.04149260055
Baseline,1982.0,cum_cancers,249991.32695305542,239089.8222202115,260892.83168589935
Baseline,1982.0,cum_cancers,256309.24440244632,246027.14343775308,266591.34536713955
Baseline,1982.0,cum_cancers,264857.01579652587,253212.22621239608,276501.8053806556
Baseline,1982.0,cum_cancers,272537.62153307936,260892.8316028308,284182.41146332794
Baseline,1983.0,cum_cancers,280837.63076088857,268325.67565768014,293349.58586409694
Baseline,1983.0,cum_cancers,289261.5214456412,275758.520072493,302764.52281878935
Baseline,1983.0,cum_cancers,296818.24616828316,284925.694251746,308710.7980848204
Baseline,1983.0,cum_cancers,304746.61307428504,293349.58400890033,316143.64213966974
Baseline,1984.0,cum_cancers,314161.54958594544,301030.1897316091,327292.9094402818
Baseline,1984.0,cum_cancers,320603.34773081855,307471.98794570594,333734.70751593116
Baseline,1984.0,cum_cancers,327912.31114556466,314161.54760614614,341663.07468498324
Baseline,1984.0,cum_cancers,335840.67824539304,321594.3916056165,350086.9648851696
Baseline,1985.0,cum_cancers,343645.16453898116,330018.28166735533,357272.047410607
Baseline,1985.0,cum_cancers,352192.9354346497,337698.887168548,366686.9837007514
Baseline,1985.0,cum_cancers,360369.0638839082,347361.5844620038,373376.54330581264
Baseline,1985.0,cum_cancers,366563.1009977804,353060.0982816915,380066.1037138693
Baseline,1986.0,cum_cancers,375730.2755646864,362227.27312549244,389233.2780038804
Baseline,1986.0,cum_cancers,385392.97375805094,370651.16343643685,400134.784079665
Baseline,1986.0,cum_cancers,395055.6719098812,381552.66945684253,408558.6743629199
Baseline,1986.0,cum_cancers,401992.993168957,389233.2753456882,414752.7109922258
Baseline,1987.0,cum_cancers,411036.2868742439,395922.83500612853,426149.7387423592
Baseline,1987.0,cum_cancers,419955.70009171974,407319.8629777779,432591.5372056616
Baseline,1987.0,cum_cancers,428998.99440617557,415991.51515040814,442006.47366194293
Baseline,1987.0,cum_cancers,438290.0500285273,425901.9738902073,450678.12616684724
Baseline,1988.0,cum_cancers,447828.86738796206,437051.24108006136,458606.4936958628
Baseline,1988.0,cum_cancers,455509.4733321868,446466.17775785876,464552.7689065149
Baseline,1988.0,cum_cancers,463066.1983040343,454642.3062071172,471490.09040095145
Baseline,1988.0,cum_cancers,473719.9425735122,464305.00433125807,483134.8808157663
Baseline,1989.0,cum_cancers,482391.59397083643,472481.1327251375,492302.05521653534
Baseline,1989.0,cum_cancers,491558.7686069661,480657.26111901697,502460.27609491535
Baseline,1989.0,cum_cancers,503079.6774679243,492054.28864763444,514105.0662882142
Baseline,1989.0,cum_cancers,512370.733533308,500973.702598882,523767.76446773397
Baseline,1990.0,cum_cancers,522900.5967196506,513609.5389098284,532191.6545294728
Baseline,1990.0,cum_cancers,531324.4865875631,523024.47453542484,539624.4986397013
Baseline,1990.0,cum_cancers,540615.5423760517,530209.5570331728,551021.5277189306
Baseline,1990.0,cum_cancers,549782.7167768208,541358.8228939308,558206.6106597107
Baseline,1991.0,cum_cancers,560312.5802400582,551021.5208519346,569603.639628182
Baseline,1991.0,cum_cancers,571337.9665406037,563657.3567198488,579018.5763613585
Baseline,1991.0,cum_cancers,580752.9029691955,573320.0539025465,588185.7520358445
Baseline,1991.0,cum_cancers,589052.9125985025,578770.8063035804,599335.0188934245
Baseline,1992.0,cum_cancers,598096.2064699263,587937.9813688975,608254.4315709552
Baseline,1992.0,cum_cancers,606272.3356252671,595123.0639220243,617421.6073285098
Baseline,1992.0,cum_cancers,616058.9140295475,604290.2384335514,627827.5896255437
Baseline,1992.0,cum_cancers,626712.6582159568,615191.74428782,638233.5721440935
Baseline,1993.0,cum_cancers,636870.8787897523,624358.9185778311,649382.8390016735
Baseline,1993.0,cum_cancers,646038.0534674162,634021.6158712867,658054.4910635458
Baseline,1993.0,cum_cancers,653594.7785084876,640463.4140576941,666726.1429592811
Baseline,1993.0,cum_cancers,663505.2381897297,650373.8734066623,676636.6029727972
Baseline,1994.0,cum_cancers,671681.3675665866,658302.2407418515,685060.4943913217
Baseline,1994.0,cum_cancers,680848.5427288169,666973.8925545182,694723.1929031154
Baseline,1994.0,cum_cancers,689520.194458415,674902.2595020543,704138.1294147758
Baseline,1994.0,cum_cancers,699554.5345305549,683573.9107886206,715535.1582724892
Baseline,1995.0,cum_cancers,710084.3967200754,697696.314116257,722472.4793238938
Baseline,1995.0,cum_cancers,719994.8560136646,707854.5346346736,732135.1773926556
Baseline,1995.0,cum_cancers,731144.1224282125,717021.7088139266,745266.5360424987
Baseline,1995.0,cum_cancers,739320.2509882291,725941.1215468361,752699.380429622
Baseline,1996.0,cum_cancers,749850.1143545534,735851.5812003887,763848.647508718
Baseline,1996.0,cum_cancers,761371.023796991,748982.9404040219,773759.1071899602
Baseline,1996.0,cum_cancers,773387.4562982523,763353.1068393717,783421.8057571329
Baseline,1996.0,cum_cancers,784041.2000970086,774254.6122506085,793827.7879434088
Baseline,1997.0,cum_cancers,795685.9906225814,785403.8793297046,805968.1019154583
Baseline,1997.0,cum_cancers,805968.0924318044,797296.4308585887,814639.75400502
Baseline,1997.0,cum_cancers,816002.4324485653,807702.4131556225,824302.451741508
Baseline,1997.0,cum_cancers,826780.057095096,817860.6344493452,835699.4797408469
Baseline,1998.0,cum_cancers,836814.3968349618,829753.1853136813,843875.6083562425
Baseline,1998.0,cum_cancers,845609.9293984898,839663.6449395445,851556.213857435
Baseline,1998.0,cum_cancers,853662.1771245766,848583.0578939702,858741.296355183
Baseline,1998.0,cum_cancers,862705.4714390323,858741.2784123867,866669.6644656782
Baseline,1999.0,cum_cancers,873483.0961270975,869642.7831590754,877323.4090951195
Baseline,1999.0,cum_cancers,885004.0051541924,883021.9036982937,886986.1066100912
Baseline,1999.0,cum_cancers,895533.8689081699,892436.8405699177,898630.897246422
Baseline,1999.0,cum_cancers,906187.6128176842,905320.4382164493,907054.7874189189
Baseline,2000.0,cum_cancers,917212.9977337546,913744.3282781882,920681.6671893208
Baseline,2000.0,cum_cancers,927742.8613908186,925389.1190806562,930096.603700981
Baseline,2000.0,cum_cancers,938024.9631861968,935795.101156174,940254.8252162195
Baseline,2000.0,cum_cancers,948554.8257910599,946201.083453208,950908.5681289118
Baseline,2001.0,cum_cancers,958713.0469740243,958341.3966499513,959084.6972980973
Baseline,2001.0,cum_cancers,972092.1668210054,971720.5332213908,972463.80042062
Baseline,2001.0,cum_cancers,982002.626474558,981383.2147595207,982622.0381895953
Baseline,2001.0,cum_cancers,993647.4161694457,993028.0039559975,994266.828382894
Baseline,2002.0,cum_cancers,1004548.9214145455,1004177.2874549673,1004920.5553741237
Baseline,2002.0,cum_cancers,1015326.545964163,1012848.9393507027,1017804.1525776233
Baseline,2002.0,cum_cancers,1025237.004980857,1023254.9213154624,1027219.0886462517
Baseline,2002.0,cum_cancers,1036138.5105582308,1032669.8572733329,1039607.1638431286
Baseline,2003.0,cum_cancers,1047287.7769450892,1046048.9764834553,1048526.5774067233
Baseline,2003.0,cum_cancers,1059551.9709757627,1058684.8127944018,1060419.1291571234
Baseline,2003.0,cum_cancers,1069957.953245107,1069834.0800950138,1070081.8263952003
Baseline,2003.0,cum_cancers,1079001.2472549784,1077762.432228667,1080240.0622812896
Baseline,2004.0,cum_cancers,1089778.8720814907,1088168.4151902488,1091389.3289727326
Baseline,2004.0,cum_cancers,1098946.0467314653,1097583.3512588772,1100308.7422040533
Baseline,2004.0,cum_cancers,1110962.4789281422,1109723.6637910728,1112201.2940652117
Baseline,2004.0,cum_cancers,1121492.3421975533,1121368.4537628554,1121616.230632251
Baseline,2005.0,cum_cancers,1133013.2510585114,1132765.497379073,1133261.0047379497
Baseline,2005.0,cum_cancers,1143914.75635899,1141684.9107211516,1146144.6019968283
Baseline,2005.0,cum_cancers,1155435.6657737382,1152586.4163539042,1158284.915193572
Baseline,2005.0,cum_cancers,1166213.2903787345,1162744.637647627,1169681.9431098423
Baseline,2006.0,cum_cancers,1179716.2905889237,1178353.6090995336,1181078.9720783136
Baseline,2006.0,cum_cancers,1189998.3920243382,1189750.6372096306,1190246.1468390462
Baseline,2006.0,cum_cancers,1201147.6586604025,1201147.652250283,1201147.6650705219
Baseline,2006.0,cum_cancers,1211553.641469692,1210067.0792709752,1213040.203668409
Baseline,2007.0,cum_cancers,1223570.073223337,1222455.153027998,1224684.9934186758
Baseline,2007.0,cum_cancers,1237692.4782123435,1237320.8297296222,1238064.1266950648
Baseline,2007.0,cum_cancers,1249956.6721876378,1247974.5741375475,1251938.770237728
Baseline,2007.0,cum_cancers,1262964.1496297428,1258876.0796872317,1267052.2195722542
Baseline,2008.0,cum_cancers,1273246.2518266188,1271016.392662459,1275476.1109907785
Baseline,2008.0,cum_cancers,1288607.4639365845,1285882.083208834,1291332.8446643348
Baseline,2008.0,cum_cancers,1301119.419192085,1298517.9191875064,1303720.919196664
Baseline,2008.0,cum_cancers,1312020.9248248376,1308923.9015952982,1315117.9480543772
Baseline,2009.0,cum_cancers,1322922.4308037092,1319329.88455688,1326514.9770505382
Baseline,2009.0,cum_cancers,1335186.6245574872,1332709.0049853404,1337664.2441296342
Baseline,2009.0,cum_cancers,1346335.8913043095,1342123.9410539689,1350547.84155465
Baseline,2009.0,cum_cancers,1360210.5343485614,1357237.3918283489,1363183.6768687742
Baseline,2010.0,cum_cancers,1372226.9667667544,1370120.9892533645,1374332.9442801443
Baseline,2010.0,cum_cancers,1383500.1148459173,1380526.9722149468,1386473.257476888
Baseline,2010.0,cum_cancers,1394525.501091084,1391676.239072527,1397374.7631096407
Baseline,2010.0,cum_cancers,1410010.5933704306,1407532.9724138088,1412488.2143270527
Baseline,2011.0,cum_cancers,1423761.3541962784,1421159.8521842104,1426362.856208346
Baseline,2011.0,cum_cancers,1436025.5478392984,1433547.9268272978,1438503.1688512992
Baseline,2011.0,cum_cancers,1447050.9338352594,1442219.578723033,1451882.2889474859
Baseline,2011.0,cum_cancers,1459810.6500663818,1457580.7902792084,1462040.5098535554
Baseline,2012.0,cum_cancers,1470464.3940866538,1467243.488791002,1473685.299382306
Baseline,2012.0,cum_cancers,1485082.3215253155,1484091.2696897862,1486073.3733608448
Baseline,2012.0,cum_cancers,1498709.2033447404,1497965.9126786594,1499452.4940108217
Baseline,2012.0,cum_cancers,1511840.5614961723,1508124.1341938977,1515556.988798447
Baseline,2013.0,cum_cancers,1525343.5625924254,1522989.8235219344,1527697.3016629166
Baseline,2013.0,cum_cancers,1539837.6089756414,1539094.3306313881,1540580.8873198945
Baseline,2013.0,cum_cancers,1553588.3705767947,1551730.1659455122,1555446.575208077
Baseline,2013.0,cum_cancers,1568454.0601817265,1567834.662948298,1569073.457415155
Baseline,2014.0,cum_cancers,1584558.555357005,1582700.3522763345,1586416.7584376754
Baseline,2014.0,cum_cancers,1597566.0336713295,1595831.7114799677,1599300.3558626913
Baseline,2014.0,cum_cancers,1613918.2909574993,1611936.2083719952,1615900.3735430033
Baseline,2014.0,cum_cancers,1628288.4567283012,1627545.1811529982,1629031.7323036043
Baseline,2015.0,cum_cancers,1642410.8604159013,1641915.3295624831,1642906.3912693195
Baseline,2015.0,cum_cancers,1659506.4007120053,1656285.494225705,1662727.3071983056
Baseline,2015.0,cum_cancers,1674372.089264736,1670655.6604395388,1678088.518089933
Baseline,2015.0,cum_cancers,1688618.373218631,1688494.500165451,1688742.246271811
Baseline,2016.0,cum_cancers,1705094.5120032788,1702864.6517038497,1707324.3723027078
Baseline,2016.0,cum_cancers,1719712.438777392,1716739.2951357549,1722685.5824190292
Baseline,2016.0,cum_cancers,1734206.4861020506,1729870.6540071138,1738542.3181969873
Baseline,2016.0,cum_cancers,1748452.7712050597,1743002.013099989,1753903.5293101307
Baseline,2017.0,cum_cancers,1762079.6516953888,1760840.8373474702,1763318.4660433074
Baseline,2017.0,cum_cancers,1777812.5049226682,1776449.809574683,1779175.2002706535
Baseline,2017.0,cum_cancers,1792925.9542571944,1791811.0364708418,1794040.8720435468
Baseline,2017.0,cum_cancers,1812746.8709614864,1811384.173730615,1814109.568192358
Baseline,2018.0,cum_cancers,1828603.6048565586,1828231.9519712068,1828975.2577419106
Baseline,2018.0,cum_cancers,1843964.8155820493,1843593.1631951085,1844336.46796899
Baseline,2018.0,cum_cancers,1861803.6406602152,1860193.1815399686,1863414.099780462
Baseline,2018.0,cum_cancers,1875802.1650368082,1873820.0638578043,1877784.266215812
Baseline,2019.0,cum_cancers,1890791.733343578,1890172.3399174558,1891411.1267697003
Baseline,2019.0,cum_cancers,1907515.632910021,1905781.3136952806,1909249.9521247614
Baseline,2019.0,cum_cancers,1922876.8448538496,1920894.7630298068,1924858.9266778925
Baseline,2019.0,cum_cancers,1937990.2946867864,1936255.973256886,1939724.616116687
Baseline,2020.0,cum_cancers,1952608.2218623976,1949635.093713036,1955581.3500117592
Baseline,2020.0,cum_cancers,1968217.1946434006,1965491.8280511403,1970942.5612356607
Baseline,2020.0,cum_cancers,1985188.8541609538,1981596.323060282,1988781.3852616257
Baseline,2020.0,cum_cancers,2004018.7262982107,2002656.047550081,2005381.40504634
Baseline,2021.0,cum_cancers,2021485.9094283779,2019999.3504554876,2022972.4684012681
Baseline,2021.0,cum_cancers,2037094.8834554078,2035360.56328538,2038829.203625436
Baseline,2021.0,cum_cancers,2055676.9933710154,2054685.9375205084,2056668.0492215224
Baseline,2021.0,cum_cancers,2072896.414556428,2070542.6710833064,2075250.1580295498
Baseline,2022.0,cum_cancers,2090363.5981296273,2085656.1218576864,2095071.074401568
Baseline,2022.0,cum_cancers,2106220.3329661423,2102751.66497812,2109689.000954165
Baseline,2022.0,cum_cancers,2121953.185695011,2118112.8758697473,2125793.495520275
Baseline,2022.0,cum_cancers,2138057.681091806,2135456.1773352996,2140659.184848312
Baseline,2023.0,cum_cancers,2155896.505394666,2152799.4784685783,2158993.5323207537
Baseline,2023.0,cum_cancers,2176832.3480814025,2171877.1096708807,2181787.5864919242
Baseline,2023.0,cum_cancers,2195662.2193879746,2188724.889572843,2202599.549203106
Baseline,2023.0,cum_cancers,2213624.9250785545,2206563.7151494203,2220686.135007689
Baseline,2024.0,cum_cancers,2229729.4208076233,2223163.732165185,2236295.1094500613
Baseline,2024.0,cum_cancers,2247568.246273442,2242736.886426311,2252399.606120573
Baseline,2024.0,cum_cancers,2265902.595296496,2260823.475332118,2270981.715260874
Baseline,2024.0,cum_cancers,2283369.778509732,2276184.68655602,2290554.870463444
Baseline,2025.0,cum_cancers,2299722.0359620387,2291298.137441158,2308145.9344829195
Baseline,2025.0,cum_cancers,2315950.411749731,2308393.677349609,2323507.1461498532
Baseline,2025.0,cum_cancers,2336762.37462705,2327966.832939832,2345557.916314268
Baseline,2025.0,cum_cancers,2357945.98100298,2349026.558537211,2366865.4034687486
Baseline,2026.0,cum_cancers,2377395.255260862,2368104.190902473,2386686.319619251
Baseline,2026.0,cum_cancers,2397340.0524114305,2388668.391170489,2406011.7136523724
Baseline,2026.0,cum_cancers,2418647.5384029523,2411214.684449107,2426080.3923567976
Baseline,2026.0,cum_cancers,2436734.1247613253,2429053.5092503782,2444414.740272272
Baseline,2027.0,cum_cancers,2457546.0874171276,2450856.5174146593,2464235.6574195963
Baseline,2027.0,cum_cancers,2479101.3351318873,2471668.480679631,2486534.189584144
Baseline,2027.0,cum_cancers,2498798.371279145,2490993.875045026,2506602.867513264
Baseline,2027.0,cum_cancers,2519734.2143258452,2511805.8378669657,2527662.590784725
Baseline,2028.0,cum_cancers,2536829.7551203603,2528158.094322451,2545501.41591827
Baseline,2028.0,cum_cancers,2556155.150482578,2550208.8652621717,2562101.4357029847
Baseline,2028.0,cum_cancers,2579073.087315186,2572755.160423675,2585391.0142066963
Baseline,2028.0,cum_cancers,2600380.572752917,2593319.361466998,2607441.7840388366
Baseline,2029.0,cum_cancers,2619829.8485614117,2614626.8489537523,2625032.8481690707
Baseline,2029.0,cum_cancers,2638411.958532398,2633456.720426461,2643367.196638335
Baseline,2029.0,cum_cancers,2656498.545001528,2650800.0218920135,2662197.0681110434
Baseline,2029.0,cum_cancers,2678549.3158858703,2674585.122956138,2682513.5088156024
Baseline,2030.0,cum_cancers,2699113.5175383613,2694406.040324978,2703820.994751745
Baseline,2030.0,cum_cancers,2722279.2155957967,2720173.2340674293,2724385.1971241636
Baseline,2030.0,cum_cancers,2743834.4636982093,2743710.5913788006,2743958.336017618
Baseline,2030.0,cum_cancers,2765761.3528625574,2764274.7929759133,2767247.9127492015
Baseline,2031.0,cum_cancers,2786449.434850567,2783847.9487876515,2789050.9209134826
Baseline,2031.0,cum_cancers,2808252.4432363645,2800943.489028377,2815561.397444352
Baseline,2031.0,cum_cancers,2829683.8092311304,2819773.359061232,2839594.2594010294
Baseline,2031.0,cum_cancers,2852230.1017344417,2841824.128671856,2862636.0747970277
Baseline,2032.0,cum_cancers,2873413.7065043803,2862140.569044141,2884686.84396462
Baseline,2032.0,cum_cancers,2896827.165731264,2882209.2486346303,2911445.0828278973
Baseline,2032.0,cum_cancers,2919621.219570161,2903764.4953525686,2935477.9437877527
Baseline,2032.0,cum_cancers,2941919.7510147817,2924080.9355033375,2959758.566526226
Baseline,2033.0,cum_cancers,2963970.520625406,2947370.512345679,2980570.5289051333
Baseline,2033.0,cum_cancers,2985525.767454102,2968677.9971742416,3002373.5377339628
Baseline,2033.0,cum_cancers,3006709.3716148715,2989242.1973315,3024176.545898244
Baseline,2033.0,cum_cancers,3028140.737775775,3011045.2061603293,3045236.269391221
Baseline,2034.0,cum_cancers,3050934.7927776305,3033095.9769892916,3068773.60856597
Baseline,2034.0,cum_cancers,3075463.1789560914,3058119.8863927126,3092806.4715194697
Baseline,2034.0,cum_cancers,3098752.7572382865,3079675.1337751984,3117830.380701375
Baseline,2034.0,cum_cancers,3122166.2155791065,3101725.9036073396,3142606.527550873
Baseline,2035.0,cum_cancers,3144712.5084146913,3123033.3891004496,3166391.6277289325
Baseline,2035.0,cum_cancers,3167878.206527505,3145331.9219295457,3190424.4911254644
Baseline,2035.0,cum_cancers,3192654.3532662448,3169860.30622512,3215448.40030737
Baseline,2035.0,cum_cancers,3215943.9306069976,3189928.983489692,3241958.8777243034
Baseline,2036.0,cum_cancers,3239852.9129480836,3214209.608997115,3265496.2168990523
Baseline,2036.0,cum_cancers,3262646.9668977386,3237746.9470642842,3287546.986731193
Baseline,2036.0,cum_cancers,3287175.352633167,3260045.4787858,3314305.226480534
Baseline,2036.0,cum_cancers,3312942.5443819743,3286803.7163199806,3339081.3724439675
Baseline,2037.0,cum_cancers,3338957.4985185675,3310093.293937628,3367821.7030995074
Baseline,2037.0,cum_cancers,3362866.479918211,3337099.294911796,3388633.664924625
Baseline,2037.0,cum_cancers,3389253.076501214,3362123.203872185,3416382.949130243
Baseline,2037.0,cum_cancers,3415639.672585807,3384173.973372052,3447105.3717995617
Baseline,2038.0,cum_cancers,3441159.103331303,3412418.781134905,3469899.425527701
Baseline,2038.0,cum_cancers,3468288.985028643,3442397.920351258,3494180.049706028
Baseline,2038.0,cum_cancers,3496533.792348464,3468412.8737679245,3524654.7109290035
Baseline,2038.0,cum_cancers,3523539.793211874,3496162.158859607,3550917.4275641413
Baseline,2039.0,cum_cancers,3548439.8207845436,3517717.407128157,3579162.23444093
Baseline,2039.0,cum_cancers,3575941.3449836727,3544723.408766873,3607159.281200472
Baseline,2039.0,cum_cancers,3601460.7762829587,3569995.078066026,3632926.4744998915
Baseline,2039.0,cum_cancers,3628342.8967554714,3596010.0325902724,3660675.7609206703
Baseline,2040.0,cum_cancers,3653242.92438352,3621777.225225144,3684708.6235418958
Baseline,2040.0,cum_cancers,3681983.2549283016,3650022.031215869,3713944.478640734
Baseline,2040.0,cum_cancers,3709484.7772445446,3677028.031303973,3741941.523185116
Baseline,2040.0,cum_cancers,3733641.519702878,3702299.7017107056,3764983.33769505
Baseline,2041.0,cum_cancers,3758913.1900542313,3726828.088110682,3790998.291997781
Baseline,2041.0,cum_cancers,3785547.5473082727,3751604.2329665357,3819490.861650009
Baseline,2041.0,cum_cancers,3816269.9688700116,3780344.561849948,3852195.375890075
Baseline,2041.0,cum_cancers,3844267.0148542477,3807102.7991626128,3881431.230545882
Baseline,2042.0,cum_cancers,3873131.2261222005,3837081.936385321,3909180.51585908
Baseline,2042.0,cum_cancers,3900261.1075980244,3864831.223027616,3935690.9921684335
Baseline,2042.0,cum_cancers,3928258.154246808,3896544.6930329204,3959971.615460696
Baseline,2042.0,cum_cancers,3954520.8693313343,3924293.977017022,3984747.7616456463
Baseline,2043.0,cum_cancers,3982889.557928117,3954025.353457936,4011753.7623982984
Baseline,2043.0,cum_cancers,4012992.5766493035,3983013.4464458833,4042971.7068527243
Baseline,2043.0,cum_cancers,4039503.053401689,4012001.5376617024,4067004.5691416757
Baseline,2043.0,cum_cancers,4063412.034856711,4035291.11583314,4091532.953880282
Baseline,2044.0,cum_cancers,4092647.8879619054,4061306.070135871,4123989.7057879404
Baseline,2044.0,cum_cancers,4116928.5118633383,4083604.6019681455,4150252.421758531
Baseline,2044.0,cum_cancers,4145173.320290739,4111601.649392235,4178744.9911892433
Baseline,2044.0,cum_cancers,4177506.193136596,4145049.4481928465,4209962.938080345
Baseline,2045.0,cum_cancers,4208352.496196812,4176515.1543151317,4240189.838078493
Baseline,2045.0,cum_cancers,4236473.422793461,4207485.33754473,4265461.508042193
Baseline,2045.0,cum_cancers,4264594.349722385,4236225.667535721,4292963.031909049
Baseline,2045.0,cum_cancers,4298166.029356927,4266452.567090838,4329879.491623016
Baseline,2046.0,cum_cancers,4329507.856971201,4299900.367885094,4359115.346057306
Baseline,2046.0,cum_cancers,4362336.251491405,4337807.871390791,4386864.63159202
Baseline,2046.0,cum_cancers,4394545.243281817,4371007.909852639,4418082.576710994
Baseline,2046.0,cum_cancers,4428612.446141319,4405446.754881657,4451778.137400981
Baseline,2047.0,cum_cancers,4461193.08043352,4438151.270450818,4484234.89041622
Baseline,2047.0,cum_cancers,4495879.686133575,4471846.829147162,4519912.543119987
Baseline,2047.0,cum_cancers,4527097.631917097,4503808.059269714,4550387.204564478
Baseline,2047.0,cum_cancers,4556209.605572836,4532548.390922075,4579870.820223596
Baseline,2048.0,cum_cancers,4590772.331380404,4564757.38249097,4616787.280269837
Baseline,2048.0,cum_cancers,4627193.267924789,4599939.508647036,4654447.027202543
Baseline,2048.0,cum_cancers,4661508.232673667,4632396.262105307,4690620.203242029
Baseline,2048.0,cum_cancers,4695079.910536081,4663366.444891873,4726793.376180289
Baseline,2049.0,cum_cancers,4726421.737596565,4695327.676565037,4757515.798628093
Baseline,2049.0,cum_cancers,4765320.287053771,4737199.362658437,4793441.211449106
Baseline,2049.0,cum_cancers,4798148.681573978,4771390.444690499,4824906.918457456
Baseline,2049.0,cum_cancers,4834569.617066162,4809050.188300465,4860089.045831859
Baseline,2050.0,cum_cancers,4865663.6805759,4843984.554671558,4887342.806480243
Baseline,2050.0,cum_cancers,4901712.975006149,4878175.638254231,4925250.311758067
Baseline,2050.0,cum_cancers,4939001.077332664,4918560.757552457,4959441.397112871
Baseline,2050.0,cum_cancers,4975917.537711179,4954486.171924083,4997348.903498275
Baseline,2051.0,cum_cancers,5012462.353926536,4991898.153201641,5033026.55465143
Baseline,2051.0,cum_cancers,5044919.10771708,5024107.145656601,5065731.0697775595
Baseline,2051.0,cum_cancers,5084313.182226755,5061766.888823533,5106859.475629976
Baseline,2051.0,cum_cancers,5118875.908643492,5096205.733188003,5141546.084098981
Baseline,2052.0,cum_cancers,5153314.753894026,5128910.24853565,5177719.259252403
Baseline,2052.0,cum_cancers,5192089.425009359,5164340.139128524,5219838.7108901935
Baseline,2052.0,cum_cancers,5226156.627536587,5198531.222268167,5253782.032805009
Baseline,2052.0,cum_cancers,5264311.894260756,5237182.01144199,5291441.777079522
Baseline,2053.0,cum_cancers,5306183.58068643,5281531.312331098,5330835.849041763
Baseline,2053.0,cum_cancers,5347064.222877344,5323402.998756773,5370725.446997914
Baseline,2053.0,cum_cancers,5381255.30690305,5357841.844228823,5404668.769577278
Baseline,2053.0,cum_cancers,5420525.500689553,5395997.112282087,5445053.889097019
Baseline,2054.0,cum_cancers,5456698.67606449,5431922.526210681,5481474.8259183
Baseline,2054.0,cum_cancers,5496959.915304095,5471812.121951673,5522107.708656515
Baseline,2054.0,cum_cancers,5540194.29289664,5508976.3442195635,5571412.241573715
Baseline,2054.0,cum_cancers,5575004.778987592,5545645.039828995,5604364.518146188
Baseline,2055.0,cum_cancers,5610558.551521977,5581322.692532762,5639794.410511192
Baseline,2055.0,cum_cancers,5650695.910149166,5621955.575270977,5679436.245027356
Baseline,2055.0,cum_cancers,5691081.0303334575,5658872.033212815,5723290.027454099
Baseline,2055.0,cum_cancers,5727997.488939844,5690833.262227787,5765161.715651901
Baseline,2056.0,cum_cancers,5764913.9475462325,5728245.243726862,5801582.651365602
Baseline,2056.0,cum_cancers,5802078.168595785,5761940.804638365,5842215.532553204
Baseline,2056.0,cum_cancers,5838622.985254172,5797122.9344494445,5880123.036058901
Baseline,2056.0,cum_cancers,5877397.657477085,5833543.872156789,5921251.442797381
Baseline,2057.0,cum_cancers,5919640.989727289,5878388.6990398085,5960893.28041477
Baseline,2057.0,cum_cancers,5961884.321534461,5922738.003916206,6001030.639152717
Baseline,2057.0,cum_cancers,6003384.367230475,5966096.260349036,6040672.474111914
Baseline,2057.0,cum_cancers,6042902.322684838,6005242.5728585785,6080562.072511098
Baseline,2058.0,cum_cancers,6080314.3055130085,6043893.363804529,6116735.247221488
Baseline,2058.0,cum_cancers,6122309.875320047,6085269.529552678,6159350.221087417
Baseline,2058.0,cum_cancers,6161456.187497315,6124911.3647333905,6198001.0102612395
Baseline,2058.0,cum_cancers,6199487.574162859,6164800.962246509,6234174.186079208
Baseline,2059.0,cum_cancers,6239624.934672935,6205433.845206239,6273816.02413963
Baseline,2059.0,cum_cancers,6282239.906988252,6245323.44271936,6319156.371257143
Baseline,2059.0,cum_cancers,6322996.670338879,6286699.60891054,6359293.731767219
Baseline,2059.0,cum_cancers,6364620.597533371,6324854.875191676,6404386.319875066
Baseline,2060.0,cum_cancers,6407607.211464413,6368708.654074162,6446505.768854665
Baseline,2060.0,cum_cancers,6450098.304496413,6411323.627718576,6488872.98127425
Baseline,2060.0,cum_cancers,6490359.543514499,6448983.371328541,6531735.715700459
Baseline,2060.0,cum_cancers,6534461.086058489,6492341.6290904675,6576580.543026511
Baseline,2061.0,cum_cancers,6580916.359130759,6533222.270173801,6628610.4480877165
Baseline,2061.0,cum_cancers,6623779.093113935,6575093.958371605,6672464.227856265
Baseline,2061.0,cum_cancers,6663916.451298092,6612258.17864585,6715574.723950334
Baseline,2061.0,cum_cancers,6707274.708838504,6658341.812096039,6756207.605580969
Baseline,2062.0,cum_cancers,6752862.819839037,6702443.354861544,6803282.28481653
Baseline,2062.0,cum_cancers,6795725.553932971,6747288.178864855,6844162.929001087
Baseline,2062.0,cum_cancers,6838216.646078907,6787425.538045836,6889007.754111979
Baseline,2062.0,cum_cancers,6885167.443815991,6835986.785959458,6934348.1016725255
Baseline,2063.0,cum_cancers,6929640.627311159,6878353.997936012,6980927.256686305
Baseline,2063.0,cum_cancers,6971883.95801075,6920225.686576846,7023542.229444654
Baseline,2063.0,cum_cancers,7017224.306678876,6965070.512573801,7069378.100783952
Baseline,2063.0,cum_cancers,7059219.875710608,7008428.768120569,7110010.983300649
Baseline,2064.0,cum_cancers,7105055.747160664,7051043.738885274,7159067.7554360535
Baseline,2064.0,cum_cancers,7150519.976219689,7092915.427969143,7208124.524470234
Baseline,2064.0,cum_cancers,7193011.067811833,7134787.117053008,7251235.018570658
Baseline,2064.0,cum_cancers,7243182.765237445,7178145.375701,7308220.154773891
Baseline,2065.0,cum_cancers,7293602.223444853,7226458.862389795,7360745.584499911
Baseline,2065.0,cum_cancers,7337951.525663057,7270312.64127228,7405590.410053835
Baseline,2065.0,cum_cancers,7381929.187705392,7315900.7520512985,7447957.623359485
Baseline,2065.0,cum_cancers,7430118.794003289,7365948.56864298,7494289.019363597
Baseline,2066.0,cum_cancers,7476574.067961622,7407820.256397752,7545327.879525492
Baseline,2066.0,cum_cancers,7519312.9222184485,7448205.37724659,7590420.467190307
Baseline,2066.0,cum_cancers,7564281.629049334,7489829.30289047,7638733.955208197
Baseline,2066.0,cum_cancers,7613090.636747929,7538142.787585621,7688038.485910238
Baseline,2067.0,cum_cancers,7655705.611610681,7579518.95488438,7731892.268336981
Baseline,2067.0,cum_cancers,7706372.83192898,7633035.432167903,7779710.231690057
Baseline,2067.0,cum_cancers,7752828.1081024725,7679614.588067746,7826041.628137199
Baseline,2067.0,cum_cancers,7802380.401579952,7724954.936071323,7879805.8670885805
Baseline,2068.0,cum_cancers,7848587.915642554,7772277.376088681,7924898.455196427
Baseline,2068.0,cum_cancers,7900989.468743449,7826289.378923081,7975689.558563816
Baseline,2068.0,cum_cancers,7951904.450508091,7879558.094538743,8024250.806477439
Baseline,2068.0,cum_cancers,8000589.578480337,7931340.238153605,8069838.918807068
Baseline,2069.0,cum_cancers,8050513.514459606,7980397.011175075,8120630.017744137
Baseline,2069.0,cum_cancers,8101304.61472577,8029206.018098364,8173403.211353177
Baseline,2069.0,cum_cancers,8158661.3907726,8091641.902576894,8225680.878968305
Baseline,2069.0,cum_cancers,8207346.518412571,8138468.819258533,8276224.21756661
Baseline,2070.0,cum_cancers,8255536.12404592,8183809.169034239,8327263.079057601
Baseline,2070.0,cum_cancers,8305212.299243393,8236086.83930756,8374337.759179227
Baseline,2070.0,cum_cancers,8352286.978700472,8287125.703013713,8417448.254387232
Baseline,2070.0,cum_cancers,8401591.51051009,8334695.903369831,8468487.11765035
Baseline,2071.0,cum_cancers,8451019.923153643,8383504.912065251,8518534.934242032
Baseline,2071.0,cum_cancers,8503049.830430007,8434791.536553197,8571308.124306817
Baseline,2071.0,cum_cancers,8554336.454696437,8482609.501235368,8626063.408157507
Baseline,2071.0,cum_cancers,8603888.7492815,8537364.784643028,8670412.71391997
Baseline,2072.0,cum_cancers,8655175.37399096,8586173.795110572,8724176.952871349
Baseline,2072.0,cum_cancers,8707948.567378486,8641672.363078779,8774224.771678193
Baseline,2072.0,cum_cancers,8759111.309924923,8701135.113745445,8817087.5061044
Baseline,2072.0,cum_cancers,8818202.418311317,8758120.24861958,8878284.58800305
Baseline,2073.0,cum_cancers,8875559.197680887,8818078.522621967,8933039.872739805
Baseline,2073.0,cum_cancers,8923005.519196723,8862427.826612301,8983583.211781144
Baseline,2073.0,cum_cancers,8971195.12327946,8907024.890941396,9035365.355617521
Baseline,2073.0,cum_cancers,9023596.672171548,8963018.978258032,9084174.366085066
Baseline,2074.0,cum_cancers,9077980.312191354,9015792.170981007,9140168.453401702
Baseline,2074.0,cum_cancers,9136947.542180493,9072034.024395822,9201861.059965167
Baseline,2074.0,cum_cancers,9185632.669820465,9120595.270537315,9250670.069103615
Baseline,2074.0,cum_cancers,9234813.32057464,9167917.709668608,9301708.93148067
Baseline,2075.0,cum_cancers,9288949.201141747,9224407.325194314,9353491.07708918
Baseline,2075.0,cum_cancers,9342341.795376178,9277428.276926959,9407255.313825399
Baseline,2075.0,cum_cancers,9398212.004960109,9334413.413573222,9462010.596346993
Baseline,2075.0,cum_cancers,9452595.645422945,9385700.03584601,9519491.25499988
Baseline,2076.0,cum_cancers,9507227.048661223,9443428.459267981,9571025.638054464
Baseline,2076.0,cum_cancers,9570653.981140288,9505864.345518641,9635443.616761934
Baseline,2076.0,cum_cancers,9621197.319517076,9559876.34347969,9682518.295554465
Baseline,2076.0,cum_cancers,9681527.237128831,9624046.565835685,9739007.908421978
Baseline,2077.0,cum_cancers,9738884.016498402,9684748.123955583,9793019.909041218
Baseline,2077.0,cum_cancers,9794630.34591295,9742972.068055082,9846288.623770818
Baseline,2077.0,cum_cancers,9846288.611795105,9793515.408425514,9899061.815164696
Baseline,2077.0,cum_cancers,9904512.555673087,9852482.63531343,9956542.476032743
Baseline,2078.0,cum_cancers,9959391.71792103,9902530.450576017,10016252.985266045
Baseline,2078.0,cum_cancers,10020588.799155135,9962736.48580323,10078441.112507038
Baseline,2078.0,cum_cancers,10083272.448845781,10026411.18083622,10140133.716855342
Baseline,2078.0,cum_cancers,10135302.355679113,10080670.940465126,10189933.7708931
Baseline,2079.0,cum_cancers,10195508.393564519,10144593.400267197,10246423.38686184
Baseline,2079.0,cum_cancers,10257820.403190052,10203312.870803637,10312327.935576467
Baseline,2079.0,cum_cancers,10320875.695382487,10257572.633533768,10384178.757231206
Baseline,2079.0,cum_cancers,10377613.073019085,10310345.827142809,10444880.318895362
Baseline,2080.0,cum_cancers,10435217.613170452,10369808.579138571,10500626.647202332
Baseline,2080.0,cum_cancers,10494432.60261229,10433483.274171561,10555381.93105302
Baseline,2080.0,cum_cancers,10552656.54604724,10486504.22989149,10618808.86220299
Baseline,2080.0,cum_cancers,10615959.598135408,10542250.557312395,10689668.63895842
Baseline,2081.0,cum_cancers,10678023.844985504,10604438.68499642,10751609.004974585
Baseline,2081.0,cum_cancers,10733894.055677012,10657707.401498146,10810080.709855879
Baseline,2081.0,cum_cancers,10786171.726393364,10707507.457308033,10864835.995478697
Baseline,2081.0,cum_cancers,10841174.77058282,10760528.410369772,10921821.130795866
Baseline,2082.0,cum_cancers,10898531.552832097,10813301.608409133,10983761.497255063
Baseline,2082.0,cum_cancers,10952791.312904038,10870038.982944505,11035543.64286357
Baseline,2082.0,cum_cancers,11010643.612729618,10926776.356150784,11094510.869308453
Baseline,2082.0,cum_cancers,11064903.370807914,10980788.354111832,11149018.387503996
Baseline,2083.0,cum_cancers,11120401.936117927,11036039.159083081,11204764.713152772
Baseline,2083.0,cum_cancers,11177510.9547057,11091537.729709478,11263484.179701922
Baseline,2083.0,cum_cancers,11237221.468812354,11152487.046839045,11321955.890785664
Baseline,2083.0,cum_cancers,11293711.081236836,11210710.988723382,11376711.17375029
Baseline,2084.0,cum_cancers,11350943.982873702,11266209.558020685,11435678.40772672
Baseline,2084.0,cum_cancers,11403221.653590053,11314027.52137376,11492415.785806349
Baseline,2084.0,cum_cancers,11457976.936333165,11365066.38286475,11550887.489801578
Baseline,2084.0,cum_cancers,11518554.612954587,11424529.133531418,11612580.092377756
Baseline,2085.0,cum_cancers,11574053.180258244,11483991.88552718,11664114.474989306
Baseline,2085.0,cum_cancers,11628065.18043445,11541224.784727369,11714905.576141534
Baseline,2085.0,cum_cancers,11683068.225953002,11596227.831131982,11769908.62077402
Baseline,2085.0,cum_cancers,11744389.188907098,11656186.107792562,11832592.270021636
Baseline,2086.0,cum_cancers,11804099.7036783,11719365.283477118,11888834.123879483
Baseline,2086.0,cum_cancers,11864677.384951558,11781553.414262366,11947801.355640749
Baseline,2086.0,cum_cancers,11927980.43903337,11842007.212486533,12013953.665580206
Baseline,2086.0,cum_cancers,11982116.316277735,11892055.026863057,12072177.605692415
Baseline,2087.0,cum_cancers,12045295.490633197,11953004.34753688,12137586.633729514
Baseline,2087.0,cum_cancers,12102652.271774895,12008998.4401699,12196306.10337989
Baseline,2087.0,cum_cancers,12163849.35234445,12070443.282407314,12257255.422281586
Baseline,2087.0,cum_cancers,12228019.570491642,12131888.124644728,12324151.016338555
Baseline,2088.0,cum_cancers,12286862.91920382,12189864.308848493,12383861.529559147
Baseline,2088.0,cum_cancers,12351652.541077627,12257998.711244758,12445306.370910496
Baseline,2088.0,cum_cancers,12414955.595159438,12319939.077260923,12509972.113057954
Baseline,2088.0,cum_cancers,12475781.033670235,12384357.05729749,12567205.01004298
Baseline,2089.0,cum_cancers,12533881.09604974,12443572.048068427,12624190.144031053
Baseline,2089.0,cum_cancers,12596936.385583982,12507494.502111081,12686378.269056883
Baseline,2089.0,cum_cancers,12658752.872095315,12567452.777885595,12750052.966305034
Baseline,2089.0,cum_cancers,12723418.611584581,12629888.66502232,12816948.558146842
Baseline,2090.0,cum_cancers,12782138.07946283,12692820.076380827,12871456.082544833
Baseline,2090.0,cum_cancers,12844450.088202298,12755503.725628441,12933396.450776156
Baseline,2090.0,cum_cancers,12903912.839090481,12820169.466446802,12987656.21173416
Baseline,2090.0,cum_cancers,12963499.470369563,12882109.832905998,13044889.107833125
Baseline,2091.0,cum_cancers,13020484.608566437,12940333.780106721,13100635.437026154
Baseline,2091.0,cum_cancers,13081929.452132951,13003017.431569498,13160841.472696403
Baseline,2091.0,cum_cancers,13143869.820807306,13071895.120741468,13215844.520873144
Baseline,2091.0,cum_cancers,13207172.87577518,13131853.398288108,13282492.353262253
Baseline,2092.0,cum_cancers,13273325.1866007,13199740.041231675,13346910.331969723
Baseline,2092.0,cum_cancers,13335513.314727755,13263166.9759259,13407859.65352961
Baseline,2092.0,cum_cancers,13401046.221162107,13332787.944785064,13469304.497539151
Baseline,2092.0,cum_cancers,13466703.008651907,13399435.775402045,13533970.241901768
Baseline,2093.0,cum_cancers,13527528.446055125,13457164.194836728,13597892.69727352
Baseline,2093.0,cum_cancers,13590583.740241203,13524555.315330641,13656612.165151767
Baseline,2093.0,cum_cancers,13652276.344811026,13584265.827665165,13720286.861956885
Baseline,2093.0,cum_cancers,13713349.546097264,13643976.338670596,13782722.753523929
Baseline,2094.0,cum_cancers,13769343.63717967,13694024.15526228,13844663.119097061
Baseline,2094.0,cum_cancers,13833389.97626506,13758194.375846146,13908585.576683974
Baseline,2094.0,cum_cancers,13899790.04920147,13832027.289957697,13967552.808445243
Baseline,2094.0,cum_cancers,13966313.999649066,13900657.212145424,14031970.78715271
Baseline,2095.0,cum_cancers,14033581.236207824,13968296.09120597,14098866.381209679
Baseline,2095.0,cum_cancers,14093291.748763867,14023299.138496647,14163284.359031087
Baseline,2095.0,cum_cancers,14151267.932967633,14080532.03636774,14222003.829567527
Baseline,2095.0,cum_cancers,14218411.287363365,14149161.95678334,14287660.617943391
Baseline,2096.0,cum_cancers,14281342.699607935,14217048.59884084,14345636.80037503
Baseline,2096.0,cum_cancers,14346875.60714987,14280723.297861118,14413027.91643862
Baseline,2096.0,cum_cancers,14413523.439538978,14352821.882512812,14474224.996565145
Baseline,2096.0,cum_cancers,14473977.235769503,14411293.586951071,14536660.884587932
Baseline,2097.0,cum_cancers,14539138.500366615,14475959.330427628,14602317.670305602
Baseline,2097.0,cum_cancers,14601574.38683879,14537899.692456502,14665249.081221078
Baseline,2097.0,cum_cancers,14665249.082757842,14595875.875774205,14734622.289741479
Baseline,2097.0,cum_cancers,14729171.541009301,14658559.526350915,14799783.555667687
Baseline,2098.0,cum_cancers,14796934.301789843,14722729.746934785,14871138.856644899
Baseline,2098.0,cum_cancers,14860980.640210683,14790120.867428694,14931840.412992671
Baseline,2098.0,cum_cancers,14925398.620358007,14853300.039790511,14997497.200925503
Baseline,2098.0,cum_cancers,14985233.015520107,14916726.973598672,15053739.05744154
Baseline,2099.0,cum_cancers,15056588.315168224,14979658.384071114,15133518.246265333
Baseline,2099.0,cum_cancers,15126209.284027388,15047792.783809185,15204625.784245592
Baseline,2099.0,cum_cancers,15196821.300887085,15120386.8917966,15273255.709977573
Baseline,2099.0,cum_cancers,15258761.665574156,15180592.925251685,15336930.405896625
Baseline,2100.0,cum_cancers,15322684.125376226,15242781.05382177,15402587.196930682
Adolescent: 0.5 coverage,1960.0,cancers,0.0,0.0,0.0
Adolescent: 0.5 coverage,1960.0,cancers,0.0,0.0,0.0
Adolescent: 0.5 coverage,1960.0,cancers,0.0,0.0,0.0
Adolescent: 0.5 coverage,1960.0,cancers,0.0,0.0,0.0
Adolescent: 0.5 coverage,1961.0,cancers,0.0,0.0,0.0
Adolescent: 0.5 coverage,1961.0,cancers,0.0,0.0,0.0
Adolescent: 0.5 coverage,1961.0,cancers,0.0,0.0,0.0
Adolescent: 0.5 coverage,1961.0,cancers,0.0,0.0,0.0
Adolescent: 0.5 coverage,1962.0,cancers,0.0,0.0,0.0
Adolescent: 0.5 coverage,1962.0,cancers,0.0,0.0,0.0
Adolescent: 0.5 coverage,1962.0,cancers,0.0,0.0,0.0
Adolescent: 0.5 coverage,1962.0,cancers,0.0,0.0,0.0
Adolescent: 0.5 coverage,1963.0,cancers,247.76147403287825,0.0,495.5229480657565
Adolescent: 0.5 coverage,1963.0,cancers,0.0,0.0,0.0
Adolescent: 0.5 coverage,1963.0,cancers,247.76147403287825,0.0,495.5229480657565
Adolescent: 0.5 coverage,1963.0,cancers,123.88073701643913,0.0,247.76147403287825
Adolescent: 0.5 coverage,1964.0,cancers,0.0,0.0,0.0
Adolescent: 0.5 coverage,1964.0,cancers,0.0,0.0,0.0
Adolescent: 0.5 coverage,1964.0,cancers,247.76147403287825,247.76147403287825,247.76147403287825
Adolescent: 0.5 coverage,1964.0,cancers,247.76147403287825,247.76147403287825,247.76147403287825
Adolescent: 0.5 coverage,1965.0,cancers,371.6422110493174,247.76147403287825,495.5229480657565
Adolescent: 0.5 coverage,1965.0,cancers,247.76147403287825,0.0,495.5229480657565
Adolescent: 0.5 coverage,1965.0,cancers,371.6422110493174,247.76147403287825,495.5229480657565
Adolescent: 0.5 coverage,1965.0,cancers,495.5229480657565,247.76147403287825,743.2844220986348
Adolescent: 0.5 coverage,1966.0,cancers,371.6422110493174,247.76147403287825,495.5229480657565
Adolescent: 0.5 coverage,1966.0,cancers,371.6422110493174,247.76147403287825,495.5229480657565
Adolescent: 0.5 coverage,1966.0,cancers,867.1651591150738,495.5229480657565,1238.8073701643912
Adolescent: 0.5 coverage,1966.0,cancers,371.6422110493174,247.76147403287825,495.5229480657565
Adolescent: 0.5 coverage,1967.0,cancers,867.165159115074,743.2844220986348,991.045896131513
Adolescent: 0.5 coverage,1967.0,cancers,619.4036850821956,495.5229480657565,743.2844220986348
Adolescent: 0.5 coverage,1967.0,cancers,1486.56885804202,991.0459238210141,1982.091792263026
Adolescent: 0.5 coverage,1967.0,cancers,991.0459099762635,495.5229480657565,1486.5688718867705
Adolescent: 0.5 coverage,1968.0,cancers,743.2844082538843,247.76147403287825,1238.8073424748902
Adolescent: 0.5 coverage,1968.0,cancers,619.4036850821956,495.5229480657565,743.2844220986348
Adolescent: 0.5 coverage,1968.0,cancers,495.5229480657565,247.76147403287825,743.2844220986348
Adolescent: 0.5 coverage,1968.0,cancers,1238.8073840091417,991.045896131513,1486.5688718867705
Adolescent: 0.5 coverage,1969.0,cancers,619.4036850821956,495.5229480657565,743.2844220986348
Adolescent: 0.5 coverage,1969.0,cancers,1114.9266469927027,991.0459238210141,1238.8073701643912
Adolescent: 0.5 coverage,1969.0,cancers,1858.2110275570858,1238.8073978538923,2477.6146572602793
Adolescent: 0.5 coverage,1969.0,cancers,1362.6881071808305,991.045896131513,1734.330318230148
Adolescent: 0.5 coverage,1970.0,cancers,2353.7339340885906,2229.853210916902,2477.6146572602793
Adolescent: 0.5 coverage,1970.0,cancers,2601.495408121469,2477.6146849497804,2725.3761312931574
Adolescent: 0.5 coverage,1970.0,cancers,1486.5688580420199,1238.8073701643912,1734.3303459196486
Adolescent: 0.5 coverage,1970.0,cancers,619.4036850821956,495.5229480657565,743.2844220986348
Adolescent: 0.5 coverage,1971.0,cancers,1486.5688441972695,991.045896131513,1982.091792263026
Adolescent: 0.5 coverage,1971.0,cancers,2105.9725154347143,743.2844220986348,3468.660608770794
Adolescent: 0.5 coverage,1971.0,cancers,2477.6147126392816,1734.3303736091498,3220.899051669413
Adolescent: 0.5 coverage,1971.0,cancers,2353.7340033123437,1982.0918199525272,2725.3761866721597
Adolescent: 0.5 coverage,1972.0,cancers,2601.495408121469,2229.853183227401,2973.1376330155367
Adolescent: 0.5 coverage,1972.0,cancers,4088.064238473988,2973.137660705038,5202.990816242938
Adolescent: 0.5 coverage,1972.0,cancers,2973.1376330155367,2725.3761866721597,3220.8990793589137
Adolescent: 0.5 coverage,1972.0,cancers,4459.706491057557,3964.1835568365505,4955.229425278563
Adolescent: 0.5 coverage,1973.0,cancers,3220.899134737916,2973.1376883945386,3468.6605810812935
Adolescent: 0.5 coverage,1973.0,cancers,2353.734017157094,2229.8532939854053,2477.6147403287823
Adolescent: 0.5 coverage,1973.0,cancers,4211.9449893351775,3716.4220551141716,4707.467923556183
Adolescent: 0.5 coverage,1973.0,cancers,2105.9725154347143,1982.091792263026,2229.853238606403
Adolescent: 0.5 coverage,1974.0,cancers,3840.302819820112,2725.3761589826586,4955.229480657566
Adolescent: 0.5 coverage,1974.0,cancers,5450.752290275816,4211.944975490427,6689.559605061206
Adolescent: 0.5 coverage,1974.0,cancers,3097.018370031976,2973.1376330155367,3220.8991070484153
Adolescent: 0.5 coverage,1974.0,cancers,6441.798144873078,5698.513764308695,7185.082525437461
Adolescent: 0.5 coverage,1975.0,cancers,4088.0642800082396,3468.660608770794,4707.467951245685
Adolescent: 0.5 coverage,1975.0,cancers,5450.752857910587,3716.4221658721763,7185.083549948999
Adolescent: 0.5 coverage,1975.0,cancers,3716.422027424671,3716.4220274246704,3716.422027424671
Adolescent: 0.5 coverage,1975.0,cancers,5202.990788553438,4707.467895866683,5698.5136812401915
Adolescent: 0.5 coverage,1976.0,cancers,4459.706421833804,2477.61468494978,6441.798158717828
Adolescent: 0.5 coverage,1976.0,cancers,3716.4220274246704,3716.4219997351693,3716.4220551141716
Adolescent: 0.5 coverage,1976.0,cancers,3964.18352914705,2973.137660705038,4955.2293975890625
Adolescent: 0.5 coverage,1976.0,cancers,4583.5871311607425,3964.183501457549,5202.990760863936
Adolescent: 0.5 coverage,1977.0,cancers,5574.633096516009,5202.990982379944,5946.275210652072
Adolescent: 0.5 coverage,1977.0,cancers,5946.275252186324,4211.944975490427,7680.60552888222
Adolescent: 0.5 coverage,1977.0,cancers,3840.302750596359,3468.660525702291,4211.944975490427
Adolescent: 0.5 coverage,1977.0,cancers,6937.321563660352,6441.798518681342,7432.8446086393615
Adolescent: 0.5 coverage,1978.0,cancers,4707.467909711433,3716.4219720456686,5698.513847377198
Adolescent: 0.5 coverage,1978.0,cancers,5079.110120760751,4211.944975490427,5946.275266031074
Adolescent: 0.5 coverage,1978.0,cancers,5326.871553259378,4955.22934221006,5698.5137643086955
Adolescent: 0.5 coverage,1978.0,cancers,6689.559618905957,5946.275293720576,7432.843944091338
Adolescent: 0.5 coverage,1979.0,cancers,7432.844594794613,4707.467978935187,10158.22121065404
Adolescent: 0.5 coverage,1979.0,cancers,6937.321079094085,5202.990760863936,8671.651397324233
Adolescent: 0.5 coverage,1979.0,cancers,6070.155947668511,5946.27518296257,6194.036712374452
Adolescent: 0.5 coverage,1979.0,cancers,9043.294619040338,8423.891058560896,9662.698179519779
Adolescent: 0.5 coverage,1980.0,cancers,7185.082719263968,5202.990871621941,9167.174566905996
Adolescent: 0.5 coverage,1980.0,cancers,7804.486971980936,7185.08330074349,8423.890643218381
Adolescent: 0.5 coverage,1980.0,cancers,4831.348785175378,4211.945141627434,5450.752428723322
Adolescent: 0.5 coverage,1980.0,cancers,5946.275196807321,4955.229342210059,6937.321051404582
Adolescent: 0.5 coverage,1981.0,cancers,8176.128684619234,7185.082719263968,9167.1746499745
Adolescent: 0.5 coverage,1981.0,cancers,6194.036670840199,5450.7522902758155,6937.321051404582
Adolescent: 0.5 coverage,1981.0,cancers,7556.724736486779,6441.798158717829,8671.651314255729
Adolescent: 0.5 coverage,1981.0,cancers,6689.559660440207,6441.798214096831,6937.321106783584
Adolescent: 0.5 coverage,1982.0,cancers,9910.459570484152,8176.128947669493,11644.790193298812
Adolescent: 0.5 coverage,1982.0,cancers,6317.91744939089,5698.5136812401915,6937.321217541588
Adolescent: 0.5 coverage,1982.0,cancers,8547.77139407957,7185.08277464297,9910.460013516169
Adolescent: 0.5 coverage,1982.0,cancers,7680.605736553478,7680.605390434715,7680.6060826722405
Adolescent: 0.5 coverage,1983.0,cancers,8300.009227809165,7432.844054849342,9167.17440076899
Adolescent: 0.5 coverage,1983.0,cancers,8423.890684752632,7432.844414812856,9414.936954692408
Adolescent: 0.5 coverage,1983.0,cancers,7556.724722642028,5946.275266031074,9167.174179252981
Adolescent: 0.5 coverage,1983.0,cancers,7928.366906001845,7432.844054849342,8423.889757154348
Adolescent: 0.5 coverage,1984.0,cancers,9414.936511660391,7680.605722708728,11149.267300612057
Adolescent: 0.5 coverage,1984.0,cancers,6441.798144873077,6441.798075649325,6441.79821409683
Adolescent: 0.5 coverage,1984.0,cancers,7308.963414746156,6689.559660440207,7928.367169052104
Adolescent: 0.5 coverage,1984.0,cancers,7928.367099828352,7432.843999470339,8423.890200186364
Adolescent: 0.5 coverage,1985.0,cancers,7804.48629358816,7185.082525437461,8423.890061738859
Adolescent: 0.5 coverage,1985.0,cancers,8547.770895668551,7680.605501192718,9414.936290144384
Adolescent: 0.5 coverage,1985.0,cancers,8176.1284492584755,6689.559605061206,9662.697293455745
Adolescent: 0.5 coverage,1985.0,cancers,6194.037113872217,5698.513819687697,6689.5604080567355
Adolescent: 0.5 coverage,1986.0,cancers,9167.174566905996,9167.174290010988,9167.174843801007
Adolescent: 0.5 coverage,1986.0,cancers,9662.69819336453,8423.890310944367,10901.50607578469
Adolescent: 0.5 coverage,1986.0,cancers,9662.698151830276,8423.890283254867,10901.506020405686
Adolescent: 0.5 coverage,1986.0,cancers,6937.321259075841,6194.036629305948,7680.605888845734
Adolescent: 0.5 coverage,1987.0,cancers,9043.293705286804,6689.559660440207,11397.027750133399
Adolescent: 0.5 coverage,1987.0,cancers,8919.413217475872,6441.79846330234,11397.027971649406
Adolescent: 0.5 coverage,1987.0,cancers,9043.294314455825,8671.65217263026,9414.93645628139
Adolescent: 0.5 coverage,1987.0,cancers,9291.055622351698,8671.652504904272,9910.458739799122
Adolescent: 0.5 coverage,1988.0,cancers,9538.817359434834,7928.367529015617,11149.267189854052
Adolescent: 0.5 coverage,1988.0,cancers,7680.605944224735,5946.275210652072,9414.936677797397
Adolescent: 0.5 coverage,1988.0,cancers,7556.724971847538,6937.321494436599,8176.1284492584755
Adolescent: 0.5 coverage,1988.0,cancers,10653.744269477798,9662.698124140776,11644.79041481482
Adolescent: 0.5 coverage,1989.0,cancers,8671.651397324233,8176.128393879473,9167.17440076899
Adolescent: 0.5 coverage,1989.0,cancers,9167.174636129748,8176.128393879473,10158.220878380025
Adolescent: 0.5 coverage,1989.0,cancers,11520.908860958101,11397.02752861739,11644.790193298813
Adolescent: 0.5 coverage,1989.0,cancers,9291.056065383713,8919.41395124765,9662.698179519777
Adolescent: 0.5 coverage,1990.0,cancers,10529.863186342596,8423.890061738859,12635.836310946333
Adolescent: 0.5 coverage,1990.0,cancers,8423.88986791235,7432.844110228343,9414.935625596358
Adolescent: 0.5 coverage,1990.0,cancers,9291.055788488704,7185.082497747961,11397.029079229447
Adolescent: 0.5 coverage,1990.0,cancers,9167.17440076899,7185.082940779977,11149.265860758003
Adolescent: 0.5 coverage,1991.0,cancers,10529.863463237605,9662.69795800377,11397.028968471443
Adolescent: 0.5 coverage,1991.0,cancers,11025.38630054536,9414.9367331764,12635.835867914318
Adolescent: 0.5 coverage,1991.0,cancers,9414.93642859189,9167.175674486038,9662.69718269774
Adolescent: 0.5 coverage,1991.0,cancers,8300.00962930693,5450.75240103382,11149.26685758004
Adolescent: 0.5 coverage,1992.0,cancers,9043.293871423808,8919.412677530603,9167.175065317015
Adolescent: 0.5 coverage,1992.0,cancers,8176.129155340752,7185.082553126962,9167.175757554542
Adolescent: 0.5 coverage,1992.0,cancers,9786.578404280448,9167.174511526995,10405.982297033901
Adolescent: 0.5 coverage,1992.0,cancers,10653.744186409294,10405.982518549908,10901.50585426868
Adolescent: 0.5 coverage,1993.0,cancers,10158.220573795514,9167.174290010986,11149.266857580042
Adolescent: 0.5 coverage,1993.0,cancers,9167.174677664001,8671.652061872257,9662.697293455745
Adolescent: 0.5 coverage,1993.0,cancers,7556.7250410712895,6441.79818640733,8671.65189573525
Adolescent: 0.5 coverage,1993.0,cancers,9910.459681242157,9910.459348968145,9910.460013516169
Adolescent: 0.5 coverage,1994.0,cancers,8176.129376856759,7928.36733518911,8423.891418524408
Adolescent: 0.5 coverage,1994.0,cancers,9167.175162230269,8671.651812666747,9662.69851179379
Adolescent: 0.5 coverage,1994.0,cancers,8671.651729598245,7928.366947536097,9414.936511660393
Adolescent: 0.5 coverage,1994.0,cancers,10034.340072139832,8671.651286566228,11397.028857713438
Adolescent: 0.5 coverage,1995.0,cancers,10529.862189520558,6937.321051404582,14122.403327636535
Adolescent: 0.5 coverage,1995.0,cancers,9910.459293589141,9662.698068761774,10158.22051841651
Adolescent: 0.5 coverage,1995.0,cancers,11149.266414548027,9167.174179252983,13131.358649843069
Adolescent: 0.5 coverage,1995.0,cancers,8176.128560016479,7432.844387123354,8919.412732909605
Adolescent: 0.5 coverage,1996.0,cancers,10529.863366324353,9910.459653552656,11149.26707909605
Adolescent: 0.5 coverage,1996.0,cancers,11520.909442437622,9910.459681242155,13131.359203633088
Adolescent: 0.5 coverage,1996.0,cancers,12016.432501261383,9662.698567172793,14370.166435349973
Adolescent: 0.5 coverage,1996.0,cancers,10653.74379875628,10405.982186275896,10901.505411236663
Adolescent: 0.5 coverage,1997.0,cancers,11644.790525572826,11149.267079096051,12140.3139720496
Adolescent: 0.5 coverage,1997.0,cancers,10282.101809222971,8671.652089561758,11892.551528884185
Adolescent: 0.5 coverage,1997.0,cancers,10034.34001676083,9662.69773648776,10405.982297033901
Adolescent: 0.5 coverage,1997.0,cancers,10777.624646530723,10158.22129372254,11397.027999338907
Adolescent: 0.5 coverage,1998.0,cancers,10034.33973986582,8176.128615395481,11892.55086433616
Adolescent: 0.5 coverage,1998.0,cancers,8795.532563527937,7680.605501192718,9910.459625863155
Adolescent: 0.5 coverage,1998.0,cancers,8052.247726086785,7185.082497747959,8919.412954425612
Adolescent: 0.5 coverage,1998.0,cancers,9043.294314455827,7928.368110495139,10158.220518416512
Adolescent: 0.5 coverage,1999.0,cancers,10777.624688064974,10653.74462944131,10901.504746688639
Adolescent: 0.5 coverage,1999.0,cancers,11520.909027095107,9662.697514971753,13379.120539218462
Adolescent: 0.5 coverage,1999.0,cancers,10529.863753977366,9414.936871623906,11644.790636330828
Adolescent: 0.5 coverage,1999.0,cancers,10653.743909514285,8423.890172496864,12883.597646531707
Adolescent: 0.5 coverage,2000.0,cancers,11025.384916070307,8423.890061738859,13626.879770401756
Adolescent: 0.5 coverage,2000.0,cancers,10529.863657064114,9414.936511660393,11644.790802467835
Adolescent: 0.5 coverage,2000.0,cancers,10282.101795378221,10158.221515238549,10405.982075517893
Adolescent: 0.5 coverage,2000.0,cancers,10529.862604863074,10405.982297033901,10653.742912692247
Adolescent: 0.5 coverage,2001.0,cancers,10158.221182964537,8176.129169185502,12140.313196743571
Adolescent: 0.5 coverage,2001.0,cancers,13379.119846980935,12635.835923293318,14122.403770668552
Adolescent: 0.5 coverage,2001.0,cancers,9910.459653552656,8919.414338900664,10901.504968204648
Adolescent: 0.5 coverage,2001.0,cancers,11644.789694887793,11644.789196476775,11644.790193298812
Adolescent: 0.5 coverage,2002.0,cancers,10901.505245099659,9910.459072073136,11892.55141812618
Adolescent: 0.5 coverage,2002.0,cancers,10777.624549617469,8671.65189573525,12883.597203499688
Adolescent: 0.5 coverage,2002.0,cancers,9910.459016694133,9414.936068628376,10405.981964759889
Adolescent: 0.5 coverage,2002.0,cancers,10901.505577373668,9414.93595787037,12388.075196876967
Adolescent: 0.5 coverage,2003.0,cancers,11149.266386858522,8919.413563594635,13379.11921012241
Adolescent: 0.5 coverage,2003.0,cancers,12264.194030673263,11892.551750400193,12635.836310946333
Adolescent: 0.5 coverage,2003.0,cancers,10405.9822693444,9662.697238076742,11149.267300612059
Adolescent: 0.5 coverage,2003.0,cancers,9043.294009871315,7680.6058334667305,10405.982186275898
Adolescent: 0.5 coverage,2004.0,cancers,10777.624826512481,10405.982961581925,11149.266691443036
Adolescent: 0.5 coverage,2004.0,cancers,9167.174649974499,8919.413231320623,9414.936068628376
Adolescent: 0.5 coverage,2004.0,cancers,12016.432196676873,11892.551861158197,12140.312532195547
Adolescent: 0.5 coverage,2004.0,cancers,10529.863269411098,9414.936567039395,11644.789971782802
Adolescent: 0.5 coverage,2005.0,cancers,11520.908860958101,11149.266746822039,11892.550975094164
Adolescent: 0.5 coverage,2005.0,cancers,10901.50530047866,8919.413342078627,12883.597258878692
Adolescent: 0.5 coverage,2005.0,cancers,11520.909414748121,10901.505632752673,12140.31319674357
Adolescent: 0.5 coverage,2005.0,cancers,10777.624604996472,10158.221293722541,11397.027916270403
Adolescent: 0.5 coverage,2006.0,cancers,13503.000210189111,11397.028968471444,15608.971451906778
Adolescent: 0.5 coverage,2006.0,cancers,10282.101435414708,9167.174760732503,11397.028110096911
Adolescent: 0.5 coverage,2006.0,cancers,11149.266636064032,10901.505411236663,11397.027860891401
Adolescent: 0.5 coverage,2006.0,cancers,10405.982809289671,8919.414200453159,11892.551418126182
Adolescent: 0.5 coverage,2007.0,cancers,12016.431753644854,11644.789750266797,12388.073757022914
Adolescent: 0.5 coverage,2007.0,cancers,14122.404989006594,12635.836310946332,15608.973667066857
Adolescent: 0.5 coverage,2007.0,cancers,12264.19397529426,10653.744407925302,13874.64354266322
Adolescent: 0.5 coverage,2007.0,cancers,13007.477442105112,10901.505549684169,15113.449334526053
Adolescent: 0.5 coverage,2008.0,cancers,10282.102196875985,8423.891418524408,12140.312975227562
Adolescent: 0.5 coverage,2008.0,cancers,15361.21210996548,14865.690546374773,15856.733673556184
Adolescent: 0.5 coverage,2008.0,cancers,12511.95525550063,12388.074532328941,12635.835978672321
Adolescent: 0.5 coverage,2008.0,cancers,10901.50563275267,10405.982407791904,11397.028857713438
Adolescent: 0.5 coverage,2009.0,cancers,10901.505978871435,10405.982961581925,11397.028996160945
Adolescent: 0.5 coverage,2009.0,cancers,12264.193753778254,11149.26707909605,13379.120428460457
Adolescent: 0.5 coverage,2009.0,cancers,11149.266746822037,9414.936068628376,12883.597425015698
Adolescent: 0.5 coverage,2009.0,cancers,13874.6430442522,12635.835314124295,15113.450774380104
Adolescent: 0.5 coverage,2010.0,cancers,12016.432418192879,11149.267411370061,12883.597425015696
Adolescent: 0.5 coverage,2010.0,cancers,11273.148079162747,10405.982961581925,12140.31319674357
Adolescent: 0.5 coverage,2010.0,cancers,11025.386245166355,10901.505632752673,11149.26685758004
Adolescent: 0.5 coverage,2010.0,cancers,15485.092279347147,15113.451217412121,15856.733341282172
Adolescent: 0.5 coverage,2011.0,cancers,13750.760825847457,13626.879770401756,13874.641881293159
Adolescent: 0.5 coverage,2011.0,cancers,12264.193643020248,12140.312642953548,12388.074643086948
Adolescent: 0.5 coverage,2011.0,cancers,11025.385995960845,8671.65189573525,13379.120096186443
Adolescent: 0.5 coverage,2011.0,cancers,12759.716231122491,10158.220906069526,15361.211556175456
Adolescent: 0.5 coverage,2012.0,cancers,10653.744020272288,9662.698511793791,11644.789528750785
Adolescent: 0.5 coverage,2012.0,cancers,14617.927438661334,12388.073978538923,16847.780898783745
Adolescent: 0.5 coverage,2012.0,cancers,13626.88181942483,13379.120649976465,13874.642988873198
Adolescent: 0.5 coverage,2012.0,cancers,13131.358151432049,10158.221515238549,16104.494787625548
Adolescent: 0.5 coverage,2013.0,cancers,13503.001096253141,12140.312864469557,14865.689328036728
Adolescent: 0.5 coverage,2013.0,cancers,14494.046383215635,11397.028968471444,17591.063797959825
Adolescent: 0.5 coverage,2013.0,cancers,13750.761601153485,12635.835314124295,14865.687888182674
Adolescent: 0.5 coverage,2013.0,cancers,14865.689604931737,13626.882207077846,16104.497002785629
Adolescent: 0.5 coverage,2014.0,cancers,16104.495175278564,14865.68932803673,17343.301022520398
Adolescent: 0.5 coverage,2014.0,cancers,13007.478314324393,12883.5974250157,13131.359203633087
Adolescent: 0.5 coverage,2014.0,cancers,16352.257286169965,16104.496892027626,16600.017680312303
Adolescent: 0.5 coverage,2014.0,cancers,14370.165770801948,13131.358760601071,15608.972781002827
Adolescent: 0.5 coverage,2015.0,cancers,14122.40368760005,12883.597258878694,15361.210116321405
Adolescent: 0.5 coverage,2015.0,cancers,17095.540296104045,14370.164663221905,19820.915928986185
Adolescent: 0.5 coverage,2015.0,cancers,14865.688552730699,14370.166213833963,15361.210891627434
Adolescent: 0.5 coverage,2015.0,cancers,14246.28395389497,10405.982075517893,18086.58583227205
Adolescent: 0.5 coverage,2016.0,cancers,16476.138784647683,14122.405432038613,18829.872137256752
Adolescent: 0.5 coverage,2016.0,cancers,14617.926774113308,13874.643431905215,15361.210116321403
Adolescent: 0.5 coverage,2016.0,cancers,14494.04732465867,13131.358871359074,15856.735777958263
Adolescent: 0.5 coverage,2016.0,cancers,14246.285103009262,13131.359092875084,15361.211113143441
Adolescent: 0.5 coverage,2017.0,cancers,13626.880490328782,9414.9367331764,17838.824247481163
Adolescent: 0.5 coverage,2017.0,cancers,15732.853227279506,15608.972227212806,15856.734227346204
Adolescent: 0.5 coverage,2017.0,cancers,15113.449334526049,12635.836200188327,17591.062468863773
Adolescent: 0.5 coverage,2017.0,cancers,19820.916704292216,17343.301687068422,22298.53172151601
Adolescent: 0.5 coverage,2018.0,cancers,15856.733895072191,14865.689549552735,16847.778240591648
Adolescent: 0.5 coverage,2018.0,cancers,15361.210725490428,15361.21022707941,15361.211223901446
Adolescent: 0.5 coverage,2018.0,cancers,17838.825078166195,16600.018344860327,19077.631811472063
Adolescent: 0.5 coverage,2018.0,cancers,13998.524376592912,13626.88231783585,14370.166435349973
Adolescent: 0.5 coverage,2019.0,cancers,14989.568306769852,12388.073701643913,17591.06291189579
Adolescent: 0.5 coverage,2019.0,cancers,16723.899566443033,15608.973777824864,17838.825355061206
Adolescent: 0.5 coverage,2019.0,cancers,15361.211943828472,15113.449334526053,15608.974553130893
Adolescent: 0.5 coverage,2019.0,cancers,15113.44983293707,14865.689438794732,15361.21022707941
Adolescent: 0.5 coverage,2020.0,cancers,14617.927175611076,13379.120456149958,15856.733895072191
Adolescent: 0.5 coverage,2020.0,cancers,15608.972781002827,15361.211223901446,15856.734338104208
Adolescent: 0.5 coverage,2020.0,cancers,16971.659517553355,16104.495009141556,17838.824025965154
Adolescent: 0.5 coverage,2020.0,cancers,18829.872137256752,16600.01978471438,21059.724489799122
Adolescent: 0.5 coverage,2021.0,cancers,17467.183130167137,17343.30290540647,17591.063354927806
Adolescent: 0.5 coverage,2021.0,cancers,15608.974027030374,15361.212829892505,15856.735224168242
Adolescent: 0.5 coverage,2021.0,cancers,18582.109915607343,15856.733895072191,21307.485936142497
Adolescent: 0.5 coverage,2021.0,cancers,17219.421185412742,15856.733562798181,18582.108808027304
Adolescent: 0.5 coverage,2022.0,cancers,17467.183573199156,15113.450774380106,19820.916372018204
Adolescent: 0.5 coverage,2022.0,cancers,15856.734836515227,14617.926552597302,17095.54312043315
Adolescent: 0.5 coverage,2022.0,cancers,15732.852728868487,15361.210891627434,16104.49456610954
Adolescent: 0.5 coverage,2022.0,cancers,16104.495396794573,14865.689328036728,17343.301465552417
Adolescent: 0.5 coverage,2023.0,cancers,17838.824302860165,17343.3011332784,18334.347472441932
Adolescent: 0.5 coverage,2023.0,cancers,20935.84268673689,19077.63120230304,22794.054171170745
Adolescent: 0.5 coverage,2023.0,cancers,18829.87130657172,16847.77990196171,20811.96271118173
Adolescent: 0.5 coverage,2023.0,cancers,17962.705690579878,17838.825576577212,18086.585804582544
Adolescent: 0.5 coverage,2024.0,cancers,16104.495729068583,15608.974442372888,16600.01701576428
Adolescent: 0.5 coverage,2024.0,cancers,17838.82546581921,16104.49667051162,19573.1542611268
Adolescent: 0.5 coverage,2024.0,cancers,18334.34902305399,18086.58890580666,18582.109140301316
Adolescent: 0.5 coverage,2024.0,cancers,17467.183213235643,15361.211223901446,19573.155202569837
Adolescent: 0.5 coverage,2025.0,cancers,16352.25745230697,15113.450885138109,17591.06401947583
Adolescent: 0.5 coverage,2025.0,cancers,16228.375787692246,15361.211666933463,17095.53990845103
Adolescent: 0.5 coverage,2025.0,cancers,20811.962877318736,19573.15559022285,22050.770164414625
Adolescent: 0.5 coverage,2025.0,cancers,21183.606375929852,21059.72559737916,21307.487154480543
Adolescent: 0.5 coverage,2026.0,cancers,19449.27425788214,19077.632365262085,19820.916150502195
Adolescent: 0.5 coverage,2026.0,cancers,19820.91653815521,19325.394033121465,20316.43904318895
Adolescent: 0.5 coverage,2026.0,cancers,21431.366825451194,20068.678704425613,22794.054946476776
Adolescent: 0.5 coverage,2026.0,cancers,18086.586358372566,17838.824801271185,18334.347915473947
Adolescent: 0.5 coverage,2027.0,cancers,21059.72421290411,19820.91714732423,22298.531278483988
Adolescent: 0.5 coverage,2027.0,cancers,21183.604991454802,21059.724268283113,21307.48571462649
Adolescent: 0.5 coverage,2027.0,cancers,18705.990361884025,17838.825133545197,19573.15559022285
Adolescent: 0.5 coverage,2027.0,cancers,20564.20109870135,20564.20060029033,20564.20159711237
Adolescent: 0.5 coverage,2028.0,cancers,17095.540794515065,16352.256455484934,17838.825133545197
Adolescent: 0.5 coverage,2028.0,cancers,19201.514528287826,16352.258116854993,22050.770939720656
Adolescent: 0.5 coverage,2028.0,cancers,22422.414382952767,22050.772490332714,22794.056275572824
Adolescent: 0.5 coverage,2028.0,cancers,20935.84360049043,20068.6783721516,21803.008828829254
Adolescent: 0.5 coverage,2029.0,cancers,18829.871749603735,18086.58746595261,19573.156033254865
Adolescent: 0.5 coverage,2029.0,cancers,18458.22902629865,18086.586801404585,18829.87125119272
Adolescent: 0.5 coverage,2029.0,cancers,18334.34858002197,18086.587133678593,18582.11002636535
Adolescent: 0.5 coverage,2029.0,cancers,22298.532330685033,20564.202150902387,24032.862510467676
Adolescent: 0.5 coverage,2030.0,cancers,20440.320707803672,19573.156808560896,21307.48460704645
Adolescent: 0.5 coverage,2030.0,cancers,22422.41316461472,20316.440926075018,24528.385403154425
Adolescent: 0.5 coverage,2030.0,cancers,22794.054891097774,19573.155479464847,26014.9543027307
Adolescent: 0.5 coverage,2030.0,cancers,21555.24721634887,20068.678704425613,23041.815728272126
Adolescent: 0.5 coverage,2031.0,cancers,20811.962268149713,20316.439043188948,21307.485493110482
Adolescent: 0.5 coverage,2031.0,cancers,22298.531389241994,16847.77857286566,27749.284205618333
Adolescent: 0.5 coverage,2031.0,cancers,22670.174777095108,19573.15614401287,25767.193410177344
Adolescent: 0.5 coverage,2031.0,cancers,22174.650887586315,22050.77049668864,22298.53127848399
Adolescent: 0.5 coverage,2032.0,cancers,21555.247604001885,20316.440372284997,22794.054835718773
Adolescent: 0.5 coverage,2032.0,cancers,23041.817001989177,20316.44070455901,25767.19329941934
Adolescent: 0.5 coverage,2032.0,cancers,22917.934672826425,21555.246274905832,24280.623070747017
Adolescent: 0.5 coverage,2032.0,cancers,21679.12716421453,20316.439043188948,23041.81528524011
Adolescent: 0.5 coverage,2033.0,cancers,18334.347361683926,17838.82435823917,18829.870365128685
Adolescent: 0.5 coverage,2033.0,cancers,22174.650887586315,21555.247382485875,22794.054392686754
Adolescent: 0.5 coverage,2033.0,cancers,21926.889496621938,21307.484939320464,22546.294053923415
Adolescent: 0.5 coverage,2033.0,cancers,20688.08143422002,20068.677486087567,21307.485382352475
Adolescent: 0.5 coverage,2034.0,cancers,23908.981842674984,22546.293721649403,25271.66996370057
Adolescent: 0.5 coverage,2034.0,cancers,25147.78924052888,23041.816946610175,27253.761534447585
Adolescent: 0.5 coverage,2034.0,cancers,23908.98195343299,23041.816392820154,24776.147514045828
Adolescent: 0.5 coverage,2034.0,cancers,22298.531832274013,22050.770939720656,22546.292724827366
Adolescent: 0.5 coverage,2035.0,cancers,23908.981787295983,20564.20137559636,27253.76219899561
Adolescent: 0.5 coverage,2035.0,cancers,22670.174444821096,21803.008828829254,23537.340060812934
Adolescent: 0.5 coverage,2035.0,cancers,23785.100288818267,23289.577728405526,24280.622849231007
Adolescent: 0.5 coverage,2035.0,cancers,23289.57817143754,22298.531943032016,24280.62439984307
Adolescent: 0.5 coverage,2036.0,cancers,22917.934949721435,22546.293500133397,23289.576399309477
Adolescent: 0.5 coverage,2036.0,cancers,21183.60465918079,20316.439707736972,22050.769610624604
Adolescent: 0.5 coverage,2036.0,cancers,23413.45889460923,18086.585804582544,28740.331984635915
Adolescent: 0.5 coverage,2036.0,cancers,27253.761645205588,26014.954081214688,28492.56920919649
Adolescent: 0.5 coverage,2037.0,cancers,25519.432019212967,23289.578946743568,27749.285091682363
Adolescent: 0.5 coverage,2037.0,cancers,23289.57761764752,22546.29294634338,24032.862288951663
Adolescent: 0.5 coverage,2037.0,cancers,26014.953638182677,25767.19152729127,26262.71574907408
Adolescent: 0.5 coverage,2037.0,cancers,26882.119475690524,23785.100621092282,29979.138330288766
Adolescent: 0.5 coverage,2038.0,cancers,25023.907520535155,21307.485271594473,28740.329769475833
Adolescent: 0.5 coverage,2038.0,cancers,25891.074299486037,22546.293721649407,29235.85487732267
Adolescent: 0.5 coverage,2038.0,cancers,26510.476143216412,23289.5771746155,29731.375111817324
Adolescent: 0.5 coverage,2038.0,cancers,26138.83480438638,24776.146849497803,27501.522759274958
Adolescent: 0.5 coverage,2039.0,cancers,20440.320707803672,19820.91714732423,21059.724268283113
Adolescent: 0.5 coverage,2039.0,cancers,25767.192413355304,25519.42985943189,26014.95496727872
Adolescent: 0.5 coverage,2039.0,cancers,24156.743898187386,21307.48660069052,27006.00119568425
Adolescent: 0.5 coverage,2039.0,cancers,24032.8631750157,23537.339174748904,24528.387175282493
Adolescent: 0.5 coverage,2040.0,cancers,25519.431686938955,22546.293943165412,28492.569430712498
Adolescent: 0.5 coverage,2040.0,cancers,27501.523534580985,26510.477416933463,28492.569652228503
Adolescent: 0.5 coverage,2040.0,cancers,29731.37638553437,27749.284316376335,31713.468454692407
Adolescent: 0.5 coverage,2040.0,cancers,24280.62318150502,23041.81473145009,25519.43163155995
Adolescent: 0.5 coverage,2041.0,cancers,26386.596804519777,25519.432074591972,27253.76153444758
Adolescent: 0.5 coverage,2041.0,cancers,24900.0277388065,22050.771493510674,27749.283984102323
Adolescent: 0.5 coverage,2041.0,cancers,27625.403537825645,27006.000088104207,28244.806987547083
Adolescent: 0.5 coverage,2041.0,cancers,27625.40447926868,25519.43096701193,29731.37799152543
Adolescent: 0.5 coverage,2042.0,cancers,27749.284094860326,26014.953195150658,29483.614994569998
Adolescent: 0.5 coverage,2042.0,cancers,25643.31257624765,23041.816060546138,28244.80909194916
Adolescent: 0.5 coverage,2042.0,cancers,25891.074244107036,22794.055278750788,28988.093209463284
Adolescent: 0.5 coverage,2042.0,cancers,23289.57866984856,20316.43959697897,26262.71774271815
Adolescent: 0.5 coverage,2043.0,cancers,28120.92809188246,27749.284870166353,28492.571313598568
Adolescent: 0.5 coverage,2043.0,cancers,27501.523866854994,25767.19363169335,29235.854102016638
Adolescent: 0.5 coverage,2043.0,cancers,26014.95518879473,24528.38518163842,27501.525195951042
Adolescent: 0.5 coverage,2043.0,cancers,23785.10062109228,21059.72415752511,26510.47708465945
Adolescent: 0.5 coverage,2044.0,cancers,24156.74362129237,22794.054503444757,25519.43273913999
Adolescent: 0.5 coverage,2044.0,cancers,21431.36892985327,19325.398020409615,23537.33983929693
Adolescent: 0.5 coverage,2044.0,cancers,26758.23875251884,25767.192634871317,27749.284870166357
Adolescent: 0.5 coverage,2044.0,cancers,27749.285423956375,25767.193742451356,29731.377105461397
Adolescent: 0.5 coverage,2045.0,cancers,22298.531610758004,20811.962821939735,23785.100399576273
Adolescent: 0.5 coverage,2045.0,cancers,26510.477527691466,26510.476973901445,26510.478081481484
Adolescent: 0.5 coverage,2045.0,cancers,25767.19368707235,25767.193631693353,25767.193742451353
Adolescent: 0.5 coverage,2045.0,cancers,27253.763361954654,25767.193299419338,28740.333424489967
Adolescent: 0.5 coverage,2046.0,cancers,25147.78868673886,24032.862067435657,26262.71530604206
Adolescent: 0.5 coverage,2046.0,cancers,26882.1188665215,24776.146627981794,28988.091105061205
Adolescent: 0.5 coverage,2046.0,cancers,23661.220008678596,21307.486157658506,26014.953859698682
Adolescent: 0.5 coverage,2046.0,cancers,27873.16625788607,26510.47763844947,29235.85487732267
Adolescent: 0.5 coverage,2047.0,cancers,25519.431410043944,24280.62373529504,26758.239084792847
Adolescent: 0.5 coverage,2047.0,cancers,27253.760980657564,26014.95496727872,28492.566994036402
Adolescent: 0.5 coverage,2047.0,cancers,24280.624565980073,22546.2936108914,26014.955521068747
Adolescent: 0.5 coverage,2047.0,cancers,26510.4783583765,25023.908849631203,27997.047867121793
Adolescent: 0.5 coverage,2048.0,cancers,24776.146517223795,21555.246717937855,27997.04631650973
Adolescent: 0.5 coverage,2048.0,cancers,30474.660226153486,27997.043879833644,32952.27657247333
Adolescent: 0.5 coverage,2048.0,cancers,25519.431465422946,25519.431188527935,25519.431742317956
Adolescent: 0.5 coverage,2048.0,cancers,27253.761922100603,27006.000531136226,27501.523313064976
Adolescent: 0.5 coverage,2049.0,cancers,28492.569098438486,27749.284870166357,29235.85332671061
Adolescent: 0.5 coverage,2049.0,cancers,27997.04692567876,25519.431410043948,30474.66244131357
Adolescent: 0.5 coverage,2049.0,cancers,26634.357918589143,24528.384960122414,28740.330877055872
Adolescent: 0.5 coverage,2049.0,cancers,27253.762309753612,25519.432296107974,28988.09232339925
Adolescent: 0.5 coverage,2050.0,cancers,25891.074022591027,25767.193742451353,26014.954302730697
Adolescent: 0.5 coverage,2050.0,cancers,24280.62323688402,22298.530835451973,26262.715638316073
Adolescent: 0.5 coverage,2050.0,cancers,31589.588174552737,28492.570981324556,34686.60536778092
Adolescent: 0.5 coverage,2050.0,cancers,26014.953638182677,23537.339174748904,28492.568101616445
Adolescent: 0.5 coverage,2051.0,cancers,26510.477859965475,24280.623292263022,28740.332427667927
Adolescent: 0.5 coverage,2051.0,cancers,26510.475644805396,22298.53127848399,30722.4200111268
Adolescent: 0.5 coverage,2051.0,cancers,24404.50467998274,23289.57817143754,25519.43118852794
Adolescent: 0.5 coverage,2051.0,cancers,23289.577839163532,21307.486600690525,25271.669077636536
Adolescent: 0.5 coverage,2052.0,cancers,29607.496493047714,28492.570095260522,30722.422890834907
Adolescent: 0.5 coverage,2052.0,cancers,27377.64181458726,27005.999202040177,27749.28442713434
Adolescent: 0.5 coverage,2052.0,cancers,30226.89933360013,27253.762642027625,33200.03602517263
Adolescent: 0.5 coverage,2052.0,cancers,26634.358029347146,26510.477195417454,26758.238863276838
Adolescent: 0.5 coverage,2053.0,cancers,28492.569652228503,26014.954302730697,30970.18500172631
Adolescent: 0.5 coverage,2053.0,cancers,27377.642036103265,27253.761534447585,27501.522537758945
Adolescent: 0.5 coverage,2053.0,cancers,28492.56832313245,26510.477859965475,30474.65878629943
Adolescent: 0.5 coverage,2053.0,cancers,26386.59636148776,23289.578392953546,29483.61433002197
Adolescent: 0.5 coverage,2054.0,cancers,29979.138330288766,27501.522537758945,32456.754122818587
Adolescent: 0.5 coverage,2054.0,cancers,27005.999534314185,25519.431188527935,28492.567880100436
Adolescent: 0.5 coverage,2054.0,cancers,25891.072638115977,24032.862510467676,27749.282765764277
Adolescent: 0.5 coverage,2054.0,cancers,22670.17505399012,20811.96404027778,24528.386067702453
Adolescent: 0.5 coverage,2055.0,cancers,25147.789905076905,22794.055943298812,27501.523866854994
Adolescent: 0.5 coverage,2055.0,cancers,26510.477915344483,25271.670517490587,27749.285313198376
Adolescent: 0.5 coverage,2055.0,cancers,26634.357143283116,25767.192856387323,27501.521430178906
Adolescent: 0.5 coverage,2055.0,cancers,29235.85221913057,28492.568987680483,29979.13545058066
Adolescent: 0.5 coverage,2056.0,cancers,24032.8632857737,23289.57850371155,24776.14806783585
Adolescent: 0.5 coverage,2056.0,cancers,24900.027018879475,24280.623070747017,25519.43096701193
Adolescent: 0.5 coverage,2056.0,cancers,23785.10172867232,23537.340282328943,24032.863175015696
Adolescent: 0.5 coverage,2056.0,cancers,24528.385070880417,23537.340282328943,25519.429859431886
Adolescent: 0.5 coverage,2057.0,cancers,26262.71530604206,24528.384960122414,27997.045651961707
Adolescent: 0.5 coverage,2057.0,cancers,28120.924713763336,27997.04432286566,28244.805104661013
Adolescent: 0.5 coverage,2057.0,cancers,24528.384627848398,22794.055500266793,26262.713755430002
Adolescent: 0.5 coverage,2057.0,cancers,25271.66974218456,24280.62439984307,26262.71508452605
Adolescent: 0.5 coverage,2058.0,cancers,25643.311081014595,24032.862288951663,27253.759873077524
Adolescent: 0.5 coverage,2058.0,cancers,28244.80587996704,23537.33828868487,32952.27347124921
Adolescent: 0.5 coverage,2058.0,cancers,24652.26435419805,24032.861735161645,25271.666973234456
Adolescent: 0.5 coverage,2058.0,cancers,29483.612779409916,27253.75843322347,31713.46712559636
Adolescent: 0.5 coverage,2059.0,cancers,24032.861070613617,22298.531943032016,25767.19019819522
Adolescent: 0.5 coverage,2059.0,cancers,26510.477583070468,22298.531389241994,30722.42377689894
Adolescent: 0.5 coverage,2059.0,cancers,25271.669520668547,25271.669409910548,25271.66963142655
Adolescent: 0.5 coverage,2059.0,cancers,28120.927150439427,27253.762863543634,28988.091437335217
Adolescent: 0.5 coverage,2060.0,cancers,25023.908074325176,24280.62395681105,25767.192191839298
Adolescent: 0.5 coverage,2060.0,cancers,28244.80687678908,26758.238641760832,29731.375111817328
Adolescent: 0.5 coverage,2060.0,cancers,25767.190973501252,24776.144191305706,26758.2377556968
Adolescent: 0.5 coverage,2060.0,cancers,27377.642257619274,25519.430080947895,29235.854434290653
Adolescent: 0.5 coverage,2061.0,cancers,30970.181678986184,29731.37311817325,32208.99023979912
Adolescent: 0.5 coverage,2061.0,cancers,26014.952641360636,25023.907188261142,27005.998094460134
Adolescent: 0.5 coverage,2061.0,cancers,24032.86195667765,21803.009493377278,26262.714419978023
Adolescent: 0.5 coverage,2061.0,cancers,28492.567104794412,27997.044987413683,28988.08922217514
Adolescent: 0.5 coverage,2062.0,cancers,25147.787634537817,24032.86217819366,26262.713090881978
Adolescent: 0.5 coverage,2062.0,cancers,25395.551240662277,24528.385846186444,26262.71663513811
Adolescent: 0.5 coverage,2062.0,cancers,26510.474537225353,25023.905748407087,27997.04332604362
Adolescent: 0.5 coverage,2062.0,cancers,29359.732886923255,23785.098959722214,34934.366814124296
Adolescent: 0.5 coverage,2063.0,cancers,27501.520821009883,27501.520101082853,27501.521540936912
Adolescent: 0.5 coverage,2063.0,cancers,28616.447495692086,26758.23753418079,30474.657457203382
Adolescent: 0.5 coverage,2063.0,cancers,27129.879925211862,23289.577728405522,30970.182122018203
Adolescent: 0.5 coverage,2063.0,cancers,27377.641260797238,27005.998537492153,27749.283984102323
Adolescent: 0.5 coverage,2064.0,cancers,27129.879759074858,26510.47686314344,27749.282655006275
Adolescent: 0.5 coverage,2064.0,cancers,26758.236814253763,26758.236537358753,26758.237091148774
Adolescent: 0.5 coverage,2064.0,cancers,25519.42985943189,25271.667748540487,25767.19197032329
Adolescent: 0.5 coverage,2064.0,cancers,26386.595475423732,24528.38429557439,28244.80665527307
Adolescent: 0.5 coverage,2065.0,cancers,27005.998980524164,27005.998426734142,27005.999534314185
Adolescent: 0.5 coverage,2065.0,cancers,25395.548970123193,25023.908074325172,25767.18986592121
Adolescent: 0.5 coverage,2065.0,cancers,25271.669852942563,22298.533493644074,28244.806212241056
Adolescent: 0.5 coverage,2065.0,cancers,24900.024969856397,22546.291617247327,27253.758322465466
Adolescent: 0.5 coverage,2066.0,cancers,27129.878873010824,24528.383741784368,29731.37400423728
Adolescent: 0.5 coverage,2066.0,cancers,27129.87898376883,25519.42830881983,28740.329658717827
Adolescent: 0.5 coverage,2066.0,cancers,26510.475478668388,26262.713533913993,26758.237423422783
Adolescent: 0.5 coverage,2066.0,cancers,25519.4301917059,24528.385403154425,26510.47498025737
Adolescent: 0.5 coverage,2067.0,cancers,27501.521983968927,26262.713976946012,28740.329990991842
Adolescent: 0.5 coverage,2067.0,cancers,24652.265627915098,23537.34105763497,25767.190198195225
Adolescent: 0.5 coverage,2067.0,cancers,25147.786526957778,23785.098516690203,26510.474537225353
Adolescent: 0.5 coverage,2067.0,cancers,28740.328495758782,26014.952087570615,31465.704903946953
Adolescent: 0.5 coverage,2068.0,cancers,27625.404368510677,25519.43207459197,29731.376662429386
Adolescent: 0.5 coverage,2068.0,cancers,24776.146904876805,24280.624842875084,25271.66896687853
Adolescent: 0.5 coverage,2068.0,cancers,24156.742292196326,24032.861402887633,24280.62318150502
Adolescent: 0.5 coverage,2068.0,cancers,28616.448104861105,27501.521983968923,29731.37422575329
Adolescent: 0.5 coverage,2069.0,cancers,27129.878153083795,24528.382966478337,29731.373339689257
Adolescent: 0.5 coverage,2069.0,cancers,28244.806655273067,27501.523866854994,28988.089443691144
Adolescent: 0.5 coverage,2069.0,cancers,24404.504347708727,23537.33961778092,25271.669077636536
Adolescent: 0.5 coverage,2069.0,cancers,28244.805879967043,26758.23830948682,29731.373450447267
Adolescent: 0.5 coverage,2070.0,cancers,25519.430413221908,25023.906634471117,26014.954191972698
Adolescent: 0.5 coverage,2070.0,cancers,24032.86167978264,20811.962821939735,27253.76053762555
Adolescent: 0.5 coverage,2070.0,cancers,22174.650887586315,19820.91681505022,24528.384960122414
Adolescent: 0.5 coverage,2070.0,cancers,29235.850723897514,27501.51999032485,30970.18145747018
Adolescent: 0.5 coverage,2071.0,cancers,30722.42139560185,27501.523202306973,33943.31958889673
Adolescent: 0.5 coverage,2071.0,cancers,25519.42936102087,24776.145188127743,26262.713533913993
Adolescent: 0.5 coverage,2071.0,cancers,26138.83397370135,26014.952973634652,26262.714973768045
Adolescent: 0.5 coverage,2071.0,cancers,26138.834195217354,22546.293721649403,29731.374668785305
Adolescent: 0.5 coverage,2072.0,cancers,27005.998482113147,26014.951976812612,27997.044987413683
Adolescent: 0.5 coverage,2072.0,cancers,24404.50423695072,24280.623513779035,24528.38496012241
Adolescent: 0.5 coverage,2072.0,cancers,29359.7341052613,26510.476420111423,32208.99179041118
Adolescent: 0.5 coverage,2072.0,cancers,24032.863064257694,21059.725375863156,27006.00075265223
Adolescent: 0.5 coverage,2073.0,cancers,30103.017613606404,28492.566218730375,31713.469008482432
Adolescent: 0.5 coverage,2073.0,cancers,27501.523091548966,26758.23941706686,28244.806766031073
Adolescent: 0.5 coverage,2073.0,cancers,27749.284925545355,27749.284870166353,27749.28498092436
Adolescent: 0.5 coverage,2073.0,cancers,26758.238752518835,26510.478081481488,27005.999423556183
Adolescent: 0.5 coverage,2074.0,cancers,27501.52209472693,27005.999423556183,27997.044765897677
Adolescent: 0.5 coverage,2074.0,cancers,27005.999728140694,26014.95325052966,27997.04620575173
Adolescent: 0.5 coverage,2074.0,cancers,25395.550908388264,22050.770385930635,28740.331430845894
Adolescent: 0.5 coverage,2074.0,cancers,26510.477029280446,25519.431520801947,27501.52253775895
Adolescent: 0.5 coverage,2075.0,cancers,26262.715970590085,23289.578060679538,29235.853880500632
Adolescent: 0.5 coverage,2075.0,cancers,26510.47680776444,24776.145963433773,28244.807652095107
Adolescent: 0.5 coverage,2075.0,cancers,22546.292614069367,22050.7693891086,23041.815839030132
Adolescent: 0.5 coverage,2075.0,cancers,28740.329990991842,28740.32965871783,28740.33032326585
Adolescent: 0.5 coverage,2076.0,cancers,28616.44915706215,26510.477970723485,30722.420343400816
Adolescent: 0.5 coverage,2076.0,cancers,26510.47653086943,24032.861956677654,28988.091105061205
Adolescent: 0.5 coverage,2076.0,cancers,24652.265143348828,21307.485077767968,27997.045208929692
Adolescent: 0.5 coverage,2076.0,cancers,24156.74273522834,21803.008939587256,26510.47653086943
Adolescent: 0.5 coverage,2077.0,cancers,24032.86298118919,22546.29410930242,25519.431853075963
Adolescent: 0.5 coverage,2077.0,cancers,22422.41283234071,21555.247493243878,23289.57817143754
Adolescent: 0.5 coverage,2077.0,cancers,26386.59580769774,24776.14585267577,27997.04576271971
Adolescent: 0.5 coverage,2077.0,cancers,25395.550603803753,23041.817721916203,27749.283485691303
Adolescent: 0.5 coverage,2078.0,cancers,28864.21148946956,28740.330323265855,28988.092655673263
Adolescent: 0.5 coverage,2078.0,cancers,24156.74345515537,22298.532386064035,26014.954524246707
Adolescent: 0.5 coverage,2078.0,cancers,26138.8352474184,25271.670406732585,27006.00008810421
Adolescent: 0.5 coverage,2078.0,cancers,25891.07380107502,25023.90929266322,26758.23830948682
Adolescent: 0.5 coverage,2079.0,cancers,25519.43099470143,23289.577949921535,27749.284039481325
Adolescent: 0.5 coverage,2079.0,cancers,25643.31307465867,24776.14806783585,26510.478081481488
Adolescent: 0.5 coverage,2079.0,cancers,29359.73438215631,26758.23997085688,31961.228793455746
Adolescent: 0.5 coverage,2079.0,cancers,28120.92723350793,27997.04653802574,28244.807928990114
Adolescent: 0.5 coverage,2080.0,cancers,26262.715638316073,26014.953638182677,26510.47763844947
Adolescent: 0.5 coverage,2080.0,cancers,25023.907631293157,25023.907520535155,25023.90774205116
Adolescent: 0.5 coverage,2080.0,cancers,29359.734880567332,29235.85376974263,29483.615991392035
Adolescent: 0.5 coverage,2080.0,cancers,26510.476226284918,26262.71392156701,26758.238531002826
Adolescent: 0.5 coverage,2081.0,cancers,29111.971551337883,27749.283762586314,30474.659340089453
Adolescent: 0.5 coverage,2081.0,cancers,26758.237894144302,21059.72365911409,32456.752129174514
Adolescent: 0.5 coverage,2081.0,cancers,26634.35704636986,25023.907548224655,28244.806544515064
Adolescent: 0.5 coverage,2081.0,cancers,27253.761645205588,24528.386732250478,29979.136558160702
Adolescent: 0.5 coverage,2082.0,cancers,26758.23808797081,24776.146627981798,28740.329547959824
Adolescent: 0.5 coverage,2082.0,cancers,22422.41172476067,21803.00794276522,23041.81550675612
Adolescent: 0.5 coverage,2082.0,cancers,22174.651302928833,20811.963652624767,23537.338953232895
Adolescent: 0.5 coverage,2082.0,cancers,25395.55024384024,24280.62284923101,26510.47763844947
Adolescent: 0.5 coverage,2083.0,cancers,24156.74262447034,23537.339063990898,24776.146184949783
Adolescent: 0.5 coverage,2083.0,cancers,29483.614136195465,28988.0909389242,29979.13733346673
Adolescent: 0.5 coverage,2083.0,cancers,22794.055472577296,22546.294496955437,23041.816448199155
Adolescent: 0.5 coverage,2083.0,cancers,28740.329547959824,26262.71530604206,31217.943789877587
Adolescent: 0.5 coverage,2084.0,cancers,24776.14622648403,24280.623596847538,25271.668856120526
Adolescent: 0.5 coverage,2084.0,cancers,30103.017668985405,28988.091437335217,31217.94390063559
Adolescent: 0.5 coverage,2084.0,cancers,31465.70639918001,29979.137998014758,32952.27480034526
Adolescent: 0.5 coverage,2084.0,cancers,26882.118451178987,24528.383963300374,29235.8529390576
Adolescent: 0.5 coverage,2085.0,cancers,29731.37635784487,28492.569375333493,30970.18334035625
Adolescent: 0.5 coverage,2085.0,cancers,27749.283444157052,26510.47630935342,28988.090578960688
Adolescent: 0.5 coverage,2085.0,cancers,27005.999741985448,26510.47711234895,27501.52237162194
Adolescent: 0.5 coverage,2085.0,cancers,28492.568516958963,27005.999202040177,29979.13783187775
Adolescent: 0.5 coverage,2086.0,cancers,25767.19141653327,25023.90740977715,26510.475423289387
Adolescent: 0.5 coverage,2086.0,cancers,28368.68715692875,28244.805990725046,28492.568323132455
Adolescent: 0.5 coverage,2086.0,cancers,31217.94410830685,30474.660696875002,31961.227519738695
Adolescent: 0.5 coverage,2086.0,cancers,31713.46715328586,30722.420786432827,32704.51352013889
Adolescent: 0.5 coverage,2087.0,cancers,26138.83459671512,24528.38388023187,27749.285313198372
Adolescent: 0.5 coverage,2087.0,cancers,27997.044170573405,26262.713893877506,29731.3744472693
Adolescent: 0.5 coverage,2087.0,cancers,25767.191693428278,24528.38518163842,27005.99820521814
Adolescent: 0.5 coverage,2087.0,cancers,30598.53998019264,29235.852772920593,31961.227187464687
Adolescent: 0.5 coverage,2088.0,cancers,29359.73327457627,27749.283928723322,30970.18262042922
Adolescent: 0.5 coverage,2088.0,cancers,28244.80643375706,26510.475866321405,29979.13700119272
Adolescent: 0.5 coverage,2088.0,cancers,28988.091077371704,27997.04587347772,29979.13628126569
Adolescent: 0.5 coverage,2088.0,cancers,33819.43847807203,31465.70451629394,36173.172439850125
Adolescent: 0.5 coverage,2089.0,cancers,31217.943762188086,28988.090994303202,33447.79653007297
Adolescent: 0.5 coverage,2089.0,cancers,29855.255862678514,27501.52181783192,32208.98990752511
Adolescent: 0.5 coverage,2089.0,cancers,30474.659367778953,30226.89722919805,30722.421506359857
Adolescent: 0.5 coverage,2089.0,cancers,30103.016796766125,29483.61325013143,30722.420343400816
Adolescent: 0.5 coverage,2090.0,cancers,31094.062817500388,30722.42081412233,31465.704820878447
Adolescent: 0.5 coverage,2090.0,cancers,31341.824416136024,27005.99936817718,35677.649464094866
Adolescent: 0.5 coverage,2090.0,cancers,31465.70587307949,30722.421506359857,32208.99023979912
Adolescent: 0.5 coverage,2090.0,cancers,30226.897658385315,25519.429499468373,34934.365817302256
Adolescent: 0.5 coverage,2091.0,cancers,29607.494097905874,28244.80607379355,30970.182122018203
Adolescent: 0.5 coverage,2091.0,cancers,30103.017059816382,29731.37472416431,30474.659395468454
Adolescent: 0.5 coverage,2091.0,cancers,31341.8263544011,25271.66863460452,37411.98407419767
Adolescent: 0.5 coverage,2091.0,cancers,27501.521402489405,26510.475755563402,28492.567049415407
Adolescent: 0.5 coverage,2092.0,cancers,31217.943125329562,29483.61316706293,32952.2730835962
Adolescent: 0.5 coverage,2092.0,cancers,32704.511803389825,32456.750440114953,32952.2731666647
Adolescent: 0.5 coverage,2092.0,cancers,31341.823931569757,28988.090578960688,33695.55728417882
Adolescent: 0.5 coverage,2092.0,cancers,30474.659450847455,29979.136973503217,30970.181928191694
Adolescent: 0.5 coverage,2093.0,cancers,31961.227339756944,30970.18181743369,32952.27286208019
Adolescent: 0.5 coverage,2093.0,cancers,30598.53977252138,29979.1364750922,31217.94306995056
Adolescent: 0.5 coverage,2093.0,cancers,28988.09041282368,27005.99925741918,30970.18156822818
Adolescent: 0.5 coverage,2093.0,cancers,31837.346907325016,28740.329077238308,34934.36473741172
Adolescent: 0.5 coverage,2094.0,cancers,34686.60594926044,32208.989741388104,37164.22215713278
Adolescent: 0.5 coverage,2094.0,cancers,28988.091077371704,26758.23756187029,31217.94459287312
Adolescent: 0.5 coverage,2094.0,cancers,33943.320128842,32952.2731943542,34934.3670633298
Adolescent: 0.5 coverage,2094.0,cancers,35677.651291601935,33943.3185643852,37411.98401881867
Adolescent: 0.5 coverage,2095.0,cancers,31713.467817833887,28492.567797031934,34934.36783863584
Adolescent: 0.5 coverage,2095.0,cancers,29855.25543349125,29235.852302199073,30474.658564783425
Adolescent: 0.5 coverage,2095.0,cancers,31465.705665408233,30226.898309088592,32704.51302172787
Adolescent: 0.5 coverage,2095.0,cancers,32704.51257869586,29235.85224682007,36173.172910571644
Adolescent: 0.5 coverage,2096.0,cancers,30722.420731053826,27253.761146794568,34191.080315313084
Adolescent: 0.5 coverage,2096.0,cancers,32704.513367846634,30722.421174085845,34686.60556160742
Adolescent: 0.5 coverage,2096.0,cancers,32085.110582673224,28244.805963035546,35925.415202310905
Adolescent: 0.5 coverage,2096.0,cancers,33943.320391892266,32704.51302172787,35182.127762056654
Adolescent: 0.5 coverage,2097.0,cancers,34314.963738211125,32456.750717009963,36173.17675941229
Adolescent: 0.5 coverage,2097.0,cancers,29855.255502715,27749.282959590782,31961.228045839216
Adolescent: 0.5 coverage,2097.0,cancers,32332.870229199034,32208.989187598083,32456.751270799985
Adolescent: 0.5 coverage,2097.0,cancers,32208.989256821835,31465.704100951425,32952.27441269225
Adolescent: 0.5 coverage,2098.0,cancers,30722.42053722732,28988.08955444915,32456.75152000549
Adolescent: 0.5 coverage,2098.0,cancers,30970.181789744187,30722.420149574304,31217.943429914074
Adolescent: 0.5 coverage,2098.0,cancers,34934.365360425494,33200.03414228656,36668.69657856442
Adolescent: 0.5 coverage,2098.0,cancers,33571.6781946877,32952.2730005277,34191.0833888477
Adolescent: 0.5 coverage,2099.0,cancers,33571.67856849596,31961.228073528717,35182.1290634632
Adolescent: 0.5 coverage,2099.0,cancers,34067.20061665293,32456.750523183455,35677.65071012241
Adolescent: 0.5 coverage,2099.0,cancers,33447.79610088571,32704.512135663837,34191.08006610758
Adolescent: 0.5 coverage,2099.0,cancers,34438.84285539175,33943.318868969705,34934.3668418138
Adolescent: 0.5 coverage,2100.0,cancers,29607.49395945837,28988.090911234696,30226.897007682044
Adolescent: 0.5 coverage,1960.0,cancer_deaths,0.0,0.0,0.0
Adolescent: 0.5 coverage,1960.0,cancer_deaths,0.0,0.0,0.0
Adolescent: 0.5 coverage,1960.0,cancer_deaths,0.0,0.0,0.0
Adolescent: 0.5 coverage,1960.0,cancer_deaths,0.0,0.0,0.0
Adolescent: 0.5 coverage,1961.0,cancer_deaths,0.0,0.0,0.0
Adolescent: 0.5 coverage,1961.0,cancer_deaths,0.0,0.0,0.0
Adolescent: 0.5 coverage,1961.0,cancer_deaths,0.0,0.0,0.0
Adolescent: 0.5 coverage,1961.0,cancer_deaths,0.0,0.0,0.0
Adolescent: 0.5 coverage,1962.0,cancer_deaths,0.0,0.0,0.0
Adolescent: 0.5 coverage,1962.0,cancer_deaths,0.0,0.0,0.0
Adolescent: 0.5 coverage,1962.0,cancer_deaths,0.0,0.0,0.0
Adolescent: 0.5 coverage,1962.0,cancer_deaths,0.0,0.0,0.0
Adolescent: 0.5 coverage,1963.0,cancer_deaths,0.0,0.0,0.0
Adolescent: 0.5 coverage,1963.0,cancer_deaths,0.0,0.0,0.0
Adolescent: 0.5 coverage,1963.0,cancer_deaths,0.0,0.0,0.0
Adolescent: 0.5 coverage,1963.0,cancer_deaths,0.0,0.0,0.0
Adolescent: 0.5 coverage,1964.0,cancer_deaths,0.0,0.0,0.0
Adolescent: 0.5 coverage,1964.0,cancer_deaths,0.0,0.0,0.0
Adolescent: 0.5 coverage,1964.0,cancer_deaths,0.0,0.0,0.0
Adolescent: 0.5 coverage,1964.0,cancer_deaths,0.0,0.0,0.0
Adolescent: 0.5 coverage,1965.0,cancer_deaths,0.0,0.0,0.0
Adolescent: 0.5 coverage,1965.0,cancer_deaths,0.0,0.0,0.0
Adolescent: 0.5 coverage,1965.0,cancer_deaths,0.0,0.0,0.0
Adolescent: 0.5 coverage,1965.0,cancer_deaths,0.0,0.0,0.0
Adolescent: 0.5 coverage,1966.0,cancer_deaths,0.0,0.0,0.0
Adolescent: 0.5 coverage,1966.0,cancer_deaths,0.0,0.0,0.0
Adolescent: 0.5 coverage,1966.0,cancer_deaths,0.0,0.0,0.0
Adolescent: 0.5 coverage,1966.0,cancer_deaths,0.0,0.0,0.0
Adolescent: 0.5 coverage,1967.0,cancer_deaths,123.88073701643913,0.0,247.76147403287825
Adolescent: 0.5 coverage,1967.0,cancer_deaths,0.0,0.0,0.0
Adolescent: 0.5 coverage,1967.0,cancer_deaths,0.0,0.0,0.0
Adolescent: 0.5 coverage,1967.0,cancer_deaths,123.88073701643913,0.0,247.76147403287825
Adolescent: 0.5 coverage,1968.0,cancer_deaths,0.0,0.0,0.0
Adolescent: 0.5 coverage,1968.0,cancer_deaths,0.0,0.0,0.0
Adolescent: 0.5 coverage,1968.0,cancer_deaths,0.0,0.0,0.0
Adolescent: 0.5 coverage,1968.0,cancer_deaths,0.0,0.0,0.0
Adolescent: 0.5 coverage,1969.0,cancer_deaths,123.88073701643913,0.0,247.76147403287825
Adolescent: 0.5 coverage,1969.0,cancer_deaths,0.0,0.0,0.0
Adolescent: 0.5 coverage,1969.0,cancer_deaths,0.0,0.0,0.0
Adolescent: 0.5 coverage,1969.0,cancer_deaths,247.76147403287825,0.0,495.5229480657565
Adolescent: 0.5 coverage,1970.0,cancer_deaths,0.0,0.0,0.0
Adolescent: 0.5 coverage,1970.0,cancer_deaths,123.88073701643913,0.0,247.76147403287825
Adolescent: 0.5 coverage,1970.0,cancer_deaths,247.76147403287825,0.0,495.5229480657565
Adolescent: 0.5 coverage,1970.0,cancer_deaths,371.6422110493174,247.76147403287825,495.5229480657565
Adolescent: 0.5 coverage,1971.0,cancer_deaths,0.0,0.0,0.0
Adolescent: 0.5 coverage,1971.0,cancer_deaths,123.88073701643913,0.0,247.76147403287825
Adolescent: 0.5 coverage,1971.0,cancer_deaths,371.6422248940679,0.0,743.2844497881358
Adolescent: 0.5 coverage,1971.0,cancer_deaths,123.88073701643913,0.0,247.76147403287825
Adolescent: 0.5 coverage,1972.0,cancer_deaths,123.88073701643913,0.0,247.76147403287825
Adolescent: 0.5 coverage,1972.0,cancer_deaths,495.5229480657565,247.76147403287825,743.2844220986348
Adolescent: 0.5 coverage,1972.0,cancer_deaths,247.76147403287825,0.0,495.5229480657565
Adolescent: 0.5 coverage,1972.0,cancer_deaths,123.88073701643913,0.0,247.76147403287825
Adolescent: 0.5 coverage,1973.0,cancer_deaths,371.6422110493174,247.76147403287825,495.5229480657565
Adolescent: 0.5 coverage,1973.0,cancer_deaths,0.0,0.0,0.0
Adolescent: 0.5 coverage,1973.0,cancer_deaths,371.6422110493174,0.0,743.2844220986348
Adolescent: 0.5 coverage,1973.0,cancer_deaths,991.0459099762636,991.045896131513,991.0459238210141
Adolescent: 0.5 coverage,1974.0,cancer_deaths,247.76147403287825,247.76147403287825,247.76147403287825
Adolescent: 0.5 coverage,1974.0,cancer_deaths,371.6422110493174,247.76147403287825,495.5229480657565
Adolescent: 0.5 coverage,1974.0,cancer_deaths,867.1651729598244,743.2844497881358,991.045896131513
Adolescent: 0.5 coverage,1974.0,cancer_deaths,743.2844359433852,495.5229480657565,991.0459238210141
Adolescent: 0.5 coverage,1975.0,cancer_deaths,743.2844359433852,743.2844220986348,743.2844497881358
Adolescent: 0.5 coverage,1975.0,cancer_deaths,867.165159115074,743.2844220986348,991.045896131513
Adolescent: 0.5 coverage,1975.0,cancer_deaths,867.165159115074,743.2844220986348,991.045896131513
Adolescent: 0.5 coverage,1975.0,cancer_deaths,867.1651729598244,743.2844497881358,991.045896131513
Adolescent: 0.5 coverage,1976.0,cancer_deaths,2229.853210916902,743.2844220986348,3716.4219997351693
Adolescent: 0.5 coverage,1976.0,cancer_deaths,1362.6880656465787,495.5229480657565,2229.853183227401
Adolescent: 0.5 coverage,1976.0,cancer_deaths,1114.926633147952,743.2844220986348,1486.5688441972695
Adolescent: 0.5 coverage,1976.0,cancer_deaths,1734.330318230148,1486.5688441972695,1982.091792263026
Adolescent: 0.5 coverage,1977.0,cancer_deaths,1362.6880794913295,495.5229480657565,2229.8532109169023
Adolescent: 0.5 coverage,1977.0,cancer_deaths,991.0459099762636,743.2844220986348,1238.8073978538923
Adolescent: 0.5 coverage,1977.0,cancer_deaths,1610.4495812137086,1486.5688718867705,1734.3302905406467
Adolescent: 0.5 coverage,1977.0,cancer_deaths,1238.8073840091417,991.0459238210141,1486.5688441972693
Adolescent: 0.5 coverage,1978.0,cancer_deaths,1734.3303597643994,1238.8073978538923,2229.8533216749065
Adolescent: 0.5 coverage,1978.0,cancer_deaths,1114.926633147952,743.2844220986348,1486.5688441972695
Adolescent: 0.5 coverage,1978.0,cancer_deaths,1114.9266193032017,743.2844220986348,1486.5688165077686
Adolescent: 0.5 coverage,1978.0,cancer_deaths,1858.2110275570858,1486.5688441972695,2229.853210916902
Adolescent: 0.5 coverage,1979.0,cancer_deaths,2105.9725292794656,1982.0918199525272,2229.8532386064035
Adolescent: 0.5 coverage,1979.0,cancer_deaths,1982.0917645735249,1486.5688718867705,2477.6146572602793
Adolescent: 0.5 coverage,1979.0,cancer_deaths,2725.3761728274094,991.045896131513,4459.706449523306
Adolescent: 0.5 coverage,1979.0,cancer_deaths,3716.42201357992,2973.137633015537,4459.706394144303
Adolescent: 0.5 coverage,1980.0,cancer_deaths,1858.2110552465867,1238.8073701643912,2477.6147403287823
Adolescent: 0.5 coverage,1980.0,cancer_deaths,2353.7340310018444,1982.0918476420281,2725.3762143616605
Adolescent: 0.5 coverage,1980.0,cancer_deaths,1734.3303043853973,1238.8073978538923,2229.8532109169023
Adolescent: 0.5 coverage,1980.0,cancer_deaths,3716.422055114172,3220.899051669413,4211.945058558931
Adolescent: 0.5 coverage,1981.0,cancer_deaths,2229.853252451154,1982.091792263026,2477.6147126392816
Adolescent: 0.5 coverage,1981.0,cancer_deaths,2229.853252451154,1982.091792263026,2477.6147126392816
Adolescent: 0.5 coverage,1981.0,cancer_deaths,4583.587172694994,3964.1835291470497,5202.990816242937
Adolescent: 0.5 coverage,1981.0,cancer_deaths,3097.018397721477,2973.137660705038,3220.899134737916
Adolescent: 0.5 coverage,1982.0,cancer_deaths,5574.633027292256,3716.4220551141716,7432.84399947034
Adolescent: 0.5 coverage,1982.0,cancer_deaths,3097.0184115662278,2229.8532939854053,3964.1835291470497
Adolescent: 0.5 coverage,1982.0,cancer_deaths,3716.4220551141716,3468.6605810812935,3964.18352914705
Adolescent: 0.5 coverage,1982.0,cancer_deaths,3964.183584526052,2973.13771608404,4955.229452968064
Adolescent: 0.5 coverage,1983.0,cancer_deaths,2849.2569236885993,1982.0917645735249,3716.422082803673
Adolescent: 0.5 coverage,1983.0,cancer_deaths,4335.825754041118,3220.8991901169184,5450.752317965317
Adolescent: 0.5 coverage,1983.0,cancer_deaths,3716.42201357992,3220.8990793589137,4211.9449478009265
Adolescent: 0.5 coverage,1983.0,cancer_deaths,4583.587214229246,3964.183501457549,5202.990927000942
Adolescent: 0.5 coverage,1984.0,cancer_deaths,3468.660636460296,2973.13771608404,3964.1835568365514
Adolescent: 0.5 coverage,1984.0,cancer_deaths,4088.064321542491,3220.8991624274177,4955.229480657565
Adolescent: 0.5 coverage,1984.0,cancer_deaths,3592.5412904082314,3468.6606087707946,3716.4219720456686
Adolescent: 0.5 coverage,1984.0,cancer_deaths,5202.990843932439,5202.990816242938,5202.99087162194
Adolescent: 0.5 coverage,1985.0,cancer_deaths,5079.110037692248,4459.706421833805,5698.51365355069
Adolescent: 0.5 coverage,1985.0,cancer_deaths,4211.94505855893,3964.183584526052,4459.706532591808
Adolescent: 0.5 coverage,1985.0,cancer_deaths,4831.348646727873,3964.1835291470497,5698.513764308695
Adolescent: 0.5 coverage,1985.0,cancer_deaths,5326.871580948879,4955.229397589062,5698.513764308695
Adolescent: 0.5 coverage,1986.0,cancer_deaths,4459.706449523305,4211.944975490427,4707.467923556183
Adolescent: 0.5 coverage,1986.0,cancer_deaths,6194.036629305948,5450.752262586315,6937.320996025581
Adolescent: 0.5 coverage,1986.0,cancer_deaths,5698.513764308695,5698.513764308695,5698.513764308695
Adolescent: 0.5 coverage,1986.0,cancer_deaths,5822.394542859385,5698.513902756199,5946.275182962571
Adolescent: 0.5 coverage,1987.0,cancer_deaths,5450.752290275817,4707.467868177182,6194.036712374452
Adolescent: 0.5 coverage,1987.0,cancer_deaths,3468.6605395470415,3468.660525702291,3468.660553391792
Adolescent: 0.5 coverage,1987.0,cancer_deaths,7061.2018576447745,6937.321051404583,7185.082663884966
Adolescent: 0.5 coverage,1987.0,cancer_deaths,6565.67951874804,5698.5136812401915,7432.845356255889
Adolescent: 0.5 coverage,1988.0,cancer_deaths,6441.79820025208,5698.513875066699,7185.082525437461
Adolescent: 0.5 coverage,1988.0,cancer_deaths,5946.275321410076,4955.229480657565,6937.321162162587
Adolescent: 0.5 coverage,1988.0,cancer_deaths,7804.4863074329105,7432.844054849342,8176.128560016479
Adolescent: 0.5 coverage,1988.0,cancer_deaths,5822.394902822899,4707.467951245685,6937.321854400113
Adolescent: 0.5 coverage,1989.0,cancer_deaths,6194.036795442955,5698.513819687698,6689.559771198212
Adolescent: 0.5 coverage,1989.0,cancer_deaths,6689.559660440207,6441.798158717827,6937.321162162587
Adolescent: 0.5 coverage,1989.0,cancer_deaths,7432.84399947034,5946.275210652072,8919.412788288608
Adolescent: 0.5 coverage,1989.0,cancer_deaths,4583.587145005493,4459.706421833805,4707.467868177182
Adolescent: 0.5 coverage,1990.0,cancer_deaths,7432.844345589103,6441.798158717829,8423.890532460377
Adolescent: 0.5 coverage,1990.0,cancer_deaths,5326.871580948879,4459.706449523305,6194.036712374451
Adolescent: 0.5 coverage,1990.0,cancer_deaths,4583.587200384495,4211.945003179928,4955.2293975890625
Adolescent: 0.5 coverage,1990.0,cancer_deaths,6070.155961513262,5202.990927000943,6937.320996025581
Adolescent: 0.5 coverage,1991.0,cancer_deaths,6937.321065249333,6194.03668468495,7680.605445813716
Adolescent: 0.5 coverage,1991.0,cancer_deaths,5202.990843932439,4459.706477212806,5946.275210652071
Adolescent: 0.5 coverage,1991.0,cancer_deaths,6317.917518614643,5946.275376789079,6689.559660440207
Adolescent: 0.5 coverage,1991.0,cancer_deaths,6689.559618905956,6441.798158717827,6937.321079094084
Adolescent: 0.5 coverage,1992.0,cancer_deaths,6937.321079094084,6689.559632750706,7185.082525437461
Adolescent: 0.5 coverage,1992.0,cancer_deaths,7185.08302384848,5946.275321410076,8423.890726286883
Adolescent: 0.5 coverage,1992.0,cancer_deaths,6937.321162162587,5946.275210652072,7928.367113673101
Adolescent: 0.5 coverage,1992.0,cancer_deaths,7185.082525437461,5698.513764308695,8671.651286566228
Adolescent: 0.5 coverage,1993.0,cancer_deaths,5574.633068826507,4955.229425278563,6194.036712374451
Adolescent: 0.5 coverage,1993.0,cancer_deaths,6937.321079094084,5946.275321410076,7928.366836778092
Adolescent: 0.5 coverage,1993.0,cancer_deaths,6689.55999271422,5698.513875066699,7680.606110361741
Adolescent: 0.5 coverage,1993.0,cancer_deaths,6689.559632750706,6441.798158717829,6937.321106783585
Adolescent: 0.5 coverage,1994.0,cancer_deaths,5946.275293720575,3716.422027424671,8176.128560016478
Adolescent: 0.5 coverage,1994.0,cancer_deaths,6441.798103338826,6441.798047959824,6441.798158717829
Adolescent: 0.5 coverage,1994.0,cancer_deaths,9786.5784181252,9662.697514971755,9910.459321278646
Adolescent: 0.5 coverage,1994.0,cancer_deaths,8300.009864667689,8176.129335322507,8423.890394012871
Adolescent: 0.5 coverage,1995.0,cancer_deaths,6441.798283320582,5946.27515527307,6937.321411368096
Adolescent: 0.5 coverage,1995.0,cancer_deaths,5202.990843932439,4211.944975490427,6194.036712374452
Adolescent: 0.5 coverage,1995.0,cancer_deaths,6937.321245231091,6689.55971581921,7185.08277464297
Adolescent: 0.5 coverage,1995.0,cancer_deaths,6565.678854200016,5698.513764308695,7432.843944091337
Adolescent: 0.5 coverage,1996.0,cancer_deaths,7680.605418124216,7432.843971780839,7928.366864467593
Adolescent: 0.5 coverage,1996.0,cancer_deaths,9291.05545621469,8671.651508082236,9910.459404347146
Adolescent: 0.5 coverage,1996.0,cancer_deaths,8547.77193402484,5450.752262586315,11644.791605463366
Adolescent: 0.5 coverage,1996.0,cancer_deaths,7556.724722642029,6441.798158717829,8671.651286566228
Adolescent: 0.5 coverage,1997.0,cancer_deaths,7680.6060826722405,7185.082525437461,8176.12963990702
Adolescent: 0.5 coverage,1997.0,cancer_deaths,4707.4679650904345,4459.706449523305,4955.229480657565
Adolescent: 0.5 coverage,1997.0,cancer_deaths,9043.293968337062,7680.605971914236,10405.981964759889
Adolescent: 0.5 coverage,1997.0,cancer_deaths,7185.082719263968,6937.321051404582,7432.844387123354
Adolescent: 0.5 coverage,1998.0,cancer_deaths,6565.679311076783,5946.275293720575,7185.083328432991
Adolescent: 0.5 coverage,1998.0,cancer_deaths,5698.513778153445,4459.706449523305,6937.321106783585
Adolescent: 0.5 coverage,1998.0,cancer_deaths,6813.440812799163,4211.94505855893,9414.936567039395
Adolescent: 0.5 coverage,1998.0,cancer_deaths,9043.29385757906,7680.605418124215,10405.982297033903
Adolescent: 0.5 coverage,1999.0,cancer_deaths,9043.294328300575,4955.22934221006,13131.359314391091
Adolescent: 0.5 coverage,1999.0,cancer_deaths,8423.890172496864,8176.128615395482,8671.651729598245
Adolescent: 0.5 coverage,1999.0,cancer_deaths,6565.678854200016,6441.798103338826,6689.559605061206
Adolescent: 0.5 coverage,1999.0,cancer_deaths,10034.339795244823,8919.412732909605,11149.266857580042
Adolescent: 0.5 coverage,2000.0,cancer_deaths,7556.725387190052,7432.843999470339,7680.606774909766
Adolescent: 0.5 coverage,2000.0,cancer_deaths,5326.871580948879,5202.990843932439,5450.752317965317
Adolescent: 0.5 coverage,2000.0,cancer_deaths,8671.652089561758,7928.36788897913,9414.936290144384
Adolescent: 0.5 coverage,2000.0,cancer_deaths,8423.89087857914,7928.367612084121,8919.414145074157
Adolescent: 0.5 coverage,2001.0,cancer_deaths,7432.844054849342,5946.275376789078,8919.412732909605
Adolescent: 0.5 coverage,2001.0,cancer_deaths,9043.293760665805,8671.651729598245,9414.935791733365
Adolescent: 0.5 coverage,2001.0,cancer_deaths,9167.174511526993,9167.174400768989,9167.174622284998
Adolescent: 0.5 coverage,2001.0,cancer_deaths,8052.248612150819,7928.36788897913,8176.129335322508
Adolescent: 0.5 coverage,2002.0,cancer_deaths,7308.963442435657,6689.55971581921,7928.367169052104
Adolescent: 0.5 coverage,2002.0,cancer_deaths,5946.275252186324,5450.752345654819,6441.798158717828
Adolescent: 0.5 coverage,2002.0,cancer_deaths,6689.559632750706,6194.036656995449,7185.082608505963
Adolescent: 0.5 coverage,2002.0,cancer_deaths,7928.367529015618,7185.083328432991,8671.651729598245
Adolescent: 0.5 coverage,2003.0,cancer_deaths,8052.248335255808,7928.368332011147,8176.128338500471
Adolescent: 0.5 coverage,2003.0,cancer_deaths,7308.963940846675,5698.513764308695,8919.414117384655
Adolescent: 0.5 coverage,2003.0,cancer_deaths,7061.201788421022,6689.559521992702,7432.844054849342
Adolescent: 0.5 coverage,2003.0,cancer_deaths,8919.413286699626,6689.55971581921,11149.266857580042
Adolescent: 0.5 coverage,2004.0,cancer_deaths,8671.651674219243,7432.844719397366,9910.458629041119
Adolescent: 0.5 coverage,2004.0,cancer_deaths,8919.41368819739,7928.367972047634,9910.459404347148
Adolescent: 0.5 coverage,2004.0,cancer_deaths,9662.697681108759,7928.366836778092,11397.028525439428
Adolescent: 0.5 coverage,2004.0,cancer_deaths,9414.936179386379,8671.651508082236,10158.220850690524
Adolescent: 0.5 coverage,2005.0,cancer_deaths,7556.724750331529,7432.843999470339,7680.605501192719
Adolescent: 0.5 coverage,2005.0,cancer_deaths,9043.294591350836,8423.890394012871,9662.6987886888
Adolescent: 0.5 coverage,2005.0,cancer_deaths,6565.6788403552655,5946.27518296257,7185.08249774796
Adolescent: 0.5 coverage,2005.0,cancer_deaths,9662.698262588281,8671.651895735251,10653.744629441311
Adolescent: 0.5 coverage,2006.0,cancer_deaths,9167.17518991977,7680.605639640224,10653.744740199314
Adolescent: 0.5 coverage,2006.0,cancer_deaths,10282.1012415882,9414.936068628376,11149.266414548023
Adolescent: 0.5 coverage,2006.0,cancer_deaths,7928.3670998283515,7185.082525437461,8671.651674219242
Adolescent: 0.5 coverage,2006.0,cancer_deaths,9291.056259210221,8176.129556838516,10405.982961581925
Adolescent: 0.5 coverage,2007.0,cancer_deaths,7680.605971914237,6441.798158717829,8919.413785110644
Adolescent: 0.5 coverage,2007.0,cancer_deaths,11644.789279545279,7680.605778087729,15608.972781002827
Adolescent: 0.5 coverage,2007.0,cancer_deaths,7928.367930513383,6689.55999271422,9167.175868312544
Adolescent: 0.5 coverage,2007.0,cancer_deaths,7680.605736553477,6937.321051404582,8423.890421702372
Adolescent: 0.5 coverage,2008.0,cancer_deaths,8176.128643084982,8176.128449258475,8176.12883691149
Adolescent: 0.5 coverage,2008.0,cancer_deaths,8547.771380234819,6937.321106783584,10158.221653686054
Adolescent: 0.5 coverage,2008.0,cancer_deaths,8176.128504637478,7432.844054849342,8919.412954425614
Adolescent: 0.5 coverage,2008.0,cancer_deaths,8671.651341945231,7928.366947536097,9414.935736354364
Adolescent: 0.5 coverage,2009.0,cancer_deaths,9786.578570417456,8423.890837044888,11149.266303790022
Adolescent: 0.5 coverage,2009.0,cancer_deaths,10158.22096144853,9662.697293455745,10653.744629441311
Adolescent: 0.5 coverage,2009.0,cancer_deaths,6441.798144873077,5202.99087162194,7680.605418124215
Adolescent: 0.5 coverage,2009.0,cancer_deaths,8052.247989137046,7185.082553126962,8919.41342514713
Adolescent: 0.5 coverage,2010.0,cancer_deaths,9291.055857712456,7928.3673074996095,10653.744407925302
Adolescent: 0.5 coverage,2010.0,cancer_deaths,7804.486639706923,7680.606442635753,7928.366836778092
Adolescent: 0.5 coverage,2010.0,cancer_deaths,10282.101823067722,9167.175120696018,11397.028525439428
Adolescent: 0.5 coverage,2010.0,cancer_deaths,7185.082553126962,6937.321162162587,7432.843944091337
Adolescent: 0.5 coverage,2011.0,cancer_deaths,11025.385995960845,9910.459182831139,12140.312809090554
Adolescent: 0.5 coverage,2011.0,cancer_deaths,10653.74269117624,8176.128393879473,13131.356988473006
Adolescent: 0.5 coverage,2011.0,cancer_deaths,10034.339906002828,8919.41284366761,11149.266968338045
Adolescent: 0.5 coverage,2011.0,cancer_deaths,7928.3675843946185,6937.321051404582,8919.414117384655
Adolescent: 0.5 coverage,2012.0,cancer_deaths,8423.889950980854,8176.128393879473,8671.651508082236
Adolescent: 0.5 coverage,2012.0,cancer_deaths,8671.652089561758,6441.798103338826,10901.50607578469
Adolescent: 0.5 coverage,2012.0,cancer_deaths,8795.532812733447,7680.605833466732,9910.459792000162
Adolescent: 0.5 coverage,2012.0,cancer_deaths,7432.8442902101,5946.275182962571,8919.413397457629
Adolescent: 0.5 coverage,2013.0,cancer_deaths,10034.340584395602,8671.65297562579,11397.028193165414
Adolescent: 0.5 coverage,2013.0,cancer_deaths,9167.174248476735,8423.889867912352,9910.458629041119
Adolescent: 0.5 coverage,2013.0,cancer_deaths,7928.367196741605,7432.8443317443525,8423.890061738857
Adolescent: 0.5 coverage,2013.0,cancer_deaths,10034.34001676083,9414.936511660391,10653.74352186127
Adolescent: 0.5 coverage,2014.0,cancer_deaths,10901.505078962651,10901.505078962651,10901.505078962651
Adolescent: 0.5 coverage,2014.0,cancer_deaths,9538.817096384577,7680.6059996037375,11397.028193165415
Adolescent: 0.5 coverage,2014.0,cancer_deaths,11025.386023650348,10901.504968204648,11149.267079096047
Adolescent: 0.5 coverage,2014.0,cancer_deaths,9414.936040938876,7432.844165607346,11397.027916270403
Adolescent: 0.5 coverage,2015.0,cancer_deaths,11768.670473438484,9662.697625729757,13874.64332114721
Adolescent: 0.5 coverage,2015.0,cancer_deaths,9291.055428525191,8671.651397324233,9910.45945972615
Adolescent: 0.5 coverage,2015.0,cancer_deaths,9167.175522193782,8919.41395124765,9414.937093139913
Adolescent: 0.5 coverage,2015.0,cancer_deaths,8795.53292349145,8176.129556838517,9414.936290144384
Adolescent: 0.5 coverage,2016.0,cancer_deaths,9662.697847245765,8176.128781532488,11149.266912959043
Adolescent: 0.5 coverage,2016.0,cancer_deaths,12511.955200121629,11149.266746822037,13874.643653421223
Adolescent: 0.5 coverage,2016.0,cancer_deaths,8919.413494370883,7432.844525570859,10405.982463170907
Adolescent: 0.5 coverage,2016.0,cancer_deaths,11768.670861091497,11644.7898610248,11892.551861158196
Adolescent: 0.5 coverage,2017.0,cancer_deaths,11520.909428592873,11149.267439059564,11892.55141812618
Adolescent: 0.5 coverage,2017.0,cancer_deaths,9786.578376590947,9414.936234765382,10158.22051841651
Adolescent: 0.5 coverage,2017.0,cancer_deaths,8423.89008942836,8176.128781532488,8671.651397324233
Adolescent: 0.5 coverage,2017.0,cancer_deaths,10529.863269411098,9414.936788555402,11644.789750266795
Adolescent: 0.5 coverage,2018.0,cancer_deaths,10901.505812734427,10901.505771200178,10901.505854268678
Adolescent: 0.5 coverage,2018.0,cancer_deaths,10653.743577240271,8671.652283388265,12635.834871092278
Adolescent: 0.5 coverage,2018.0,cancer_deaths,13379.119043985404,10405.982075517893,16352.256012452915
Adolescent: 0.5 coverage,2018.0,cancer_deaths,9291.055290077686,7432.844054849342,11149.26652530603
Adolescent: 0.5 coverage,2019.0,cancer_deaths,9414.93648397089,8176.128892290491,10653.74407565129
Adolescent: 0.5 coverage,2019.0,cancer_deaths,10777.62510340749,9414.937342345424,12140.312864469557
Adolescent: 0.5 coverage,2019.0,cancer_deaths,10405.98251854991,10405.982297033901,10405.982740065918
Adolescent: 0.5 coverage,2019.0,cancer_deaths,10653.744020272288,9414.936400902388,11892.551639642188
Adolescent: 0.5 coverage,2020.0,cancer_deaths,11520.908639442092,9910.458629041117,13131.358649843067
Adolescent: 0.5 coverage,2020.0,cancer_deaths,11025.385691376336,9167.174290010986,12883.597092741686
Adolescent: 0.5 coverage,2020.0,cancer_deaths,12511.955033984623,11397.028414681421,13626.881653287825
Adolescent: 0.5 coverage,2020.0,cancer_deaths,10158.221376791043,7680.606442635753,12635.836310946332
Adolescent: 0.5 coverage,2021.0,cancer_deaths,11025.386092874101,8919.412982115115,13131.359203633088
Adolescent: 0.5 coverage,2021.0,cancer_deaths,10529.863297100599,9662.698068761772,11397.028525439426
Adolescent: 0.5 coverage,2021.0,cancer_deaths,11025.385192965317,10158.220407658508,11892.549978272127
Adolescent: 0.5 coverage,2021.0,cancer_deaths,11273.14788533624,9167.17523145402,13379.12053921846
Adolescent: 0.5 coverage,2022.0,cancer_deaths,12883.597646531707,11892.551750400195,13874.643542663218
Adolescent: 0.5 coverage,2022.0,cancer_deaths,11025.38605133985,10405.982352412902,11644.789750266797
Adolescent: 0.5 coverage,2022.0,cancer_deaths,11644.79047019382,10158.22157061755,13131.359369770093
Adolescent: 0.5 coverage,2022.0,cancer_deaths,11149.267189854054,9662.698179519777,12635.836200188329
Adolescent: 0.5 coverage,2023.0,cancer_deaths,15856.735611821254,12635.836310946332,19077.634912696176
Adolescent: 0.5 coverage,2023.0,cancer_deaths,15980.615781202923,14617.926552597302,17343.305009808544
Adolescent: 0.5 coverage,2023.0,cancer_deaths,13998.522604464848,12635.835203366292,15361.210005563402
Adolescent: 0.5 coverage,2023.0,cancer_deaths,14494.045787891362,12140.313445949081,16847.77812983364
Adolescent: 0.5 coverage,2024.0,cancer_deaths,15980.614064453861,13874.642435083178,18086.58569382454
Adolescent: 0.5 coverage,2024.0,cancer_deaths,12140.311923026522,10405.982407791906,13874.64143826114
Adolescent: 0.5 coverage,2024.0,cancer_deaths,12388.07475384495,9662.698733309797,15113.450774380106
Adolescent: 0.5 coverage,2024.0,cancer_deaths,14370.16632459197,14122.404213700567,14617.928435483373
Adolescent: 0.5 coverage,2025.0,cancer_deaths,11025.386134408353,10158.22073993252,11892.551528884185
Adolescent: 0.5 coverage,2025.0,cancer_deaths,15856.734504241216,14122.404878248593,17591.064130233837
Adolescent: 0.5 coverage,2025.0,cancer_deaths,13503.000667065877,11149.267411370061,15856.733922761692
Adolescent: 0.5 coverage,2025.0,cancer_deaths,13626.882096319841,12388.074753844952,14865.689438794732
Adolescent: 0.5 coverage,2026.0,cancer_deaths,13874.64276735719,12883.59720349969,14865.688331214691
Adolescent: 0.5 coverage,2026.0,cancer_deaths,12388.074698465949,11892.551861158197,12883.597535773702
Adolescent: 0.5 coverage,2026.0,cancer_deaths,13626.882207077846,12635.836643220346,14617.927770935346
Adolescent: 0.5 coverage,2026.0,cancer_deaths,14494.045995562617,13131.358649843067,15856.73334128217
Adolescent: 0.5 coverage,2027.0,cancer_deaths,12264.193172298732,11892.550144409133,12635.836200188329
Adolescent: 0.5 coverage,2027.0,cancer_deaths,14122.404989006596,12883.5975357737,15361.212442239492
Adolescent: 0.5 coverage,2027.0,cancer_deaths,13750.762044185503,12140.312532195547,15361.211556175458
Adolescent: 0.5 coverage,2027.0,cancer_deaths,14122.404767490589,13626.88121025581,14617.928324725366
Adolescent: 0.5 coverage,2028.0,cancer_deaths,13503.000874737136,13379.120871492474,13626.880877981797
Adolescent: 0.5 coverage,2028.0,cancer_deaths,12511.955089363626,11397.028082407409,13626.882096319841
Adolescent: 0.5 coverage,2028.0,cancer_deaths,12264.194113741767,11892.551750400193,12635.83647708334
Adolescent: 0.5 coverage,2028.0,cancer_deaths,13379.119099364407,12883.596760467673,13874.64143826114
Adolescent: 0.5 coverage,2029.0,cancer_deaths,12264.193366125237,11149.267300612057,13379.119431638419
Adolescent: 0.5 coverage,2029.0,cancer_deaths,12759.716701844009,12388.074532328941,13131.358871359076
Adolescent: 0.5 coverage,2029.0,cancer_deaths,14989.568500596359,14122.403881426555,15856.733119766162
Adolescent: 0.5 coverage,2029.0,cancer_deaths,14370.16654610798,13874.64354266322,14865.689549552737
Adolescent: 0.5 coverage,2030.0,cancer_deaths,14741.807580353501,13874.643265768209,15608.971894938793
Adolescent: 0.5 coverage,2030.0,cancer_deaths,13874.64165977715,12883.596538951664,14865.686780602633
Adolescent: 0.5 coverage,2030.0,cancer_deaths,17838.82601960923,16104.495009141556,19573.157030076905
Adolescent: 0.5 coverage,2030.0,cancer_deaths,15608.97311327684,15113.451881960147,16104.494344593533
Adolescent: 0.5 coverage,2031.0,cancer_deaths,12264.193587641246,11892.55141812618,12635.835757156312
Adolescent: 0.5 coverage,2031.0,cancer_deaths,13502.9999332941,11892.55086433616,15113.44900225204
Adolescent: 0.5 coverage,2031.0,cancer_deaths,14617.92627570229,11892.550753578154,17343.301797826425
Adolescent: 0.5 coverage,2031.0,cancer_deaths,13255.239040740742,10653.744186409294,15856.73389507219
Adolescent: 0.5 coverage,2032.0,cancer_deaths,16971.66090202841,16847.781452573763,17095.54035148305
Adolescent: 0.5 coverage,2032.0,cancer_deaths,15732.85494402857,14865.689660310742,16600.020227746398
Adolescent: 0.5 coverage,2032.0,cancer_deaths,14989.568832870373,14865.688220456686,15113.449445284057
Adolescent: 0.5 coverage,2032.0,cancer_deaths,15732.852618110483,15361.210891627434,16104.494344593533
Adolescent: 0.5 coverage,2033.0,cancer_deaths,14989.568722112366,14617.926552597302,15361.210891627432
Adolescent: 0.5 coverage,2033.0,cancer_deaths,17095.541071410076,15361.209784047393,18829.872358772758
Adolescent: 0.5 coverage,2033.0,cancer_deaths,16476.137289414626,16352.25601245292,16600.018566376337
Adolescent: 0.5 coverage,2033.0,cancer_deaths,19820.918254904274,19325.395805249533,20316.440704559012
Adolescent: 0.5 coverage,2034.0,cancer_deaths,18086.58646913057,16104.49456610954,20068.678372151597
Adolescent: 0.5 coverage,2034.0,cancer_deaths,17962.705358305866,16847.77945892969,19077.631257682042
Adolescent: 0.5 coverage,2034.0,cancer_deaths,16600.017957207314,15856.733673556184,17343.302240858444
Adolescent: 0.5 coverage,2034.0,cancer_deaths,14122.403992184558,13626.882207077846,14617.925777291272
Adolescent: 0.5 coverage,2035.0,cancer_deaths,17467.183019409134,15361.210670111424,19573.155368706844
Adolescent: 0.5 coverage,2035.0,cancer_deaths,16352.25844912901,14370.16554928594,18334.35134897208
Adolescent: 0.5 coverage,2035.0,cancer_deaths,18334.34830312696,15856.73356279818,20811.96304345574
Adolescent: 0.5 coverage,2035.0,cancer_deaths,17343.3038468495,17343.30268389046,17343.305009808544
Adolescent: 0.5 coverage,2036.0,cancer_deaths,19077.63203298807,16600.017680312303,21555.24638566384
Adolescent: 0.5 coverage,2036.0,cancer_deaths,14494.04793382769,9910.46006889517,19077.63579876021
Adolescent: 0.5 coverage,2036.0,cancer_deaths,17838.824579755175,17838.824358239166,17838.824801271185
Adolescent: 0.5 coverage,2036.0,cancer_deaths,15113.449085320543,12883.596594330666,17343.30157631042
Adolescent: 0.5 coverage,2037.0,cancer_deaths,18582.110746292376,14122.404989006596,23041.816503578153
Adolescent: 0.5 coverage,2037.0,cancer_deaths,17962.70602285389,16847.779791203702,19077.63225450408
Adolescent: 0.5 coverage,2037.0,cancer_deaths,17343.30318230148,16600.020670778416,18086.58569382454
Adolescent: 0.5 coverage,2037.0,cancer_deaths,17343.302296237445,15113.449223768048,19573.155368706844
Adolescent: 0.5 coverage,2038.0,cancer_deaths,17343.30273926946,14617.926774113308,20068.678704425613
Adolescent: 0.5 coverage,2038.0,cancer_deaths,18829.87291256278,17838.828234769313,19820.917590356246
Adolescent: 0.5 coverage,2038.0,cancer_deaths,20440.320984698683,19820.917258082238,21059.724711315128
Adolescent: 0.5 coverage,2038.0,cancer_deaths,24156.742569091337,23785.100399576273,24528.3847386064
Adolescent: 0.5 coverage,2039.0,cancer_deaths,17962.70513678986,17343.3011332784,18582.109140301316
Adolescent: 0.5 coverage,2039.0,cancer_deaths,18458.229856983682,16352.256898516951,20564.20281545041
Adolescent: 0.5 coverage,2039.0,cancer_deaths,17219.42063162272,16600.01679424827,17838.824468997173
Adolescent: 0.5 coverage,2039.0,cancer_deaths,19201.512977675768,16600.01790182831,21803.008053523223
Adolescent: 0.5 coverage,2040.0,cancer_deaths,17219.421185412742,16847.77857286566,17591.063797959825
Adolescent: 0.5 coverage,2040.0,cancer_deaths,20068.67864904661,18582.109583333335,21555.247714759887
Adolescent: 0.5 coverage,2040.0,cancer_deaths,23041.81644819915,19325.39403312147,26758.238863276834
Adolescent: 0.5 coverage,2040.0,cancer_deaths,22917.93566964846,19077.632919052103,26758.238420244823
Adolescent: 0.5 coverage,2041.0,cancer_deaths,18705.99025112602,16104.495009141556,21307.485493110482
Adolescent: 0.5 coverage,2041.0,cancer_deaths,17219.422348371787,14865.689549552735,19573.155147190835
Adolescent: 0.5 coverage,2041.0,cancer_deaths,20192.559510665804,18086.586136856557,22298.53288447505
Adolescent: 0.5 coverage,2041.0,cancer_deaths,21803.007832007217,19820.916150502195,23785.09951351224
Adolescent: 0.5 coverage,2042.0,cancer_deaths,20068.6783167726,19573.156587044887,20564.20004650031
Adolescent: 0.5 coverage,2042.0,cancer_deaths,18458.228860161642,14865.68777742467,22050.769942898616
Adolescent: 0.5 coverage,2042.0,cancer_deaths,20811.96420641479,18086.58890580666,23537.339507022916
Adolescent: 0.5 coverage,2042.0,cancer_deaths,19944.797482842907,18829.870918918707,21059.724046767104
Adolescent: 0.5 coverage,2043.0,cancer_deaths,20316.440372284997,19820.91847642028,20811.962268149717
Adolescent: 0.5 coverage,2043.0,cancer_deaths,20192.558763049274,19077.631589956054,21307.485936142497
Adolescent: 0.5 coverage,2043.0,cancer_deaths,20935.84343435342,19820.917258082234,22050.769610624608
Adolescent: 0.5 coverage,2043.0,cancer_deaths,21183.605822139834,20811.96315421375,21555.248490065915
Adolescent: 0.5 coverage,2044.0,cancer_deaths,19325.393423952446,18086.58591534055,20564.20093256434
Adolescent: 0.5 coverage,2044.0,cancer_deaths,16352.257230790963,13626.88231783585,19077.632143746076
Adolescent: 0.5 coverage,2044.0,cancer_deaths,20068.67887056262,18829.87047588669,21307.48726523855
Adolescent: 0.5 coverage,2044.0,cancer_deaths,21059.724268283113,20068.67914745763,22050.769389108595
Adolescent: 0.5 coverage,2045.0,cancer_deaths,19201.51253464375,17343.30135479441,21059.72371449309
Adolescent: 0.5 coverage,2045.0,cancer_deaths,23289.57728537351,22546.292392553358,24032.86217819366
Adolescent: 0.5 coverage,2045.0,cancer_deaths,24032.864282595736,23785.10361155839,24280.624953633087
Adolescent: 0.5 coverage,2045.0,cancer_deaths,23289.577894542526,22546.293721649403,24032.862067435653
Adolescent: 0.5 coverage,2046.0,cancer_deaths,23537.33867633788,21307.485603868485,25767.19174880728
Adolescent: 0.5 coverage,2046.0,cancer_deaths,22298.531112346984,21803.007610491208,22794.05461420276
Adolescent: 0.5 coverage,2046.0,cancer_deaths,22174.649946143283,21803.007167459193,22546.29272482737
Adolescent: 0.5 coverage,2046.0,cancer_deaths,19820.91681505022,18334.347915473947,21307.48571462649
Adolescent: 0.5 coverage,2047.0,cancer_deaths,18829.871417329727,15608.972337970812,22050.77049668864
Adolescent: 0.5 coverage,2047.0,cancer_deaths,22917.93561426946,22298.53238606403,23537.33884247489
Adolescent: 0.5 coverage,2047.0,cancer_deaths,19077.631922230066,17838.82435823917,20316.439486220963
Adolescent: 0.5 coverage,2047.0,cancer_deaths,25147.789129770874,22298.532829096046,27997.0454304457
Adolescent: 0.5 coverage,2048.0,cancer_deaths,25271.67029597458,22298.532164548025,28244.808427401134
Adolescent: 0.5 coverage,2048.0,cancer_deaths,19573.15559022285,18334.347693957938,20811.96348648776
Adolescent: 0.5 coverage,2048.0,cancer_deaths,21555.247880896895,16600.017680312303,26510.478081481488
Adolescent: 0.5 coverage,2048.0,cancer_deaths,22917.934838963432,20564.201264838357,25271.668413088508
Adolescent: 0.5 coverage,2049.0,cancer_deaths,19573.15503643283,18582.10847575329,20564.201597112366
Adolescent: 0.5 coverage,2049.0,cancer_deaths,18334.347804715944,16352.256898516951,20316.438710914936
Adolescent: 0.5 coverage,2049.0,cancer_deaths,22917.93461744742,22050.769610624604,23785.09962427024
Adolescent: 0.5 coverage,2049.0,cancer_deaths,20564.201763249373,19573.15536870684,21555.248157791902
Adolescent: 0.5 coverage,2050.0,cancer_deaths,21679.128659447582,21059.725929653174,22298.531389241994
Adolescent: 0.5 coverage,2050.0,cancer_deaths,23908.980624336942,22050.771161236666,25767.19008743722
Adolescent: 0.5 coverage,2050.0,cancer_deaths,23165.69628530681,22794.054171170745,23537.338399442873
Adolescent: 0.5 coverage,2050.0,cancer_deaths,19201.5138083608,18582.109694091338,19820.917922630262
Adolescent: 0.5 coverage,2051.0,cancer_deaths,22298.531832274013,20811.963597245765,23785.100067302257
Adolescent: 0.5 coverage,2051.0,cancer_deaths,20068.678427530605,19325.393479331447,20811.96337572976
Adolescent: 0.5 coverage,2051.0,cancer_deaths,22794.054448065755,22546.293389375394,23041.81550675612
Adolescent: 0.5 coverage,2051.0,cancer_deaths,20688.083372485096,19573.156476286884,21803.010268683305
Adolescent: 0.5 coverage,2052.0,cancer_deaths,20192.55959373431,19325.39403312147,21059.725154347147
Adolescent: 0.5 coverage,2052.0,cancer_deaths,21431.36638241918,18086.58613685656,24776.146627981798
Adolescent: 0.5 coverage,2052.0,cancer_deaths,18334.348136989953,18334.34802623195,18334.34824774796
Adolescent: 0.5 coverage,2052.0,cancer_deaths,25767.193410177344,22794.05483571877,28740.331984635915
Adolescent: 0.5 coverage,2053.0,cancer_deaths,22917.935005100437,21059.723271461076,24776.146738739797
Adolescent: 0.5 coverage,2053.0,cancer_deaths,25643.31224397364,23785.100842608288,27501.523645338988
Adolescent: 0.5 coverage,2053.0,cancer_deaths,22298.531333862993,21059.72360373509,23537.339063990898
Adolescent: 0.5 coverage,2053.0,cancer_deaths,26014.95241984463,21555.24638566384,30474.65845402542
Adolescent: 0.5 coverage,2054.0,cancer_deaths,20935.843766627433,17095.541348305087,24776.14618494978
Adolescent: 0.5 coverage,2054.0,cancer_deaths,25147.78929590788,25023.90929266322,25271.669299152545
Adolescent: 0.5 coverage,2054.0,cancer_deaths,21679.128714826587,19077.6328082941,24280.624621359075
Adolescent: 0.5 coverage,2054.0,cancer_deaths,23537.33995005493,23289.57817143754,23785.10172867232
Adolescent: 0.5 coverage,2055.0,cancer_deaths,22298.531056967986,21555.24671793785,23041.815395998117
Adolescent: 0.5 coverage,2055.0,cancer_deaths,22422.412721582707,22298.532164548025,22546.293278617388
Adolescent: 0.5 coverage,2055.0,cancer_deaths,23661.22150391165,20068.68136261771,27253.761645205588
Adolescent: 0.5 coverage,2055.0,cancer_deaths,20935.84365586943,20068.678261393597,21803.009050345263
Adolescent: 0.5 coverage,2056.0,cancer_deaths,22174.651219860327,21803.009493377278,22546.292946343376
Adolescent: 0.5 coverage,2056.0,cancer_deaths,21555.247659380886,21059.724711315128,22050.770607446644
Adolescent: 0.5 coverage,2056.0,cancer_deaths,20935.844874207472,20316.440372284997,21555.24937612995
Adolescent: 0.5 coverage,2056.0,cancer_deaths,22546.294275439424,21555.247825517894,23537.34072536096
Adolescent: 0.5 coverage,2057.0,cancer_deaths,22298.53277371705,20316.440261526994,24280.625285907103
Adolescent: 0.5 coverage,2057.0,cancer_deaths,23661.220950121628,23289.57839295355,24032.86350728971
Adolescent: 0.5 coverage,2057.0,cancer_deaths,27377.643143683308,27006.001638716265,27749.28464865035
Adolescent: 0.5 coverage,2057.0,cancer_deaths,26014.955853342755,25767.19473927339,26262.716967412118
Adolescent: 0.5 coverage,2058.0,cancer_deaths,23413.459393020246,23289.578282195544,23537.34050384495
Adolescent: 0.5 coverage,2058.0,cancer_deaths,23537.33939626491,21803.00816428123,25271.67062824859
Adolescent: 0.5 coverage,2058.0,cancer_deaths,24404.50467998274,23289.577949921535,25519.431410043944
Adolescent: 0.5 coverage,2058.0,cancer_deaths,21679.127884141555,20564.20082180634,22794.054946476776
Adolescent: 0.5 coverage,2059.0,cancer_deaths,21307.48676682753,17095.54090527307,25519.43262838199
Adolescent: 0.5 coverage,2059.0,cancer_deaths,22298.53255220104,21307.486711448528,23289.578392953554
Adolescent: 0.5 coverage,2059.0,cancer_deaths,22794.054392686754,22298.53127848399,23289.577506889516
Adolescent: 0.5 coverage,2059.0,cancer_deaths,21555.24760400189,21059.724489799122,22050.77071820465
Adolescent: 0.5 coverage,2060.0,cancer_deaths,23537.339562401918,23537.339063990898,23537.340060812934
Adolescent: 0.5 coverage,2060.0,cancer_deaths,24032.86212281466,21803.007832007217,26262.7164136221
Adolescent: 0.5 coverage,2060.0,cancer_deaths,22546.2936108914,20564.2024831764,24528.384738606404
Adolescent: 0.5 coverage,2060.0,cancer_deaths,24032.862288951663,23041.816503578157,25023.908074325172
Adolescent: 0.5 coverage,2061.0,cancer_deaths,21926.892044056032,18829.874906206853,25023.909181905212
Adolescent: 0.5 coverage,2061.0,cancer_deaths,20192.56042441934,16104.495562931577,24280.6252859071
Adolescent: 0.5 coverage,2061.0,cancer_deaths,21059.72548662116,20564.202372418396,21555.24860082392
Adolescent: 0.5 coverage,2061.0,cancer_deaths,23908.98306101303,22298.534047434092,25519.432074591972
Adolescent: 0.5 coverage,2062.0,cancer_deaths,19820.917867251257,17343.304234502517,22298.531499999997
Adolescent: 0.5 coverage,2062.0,cancer_deaths,25271.669852942563,22298.53260758004,28244.807098305086
Adolescent: 0.5 coverage,2062.0,cancer_deaths,22546.293500133397,19820.91714732423,25271.669852942563
Adolescent: 0.5 coverage,2062.0,cancer_deaths,19573.157750003928,19325.395029943506,19820.920470064353
Adolescent: 0.5 coverage,2063.0,cancer_deaths,18953.75369111347,17838.82601960923,20068.68136261771
Adolescent: 0.5 coverage,2063.0,cancer_deaths,20811.962877318736,18582.109694091338,23041.816060546138
Adolescent: 0.5 coverage,2063.0,cancer_deaths,22917.936278817484,19325.395251459515,26510.477306175457
Adolescent: 0.5 coverage,2063.0,cancer_deaths,20192.558873807284,17838.825798093225,22546.29194952134
Adolescent: 0.5 coverage,2064.0,cancer_deaths,21803.009991788298,21307.48748675456,22298.532496822038
Adolescent: 0.5 coverage,2064.0,cancer_deaths,21555.2480470339,20068.679590489646,23041.816503578157
Adolescent: 0.5 coverage,2064.0,cancer_deaths,23165.69766978186,22546.294829229446,23785.100510334276
Adolescent: 0.5 coverage,2064.0,cancer_deaths,20068.68053193268,18334.350573666045,21803.010490199315
Adolescent: 0.5 coverage,2065.0,cancer_deaths,23165.696506822816,22050.769832140613,24280.62318150502
Adolescent: 0.5 coverage,2065.0,cancer_deaths,20192.56020290333,18086.587687468615,22298.532718338043
Adolescent: 0.5 coverage,2065.0,cancer_deaths,20192.560147524327,17343.30268389046,23041.817611158196
Adolescent: 0.5 coverage,2065.0,cancer_deaths,23537.339783917923,22050.77105047866,25023.90851735719
Adolescent: 0.5 coverage,2066.0,cancer_deaths,20316.440538422004,19077.63391587414,21555.24716096987
Adolescent: 0.5 coverage,2066.0,cancer_deaths,22917.93555889046,20316.439707736976,25519.431410043944
Adolescent: 0.5 coverage,2066.0,cancer_deaths,20440.321372351696,20316.441147591027,20564.20159711237
Adolescent: 0.5 coverage,2066.0,cancer_deaths,19201.515082077847,17343.302794648465,21059.72736950723
Adolescent: 0.5 coverage,2067.0,cancer_deaths,20192.56047979834,17591.065237813877,22794.055721782803
Adolescent: 0.5 coverage,2067.0,cancer_deaths,20564.20303696642,18829.87402014282,22298.53205379002
Adolescent: 0.5 coverage,2067.0,cancer_deaths,24280.623015368015,22546.29172800533,26014.954302730697
Adolescent: 0.5 coverage,2067.0,cancer_deaths,25643.310859498586,23785.09984578625,27501.52187321092
Adolescent: 0.5 coverage,2068.0,cancer_deaths,21926.890216548964,20068.68025503767,23785.10017806026
Adolescent: 0.5 coverage,2068.0,cancer_deaths,21307.487708270564,20068.68025503767,22546.295161503458
Adolescent: 0.5 coverage,2068.0,cancer_deaths,21431.3669915882,20316.44015076899,22546.29383240741
Adolescent: 0.5 coverage,2068.0,cancer_deaths,20688.082763316073,18334.350241392032,23041.81528524011
Adolescent: 0.5 coverage,2069.0,cancer_deaths,21431.36624397167,20811.963652624767,22050.768835318577
Adolescent: 0.5 coverage,2069.0,cancer_deaths,20440.32198152072,19820.918033388265,21059.725929653174
Adolescent: 0.5 coverage,2069.0,cancer_deaths,23289.576676204488,21803.007610491208,24776.145741917764
Adolescent: 0.5 coverage,2069.0,cancer_deaths,23165.69661758082,22546.292503311357,23785.10073185028
Adolescent: 0.5 coverage,2070.0,cancer_deaths,24652.2657386731,23785.10172867232,25519.429748673883
Adolescent: 0.5 coverage,2070.0,cancer_deaths,23289.577174615504,22546.293389375394,24032.860959855614
Adolescent: 0.5 coverage,2070.0,cancer_deaths,21803.009991788298,19820.91847642028,23785.101507156312
Adolescent: 0.5 coverage,2070.0,cancer_deaths,21307.48493932046,21059.72371449309,21555.24616414783
Adolescent: 0.5 coverage,2071.0,cancer_deaths,22298.53127848399,21307.485936142497,23289.576620825483
Adolescent: 0.5 coverage,2071.0,cancer_deaths,19944.79947648698,17343.304123744514,22546.294829229446
Adolescent: 0.5 coverage,2071.0,cancer_deaths,21059.723271461076,18582.110137123353,23537.3364057988
Adolescent: 0.5 coverage,2071.0,cancer_deaths,23537.339562401918,21555.247936275897,25519.43118852794
Adolescent: 0.5 coverage,2072.0,cancer_deaths,22546.2936108914,20811.96404027778,24280.62318150502
Adolescent: 0.5 coverage,2072.0,cancer_deaths,22174.652493577374,20068.680144279664,24280.624842875084
Adolescent: 0.5 coverage,2072.0,cancer_deaths,22422.41216779269,19820.918808694292,25023.90552689108
Adolescent: 0.5 coverage,2072.0,cancer_deaths,19944.79842428594,18086.58757671061,21803.00927186127
Adolescent: 0.5 coverage,2073.0,cancer_deaths,22422.411835518673,21555.246828695857,23289.576842341492
Adolescent: 0.5 coverage,2073.0,cancer_deaths,19697.03714407957,17343.30345919649,22050.770828962653
Adolescent: 0.5 coverage,2073.0,cancer_deaths,17962.70790573996,15361.213882093543,20564.201929386378
Adolescent: 0.5 coverage,2073.0,cancer_deaths,18582.11091242938,16600.019673956376,20564.202150902387
Adolescent: 0.5 coverage,2074.0,cancer_deaths,22174.65000152228,21307.483942498424,23041.816060546138
Adolescent: 0.5 coverage,2074.0,cancer_deaths,19449.275476220184,18334.34858002197,20564.202372418396
Adolescent: 0.5 coverage,2074.0,cancer_deaths,20811.96154822269,20564.201043322348,21059.722053123034
Adolescent: 0.5 coverage,2074.0,cancer_deaths,21926.890493443978,21059.725929653177,22794.05505723478
Adolescent: 0.5 coverage,2075.0,cancer_deaths,19077.633860495138,19077.633805116137,19077.63391587414
Adolescent: 0.5 coverage,2075.0,cancer_deaths,21803.009714893284,20068.680255037667,23537.3391747489
Adolescent: 0.5 coverage,2075.0,cancer_deaths,21059.72443442012,18829.872469530765,23289.576399309477
Adolescent: 0.5 coverage,2075.0,cancer_deaths,20811.962766560733,18334.349244569996,23289.57628855147
Adolescent: 0.5 coverage,2076.0,cancer_deaths,20564.201541733368,20564.20026801632,20564.20281545041
Adolescent: 0.5 coverage,2076.0,cancer_deaths,20440.320984698683,20316.440704559012,20564.201264838353
Adolescent: 0.5 coverage,2076.0,cancer_deaths,21555.247327106874,19820.91759035625,23289.577063857498
Adolescent: 0.5 coverage,2076.0,cancer_deaths,22298.531610758004,19573.15503643283,25023.90818508318
Adolescent: 0.5 coverage,2077.0,cancer_deaths,19697.03614725753,19573.155257948838,19820.91703656623
Adolescent: 0.5 coverage,2077.0,cancer_deaths,23537.338731716885,21307.48648993252,25767.190973501252
Adolescent: 0.5 coverage,2077.0,cancer_deaths,19325.393977742468,17591.06401947583,21059.7239360091
Adolescent: 0.5 coverage,2077.0,cancer_deaths,19201.51541435186,16352.25955670905,22050.771271994665
Adolescent: 0.5 coverage,2078.0,cancer_deaths,23041.815783651127,19325.394808427496,26758.23675887476
Adolescent: 0.5 coverage,2078.0,cancer_deaths,19449.274645535155,18334.34769395794,20564.20159711237
Adolescent: 0.5 coverage,2078.0,cancer_deaths,22422.413275372724,20811.96348648776,24032.863064257694
Adolescent: 0.5 coverage,2078.0,cancer_deaths,19573.15553484385,19077.633251326115,20068.677818361582
Adolescent: 0.5 coverage,2079.0,cancer_deaths,21183.605323728814,18829.870808160704,23537.339839296925
Adolescent: 0.5 coverage,2079.0,cancer_deaths,22546.293001722377,22298.531389241994,22794.054614202763
Adolescent: 0.5 coverage,2079.0,cancer_deaths,21555.248379307915,19573.156808560896,23537.33995005493
Adolescent: 0.5 coverage,2079.0,cancer_deaths,23289.57789454253,20564.201818628375,26014.953970456685
Adolescent: 0.5 coverage,2080.0,cancer_deaths,20316.440206147992,17838.82546581921,22794.054946476776
Adolescent: 0.5 coverage,2080.0,cancer_deaths,20316.440483043,20316.440372284997,20316.440593801006
Adolescent: 0.5 coverage,2080.0,cancer_deaths,22174.650333796293,21803.00772124921,22546.292946343376
Adolescent: 0.5 coverage,2080.0,cancer_deaths,19697.03692256356,16847.780788025742,22546.29305710138
Adolescent: 0.5 coverage,2081.0,cancer_deaths,17591.06418561284,17343.301797826425,17838.826573399252
Adolescent: 0.5 coverage,2081.0,cancer_deaths,20564.201984765383,19820.91847642028,21307.485493110486
Adolescent: 0.5 coverage,2081.0,cancer_deaths,24528.385126259418,22794.054614202763,26262.715638316073
Adolescent: 0.5 coverage,2081.0,cancer_deaths,20935.84362817993,20068.679258215634,21803.00799814422
Adolescent: 0.5 coverage,2082.0,cancer_deaths,24900.028403354525,24528.38684300848,25271.669963700566
Adolescent: 0.5 coverage,2082.0,cancer_deaths,17714.94474264752,17343.302351616447,18086.587133678593
Adolescent: 0.5 coverage,2082.0,cancer_deaths,22050.770939720656,22050.770164414625,22050.771715026684
Adolescent: 0.5 coverage,2082.0,cancer_deaths,21555.24693945386,21059.72360373509,22050.770275172632
Adolescent: 0.5 coverage,2083.0,cancer_deaths,22917.935448132455,21307.485050078467,24528.385846186444
Adolescent: 0.5 coverage,2083.0,cancer_deaths,20316.440510732504,20068.67859366761,20564.202427797398
Adolescent: 0.5 coverage,2083.0,cancer_deaths,20316.440275371744,19573.155700980853,21059.724849762635
Adolescent: 0.5 coverage,2083.0,cancer_deaths,18829.870600489445,17838.82405365466,19820.91714732423
Adolescent: 0.5 coverage,2084.0,cancer_deaths,21183.605808295084,20316.440316905995,22050.77129968417
Adolescent: 0.5 coverage,2084.0,cancer_deaths,21307.485825384494,20316.440593801006,22298.531056967982
Adolescent: 0.5 coverage,2084.0,cancer_deaths,21183.6049360758,18829.870586644694,23537.339285506907
Adolescent: 0.5 coverage,2084.0,cancer_deaths,22670.174777095104,21555.24693945386,23785.102614736352
Adolescent: 0.5 coverage,2085.0,cancer_deaths,22546.29416468142,21555.24849006592,23537.33983929693
Adolescent: 0.5 coverage,2085.0,cancer_deaths,18953.751711314148,18086.586690646578,19820.916731981717
Adolescent: 0.5 coverage,2085.0,cancer_deaths,20316.439513910467,19573.154814916823,21059.72421290411
Adolescent: 0.5 coverage,2085.0,cancer_deaths,17591.06266269028,17343.30141017341,17838.82391520715
Adolescent: 0.5 coverage,2086.0,cancer_deaths,19944.797316705903,19077.63225450408,20811.962378907723
Adolescent: 0.5 coverage,2086.0,cancer_deaths,22174.651067568073,21555.247299417373,22794.054835718773
Adolescent: 0.5 coverage,2086.0,cancer_deaths,22794.055029545278,22050.770884341655,23537.3391747489
Adolescent: 0.5 coverage,2086.0,cancer_deaths,17838.824842805436,17095.54090527307,18582.108780337803
Adolescent: 0.5 coverage,2087.0,cancer_deaths,20811.963901830277,20316.44098145402,21307.486822206534
Adolescent: 0.5 coverage,2087.0,cancer_deaths,19077.632226814578,17591.063022653794,20564.20143097536
Adolescent: 0.5 coverage,2087.0,cancer_deaths,20192.558541533268,19325.39325781544,21059.723825251098
Adolescent: 0.5 coverage,2087.0,cancer_deaths,22050.77021979363,20564.201264838353,23537.339174748904
Adolescent: 0.5 coverage,2088.0,cancer_deaths,21183.606140569096,20068.679285905135,22298.532995233058
Adolescent: 0.5 coverage,2088.0,cancer_deaths,24032.86212281466,21307.48560386849,26758.23864176083
Adolescent: 0.5 coverage,2088.0,cancer_deaths,20688.081503443776,19573.15470415882,21803.008302728733
Adolescent: 0.5 coverage,2088.0,cancer_deaths,19944.797842806416,19573.15509181183,20316.440593801006
Adolescent: 0.5 coverage,2089.0,cancer_deaths,18705.990029610013,17343.302240858444,20068.677818361582
Adolescent: 0.5 coverage,2089.0,cancer_deaths,18705.99030650502,17591.06401947583,19820.91659353421
Adolescent: 0.5 coverage,2089.0,cancer_deaths,23785.100953366295,23289.57728537351,24280.62462135908
Adolescent: 0.5 coverage,2089.0,cancer_deaths,20564.200904874844,18086.585527687537,23041.81628206215
Adolescent: 0.5 coverage,2090.0,cancer_deaths,21803.008939587256,19573.15614401287,24032.861735161645
Adolescent: 0.5 coverage,2090.0,cancer_deaths,20935.84315745841,19573.155147190835,22298.53116772599
Adolescent: 0.5 coverage,2090.0,cancer_deaths,17962.705995164393,16600.018151033823,19325.393839294964
Adolescent: 0.5 coverage,2090.0,cancer_deaths,20316.439486220967,20068.677929119585,20564.201043322348
Adolescent: 0.5 coverage,2091.0,cancer_deaths,22670.173558757062,20564.200711048336,24776.14640646579
Adolescent: 0.5 coverage,2091.0,cancer_deaths,21059.72443442012,20811.963264971753,21307.48560386849
Adolescent: 0.5 coverage,2091.0,cancer_deaths,23413.458216216455,23289.577977611036,23537.338454821875
Adolescent: 0.5 coverage,2091.0,cancer_deaths,22670.173309551552,22546.292309484856,22794.054309618252
Adolescent: 0.5 coverage,2092.0,cancer_deaths,21926.890175014716,21803.009714893287,22050.770635136145
Adolescent: 0.5 coverage,2092.0,cancer_deaths,19573.155244104088,17838.825105855696,21307.48538235248
Adolescent: 0.5 coverage,2092.0,cancer_deaths,24032.8618597644,20316.439790805478,27749.283928723322
Adolescent: 0.5 coverage,2092.0,cancer_deaths,20564.20064182458,20068.677762982577,21059.723520666586
Adolescent: 0.5 coverage,2093.0,cancer_deaths,22917.935323529702,21803.00863500275,24032.862012056656
Adolescent: 0.5 coverage,2093.0,cancer_deaths,24652.265060280326,21803.008524244742,27501.521596315913
Adolescent: 0.5 coverage,2093.0,cancer_deaths,22670.173392620054,21555.247271727872,23785.09951351224
Adolescent: 0.5 coverage,2093.0,cancer_deaths,22174.65072144931,19077.632199125077,25271.66924377354
Adolescent: 0.5 coverage,2094.0,cancer_deaths,19201.513683758043,19077.632919052103,19325.394448463983
Adolescent: 0.5 coverage,2094.0,cancer_deaths,24404.503600092197,21555.246441042844,27253.760759141554
Adolescent: 0.5 coverage,2094.0,cancer_deaths,23661.21902570131,22298.53119541549,25023.90685598713
Adolescent: 0.5 coverage,2094.0,cancer_deaths,23413.457648581687,21555.246496421845,25271.668800741525
Adolescent: 0.5 coverage,2095.0,cancer_deaths,21431.367060811954,21307.486268416513,21555.247853207395
Adolescent: 0.5 coverage,2095.0,cancer_deaths,21307.48514699172,20316.439624668474,22298.53066931497
Adolescent: 0.5 coverage,2095.0,cancer_deaths,24156.742416799083,22794.05400503374,25519.430828564426
Adolescent: 0.5 coverage,2095.0,cancer_deaths,21679.127358041038,19077.632199125077,24280.622516957
Adolescent: 0.5 coverage,2096.0,cancer_deaths,19944.79727517165,18582.109278748823,21307.485271594476
Adolescent: 0.5 coverage,2096.0,cancer_deaths,20688.082320284055,19077.6327529151,22298.531887653015
Adolescent: 0.5 coverage,2096.0,cancer_deaths,24156.742319885827,23785.100538023777,24528.384101747877
Adolescent: 0.5 coverage,2096.0,cancer_deaths,25023.907119037387,21555.24724403837,28492.566994036406
Adolescent: 0.5 coverage,2097.0,cancer_deaths,21183.60461764654,18582.10947257533,23785.099762717746
Adolescent: 0.5 coverage,2097.0,cancer_deaths,23661.219067235557,20564.20087718534,26758.23725728578
Adolescent: 0.5 coverage,2097.0,cancer_deaths,26510.475727873898,26014.953112082156,27005.998343665644
Adolescent: 0.5 coverage,2097.0,cancer_deaths,23165.696105325056,21555.24724403837,24776.144966611737
Adolescent: 0.5 coverage,2098.0,cancer_deaths,24404.503724694958,21307.485299283977,27501.522150105935
Adolescent: 0.5 coverage,2098.0,cancer_deaths,22794.05371429398,21803.007665870213,23785.099762717746
Adolescent: 0.5 coverage,2098.0,cancer_deaths,25891.07227815246,25767.19091812225,26014.953638182673
Adolescent: 0.5 coverage,2098.0,cancer_deaths,24652.265101814577,24032.86079371861,25271.669409910548
Adolescent: 0.5 coverage,2099.0,cancer_deaths,23908.981330419218,22546.292974032876,25271.66968680556
Adolescent: 0.5 coverage,2099.0,cancer_deaths,23785.099665804497,23537.33801178986,24032.86131981913
Adolescent: 0.5 coverage,2099.0,cancer_deaths,23785.100579558028,23041.81614361464,24528.385015501415
Adolescent: 0.5 coverage,2099.0,cancer_deaths,23908.98110890321,22298.532081479523,25519.430136326897
Adolescent: 0.5 coverage,2100.0,cancer_deaths,23041.815506756117,22794.054364997253,23289.576648514983
Adolescent: 0.5 coverage,1960.0,cum_cancers,0.0,0.0,0.0
Adolescent: 0.5 coverage,1960.0,cum_cancers,0.0,0.0,0.0
Adolescent: 0.5 coverage,1960.0,cum_cancers,0.0,0.0,0.0
Adolescent: 0.5 coverage,1960.0,cum_cancers,0.0,0.0,0.0
Adolescent: 0.5 coverage,1961.0,cum_cancers,0.0,0.0,0.0
Adolescent: 0.5 coverage,1961.0,cum_cancers,0.0,0.0,0.0
Adolescent: 0.5 coverage,1961.0,cum_cancers,0.0,0.0,0.0
Adolescent: 0.5 coverage,1961.0,cum_cancers,0.0,0.0,0.0
Adolescent: 0.5 coverage,1962.0,cum_cancers,0.0,0.0,0.0
Adolescent: 0.5 coverage,1962.0,cum_cancers,0.0,0.0,0.0
Adolescent: 0.5 coverage,1962.0,cum_cancers,0.0,0.0,0.0
Adolescent: 0.5 coverage,1962.0,cum_cancers,0.0,0.0,0.0
Adolescent: 0.5 coverage,1963.0,cum_cancers,247.76147403287825,0.0,495.5229480657565
Adolescent: 0.5 coverage,1963.0,cum_cancers,247.76147403287825,0.0,495.5229480657565
Adolescent: 0.5 coverage,1963.0,cum_cancers,495.5229480657565,495.5229480657565,495.5229480657565
Adolescent: 0.5 coverage,1963.0,cum_cancers,619.4036850821956,495.5229480657565,743.2844220986348
Adolescent: 0.5 coverage,1964.0,cum_cancers,619.4036850821956,495.5229480657565,743.2844220986348
Adolescent: 0.5 coverage,1964.0,cum_cancers,619.4036850821956,495.5229480657565,743.2844220986348
Adolescent: 0.5 coverage,1964.0,cum_cancers,867.165159115074,743.2844220986348,991.045896131513
Adolescent: 0.5 coverage,1964.0,cum_cancers,1114.926633147952,991.045896131513,1238.8073701643912
Adolescent: 0.5 coverage,1965.0,cum_cancers,1486.5688441972693,1238.8073701643912,1734.3303182301477
Adolescent: 0.5 coverage,1965.0,cum_cancers,1734.3303182301477,1238.8073701643912,2229.853266295904
Adolescent: 0.5 coverage,1965.0,cum_cancers,2105.9725292794647,1486.5688441972693,2725.3762143616605
Adolescent: 0.5 coverage,1965.0,cum_cancers,2601.495477345221,2229.8532662959037,2973.1376883945386
Adolescent: 0.5 coverage,1966.0,cum_cancers,2973.1376883945386,2725.3762143616605,3220.8991624274167
Adolescent: 0.5 coverage,1966.0,cum_cancers,3344.779899443856,2973.1376883945386,3716.422110493173
Adolescent: 0.5 coverage,1966.0,cum_cancers,4211.945058558929,3468.660636460295,4955.229480657564
Adolescent: 0.5 coverage,1966.0,cum_cancers,4583.587269608246,3716.422110493173,5450.75242872332
Adolescent: 0.5 coverage,1967.0,cum_cancers,5450.752428723321,4707.4680066246865,6194.036850821955
Adolescent: 0.5 coverage,1967.0,cum_cancers,6070.156113805517,5202.990954690443,6937.32127292059
Adolescent: 0.5 coverage,1967.0,cum_cancers,7556.724971847536,7185.082746953469,7928.367196741604
Adolescent: 0.5 coverage,1967.0,cum_cancers,8547.770881823799,7680.605695019224,9414.936068628374
Adolescent: 0.5 coverage,1968.0,cum_cancers,9291.055290077684,8919.413037494116,9662.697542661252
Adolescent: 0.5 coverage,1968.0,cum_cancers,9910.45897515988,9414.935985559872,10405.981964759887
Adolescent: 0.5 coverage,1968.0,cum_cancers,10405.981923225634,10158.220407658506,10653.743438792764
Adolescent: 0.5 coverage,1968.0,cum_cancers,11644.789307234778,11149.26630379002,12140.312310679536
Adolescent: 0.5 coverage,1969.0,cum_cancers,12264.192992316972,11644.789251855775,12883.59673277817
Adolescent: 0.5 coverage,1969.0,cum_cancers,13379.119639309674,12635.835175676788,14122.40410294256
Adolescent: 0.5 coverage,1969.0,cum_cancers,15237.330666866761,15113.449832937069,15361.211500796453
Adolescent: 0.5 coverage,1969.0,cum_cancers,16600.01877404759,16352.257396927966,16847.780151167215
Adolescent: 0.5 coverage,1970.0,cum_cancers,18953.752708136184,18829.872054188247,19077.633362084118
Adolescent: 0.5 coverage,1970.0,cum_cancers,21555.24811625765,21555.2480470339,21555.248185481407
Adolescent: 0.5 coverage,1970.0,cum_cancers,23041.81697429967,22794.05555564579,23289.578392953546
Adolescent: 0.5 coverage,1970.0,cum_cancers,23661.220659381863,23289.57850371155,24032.86281505218
Adolescent: 0.5 coverage,1971.0,cum_cancers,25147.789503579137,25023.908711183696,25271.670295974574
Adolescent: 0.5 coverage,1971.0,cum_cancers,27253.76201901385,26014.95471807321,28492.56931995449
Adolescent: 0.5 coverage,1971.0,cum_cancers,29731.376731653134,27749.285091682366,31713.4683716239
Adolescent: 0.5 coverage,1971.0,cum_cancers,32085.110734965474,29731.376911634892,34438.844558296056
Adolescent: 0.5 coverage,1972.0,cum_cancers,34686.606143086945,32704.514544650425,36668.69774152346
Adolescent: 0.5 coverage,1972.0,cum_cancers,38774.670381560936,35677.652205355465,41871.6885577664
Adolescent: 0.5 coverage,1972.0,cum_cancers,41747.80801457647,38898.55128471438,44597.064744438554
Adolescent: 0.5 coverage,1972.0,cum_cancers,46207.514505634026,43853.78070999295,48561.24830127511
Adolescent: 0.5 coverage,1973.0,cum_cancers,49428.413640371946,47322.44129107424,51534.38598966965
Adolescent: 0.5 coverage,1973.0,cum_cancers,51782.14765752904,49800.05603140303,53764.23928365506
Adolescent: 0.5 coverage,1973.0,cum_cancers,55994.092646864214,53516.47808651719,58471.707207211235
Adolescent: 0.5 coverage,1973.0,cum_cancers,58100.065162298924,55498.56987878021,60701.56044581764
Adolescent: 0.5 coverage,1974.0,cum_cancers,61940.367982119045,58223.94603776288,65656.7899264752
Adolescent: 0.5 coverage,1974.0,cum_cancers,67391.12027239485,62435.891013253306,72346.34953153641
Adolescent: 0.5 coverage,1974.0,cum_cancers,70488.13864242684,65656.79012030172,75319.48716455195
Adolescent: 0.5 coverage,1974.0,cum_cancers,76929.93678729991,72841.87264573917,81018.00092886065
Adolescent: 0.5 coverage,1975.0,cum_cancers,81018.00106730816,76310.53325450998,85725.46888010633
Adolescent: 0.5 coverage,1975.0,cum_cancers,86468.75392521874,83495.61680445897,89441.89104597851
Adolescent: 0.5 coverage,1975.0,cum_cancers,90185.17595264342,87212.03883188365,93158.31307340317
Adolescent: 0.5 coverage,1975.0,cum_cancers,95388.16674119685,91919.50672775033,98856.82675464338
Adolescent: 0.5 coverage,1976.0,cum_cancers,99847.87316303066,94397.12141270011,105298.62491336119
Adolescent: 0.5 coverage,1976.0,cum_cancers,103564.29519045532,98113.54346781428,109015.04691309636
Adolescent: 0.5 coverage,1976.0,cum_cancers,107528.47871960237,103068.77286540334,111988.18457380141
Adolescent: 0.5 coverage,1976.0,cum_cancers,112112.06585076312,107032.95636686089,117191.17533466533
Adolescent: 0.5 coverage,1977.0,cum_cancers,117686.69894727912,112979.23157751295,122394.16631704528
Adolescent: 0.5 coverage,1977.0,cum_cancers,123632.97419946545,120659.83710639519,126606.1112925357
Adolescent: 0.5 coverage,1977.0,cum_cancers,127473.2769500618,124871.78208188561,130074.77181823799
Adolescent: 0.5 coverage,1977.0,cum_cancers,134410.59851372213,132304.62669052495,136516.57033691934
Adolescent: 0.5 coverage,1978.0,cum_cancers,139118.0664234336,138003.14053790216,140232.992308965
Adolescent: 0.5 coverage,1978.0,cum_cancers,144197.17654419434,143949.41580393325,144444.93728445543
Adolescent: 0.5 coverage,1978.0,cum_cancers,149524.04809745372,148904.6451461433,150143.45104876414
Adolescent: 0.5 coverage,1978.0,cum_cancers,156213.60771635966,154850.9204398639,157576.29499285546
Adolescent: 0.5 coverage,1979.0,cum_cancers,163646.45231115428,159558.38841879903,167734.51620350953
Adolescent: 0.5 coverage,1979.0,cum_cancers,170583.77339024836,164761.379179663,176406.16760083375
Adolescent: 0.5 coverage,1979.0,cum_cancers,176653.9293379169,170955.41589203745,182352.44278379634
Adolescent: 0.5 coverage,1979.0,cum_cancers,185697.22395695726,179379.30695059837,192015.14096331614
Adolescent: 0.5 coverage,1980.0,cum_cancers,192882.3066762212,184582.29782222028,201182.3155302221
Adolescent: 0.5 coverage,1980.0,cum_cancers,200686.79364820215,193006.18846543867,208367.39883096563
Adolescent: 0.5 coverage,1980.0,cum_cancers,205518.1424333775,198456.940894162,212579.34397259305
Adolescent: 0.5 coverage,1980.0,cum_cancers,211464.41763018485,203412.17023637207,219516.66502399763
Adolescent: 0.5 coverage,1981.0,cum_cancers,219640.54631480406,210597.252955636,228683.83967397214
Adolescent: 0.5 coverage,1981.0,cum_cancers,225834.5829856443,217534.57400704062,234134.59196424796
Adolescent: 0.5 coverage,1981.0,cum_cancers,233391.30772213108,223976.37216575845,242806.24327850368
Adolescent: 0.5 coverage,1981.0,cum_cancers,240080.86738257128,230913.693272542,249248.04149260055
Adolescent: 0.5 coverage,1982.0,cum_cancers,249991.32695305542,239089.8222202115,260892.83168589935
Adolescent: 0.5 coverage,1982.0,cum_cancers,256309.24440244632,246027.14343775308,266591.34536713955
Adolescent: 0.5 coverage,1982.0,cum_cancers,264857.01579652587,253212.22621239608,276501.8053806556
Adolescent: 0.5 coverage,1982.0,cum_cancers,272537.62153307936,260892.8316028308,284182.41146332794
Adolescent: 0.5 coverage,1983.0,cum_cancers,280837.63076088857,268325.67565768014,293349.58586409694
Adolescent: 0.5 coverage,1983.0,cum_cancers,289261.5214456412,275758.520072493,302764.52281878935
Adolescent: 0.5 coverage,1983.0,cum_cancers,296818.24616828316,284925.694251746,308710.7980848204
Adolescent: 0.5 coverage,1983.0,cum_cancers,304746.61307428504,293349.58400890033,316143.64213966974
Adolescent: 0.5 coverage,1984.0,cum_cancers,314161.54958594544,301030.1897316091,327292.9094402818
Adolescent: 0.5 coverage,1984.0,cum_cancers,320603.34773081855,307471.98794570594,333734.70751593116
Adolescent: 0.5 coverage,1984.0,cum_cancers,327912.31114556466,314161.54760614614,341663.07468498324
Adolescent: 0.5 coverage,1984.0,cum_cancers,335840.67824539304,321594.3916056165,350086.9648851696
Adolescent: 0.5 coverage,1985.0,cum_cancers,343645.16453898116,330018.28166735533,357272.047410607
Adolescent: 0.5 coverage,1985.0,cum_cancers,352192.9354346497,337698.887168548,366686.9837007514
Adolescent: 0.5 coverage,1985.0,cum_cancers,360369.0638839082,347361.5844620038,373376.54330581264
Adolescent: 0.5 coverage,1985.0,cum_cancers,366563.1009977804,353060.0982816915,380066.1037138693
Adolescent: 0.5 coverage,1986.0,cum_cancers,375730.2755646864,362227.27312549244,389233.2780038804
Adolescent: 0.5 coverage,1986.0,cum_cancers,385392.97375805094,370651.16343643685,400134.784079665
Adolescent: 0.5 coverage,1986.0,cum_cancers,395055.6719098812,381552.66945684253,408558.6743629199
Adolescent: 0.5 coverage,1986.0,cum_cancers,401992.993168957,389233.2753456882,414752.7109922258
Adolescent: 0.5 coverage,1987.0,cum_cancers,411036.2868742439,395922.83500612853,426149.7387423592
Adolescent: 0.5 coverage,1987.0,cum_cancers,419955.70009171974,407319.8629777779,432591.5372056616
Adolescent: 0.5 coverage,1987.0,cum_cancers,428998.99440617557,415991.51515040814,442006.47366194293
Adolescent: 0.5 coverage,1987.0,cum_cancers,438290.0500285273,425901.9738902073,450678.12616684724
Adolescent: 0.5 coverage,1988.0,cum_cancers,447828.86738796206,437051.24108006136,458606.4936958628
Adolescent: 0.5 coverage,1988.0,cum_cancers,455509.4733321868,446466.17775785876,464552.7689065149
Adolescent: 0.5 coverage,1988.0,cum_cancers,463066.1983040343,454642.3062071172,471490.09040095145
Adolescent: 0.5 coverage,1988.0,cum_cancers,473719.9425735122,464305.00433125807,483134.8808157663
Adolescent: 0.5 coverage,1989.0,cum_cancers,482391.59397083643,472481.1327251375,492302.05521653534
Adolescent: 0.5 coverage,1989.0,cum_cancers,491558.7686069661,480657.26111901697,502460.27609491535
Adolescent: 0.5 coverage,1989.0,cum_cancers,503079.6774679243,492054.28864763444,514105.0662882142
Adolescent: 0.5 coverage,1989.0,cum_cancers,512370.733533308,500973.702598882,523767.76446773397
Adolescent: 0.5 coverage,1990.0,cum_cancers,522900.5967196506,513609.5389098284,532191.6545294728
Adolescent: 0.5 coverage,1990.0,cum_cancers,531324.4865875631,523024.47453542484,539624.4986397013
Adolescent: 0.5 coverage,1990.0,cum_cancers,540615.5423760517,530209.5570331728,551021.5277189306
Adolescent: 0.5 coverage,1990.0,cum_cancers,549782.7167768208,541358.8228939308,558206.6106597107
Adolescent: 0.5 coverage,1991.0,cum_cancers,560312.5802400582,551021.5208519346,569603.639628182
Adolescent: 0.5 coverage,1991.0,cum_cancers,571337.9665406037,563657.3567198488,579018.5763613585
Adolescent: 0.5 coverage,1991.0,cum_cancers,580752.9029691955,573320.0539025465,588185.7520358445
Adolescent: 0.5 coverage,1991.0,cum_cancers,589052.9125985025,578770.8063035804,599335.0188934245
Adolescent: 0.5 coverage,1992.0,cum_cancers,598096.2064699263,587937.9813688975,608254.4315709552
Adolescent: 0.5 coverage,1992.0,cum_cancers,606272.3356252671,595123.0639220243,617421.6073285098
Adolescent: 0.5 coverage,1992.0,cum_cancers,616058.9140295475,604290.2384335514,627827.5896255437
Adolescent: 0.5 coverage,1992.0,cum_cancers,626712.6582159568,615191.74428782,638233.5721440935
Adolescent: 0.5 coverage,1993.0,cum_cancers,636870.8787897523,624358.9185778311,649382.8390016735
Adolescent: 0.5 coverage,1993.0,cum_cancers,646038.0534674162,634021.6158712867,658054.4910635458
Adolescent: 0.5 coverage,1993.0,cum_cancers,653594.7785084876,640463.4140576941,666726.1429592811
Adolescent: 0.5 coverage,1993.0,cum_cancers,663505.2381897297,650373.8734066623,676636.6029727972
Adolescent: 0.5 coverage,1994.0,cum_cancers,671681.3675665866,658302.2407418515,685060.4943913217
Adolescent: 0.5 coverage,1994.0,cum_cancers,680848.5427288169,666973.8925545182,694723.1929031154
Adolescent: 0.5 coverage,1994.0,cum_cancers,689520.194458415,674902.2595020543,704138.1294147758
Adolescent: 0.5 coverage,1994.0,cum_cancers,699554.5345305549,683573.9107886206,715535.1582724892
Adolescent: 0.5 coverage,1995.0,cum_cancers,710084.3967200754,697696.314116257,722472.4793238938
Adolescent: 0.5 coverage,1995.0,cum_cancers,719994.8560136646,707854.5346346736,732135.1773926556
Adolescent: 0.5 coverage,1995.0,cum_cancers,731144.1224282125,717021.7088139266,745266.5360424987
Adolescent: 0.5 coverage,1995.0,cum_cancers,739320.2509882291,725941.1215468361,752699.380429622
Adolescent: 0.5 coverage,1996.0,cum_cancers,749850.1143545534,735851.5812003887,763848.647508718
Adolescent: 0.5 coverage,1996.0,cum_cancers,761371.023796991,748982.9404040219,773759.1071899602
Adolescent: 0.5 coverage,1996.0,cum_cancers,773387.4562982523,763353.1068393717,783421.8057571329
Adolescent: 0.5 coverage,1996.0,cum_cancers,784041.2000970086,774254.6122506085,793827.7879434088
Adolescent: 0.5 coverage,1997.0,cum_cancers,795685.9906225814,785403.8793297046,805968.1019154583
Adolescent: 0.5 coverage,1997.0,cum_cancers,805968.0924318044,797296.4308585887,814639.75400502
Adolescent: 0.5 coverage,1997.0,cum_cancers,816002.4324485653,807702.4131556225,824302.451741508
Adolescent: 0.5 coverage,1997.0,cum_cancers,826780.057095096,817860.6344493452,835699.4797408469
Adolescent: 0.5 coverage,1998.0,cum_cancers,836814.3968349618,829753.1853136813,843875.6083562425
Adolescent: 0.5 coverage,1998.0,cum_cancers,845609.9293984898,839663.6449395445,851556.213857435
Adolescent: 0.5 coverage,1998.0,cum_cancers,853662.1771245766,848583.0578939702,858741.296355183
Adolescent: 0.5 coverage,1998.0,cum_cancers,862705.4714390323,858741.2784123867,866669.6644656782
Adolescent: 0.5 coverage,1999.0,cum_cancers,873483.0961270975,869642.7831590754,877323.4090951195
Adolescent: 0.5 coverage,1999.0,cum_cancers,885004.0051541924,883021.9036982937,886986.1066100912
Adolescent: 0.5 coverage,1999.0,cum_cancers,895533.8689081699,892436.8405699177,898630.897246422
Adolescent: 0.5 coverage,1999.0,cum_cancers,906187.6128176842,905320.4382164493,907054.7874189189
Adolescent: 0.5 coverage,2000.0,cum_cancers,917212.9977337546,913744.3282781882,920681.6671893208
Adolescent: 0.5 coverage,2000.0,cum_cancers,927742.8613908186,925389.1190806562,930096.603700981
Adolescent: 0.5 coverage,2000.0,cum_cancers,938024.9631861968,935795.101156174,940254.8252162195
Adolescent: 0.5 coverage,2000.0,cum_cancers,948554.8257910599,946201.083453208,950908.5681289118
Adolescent: 0.5 coverage,2001.0,cum_cancers,958713.0469740243,958341.3966499513,959084.6972980973
Adolescent: 0.5 coverage,2001.0,cum_cancers,972092.1668210054,971720.5332213908,972463.80042062
Adolescent: 0.5 coverage,2001.0,cum_cancers,982002.626474558,981383.2147595207,982622.0381895953
Adolescent: 0.5 coverage,2001.0,cum_cancers,993647.4161694457,993028.0039559975,994266.828382894
Adolescent: 0.5 coverage,2002.0,cum_cancers,1004548.9214145455,1004177.2874549673,1004920.5553741237
Adolescent: 0.5 coverage,2002.0,cum_cancers,1015326.545964163,1012848.9393507027,1017804.1525776233
Adolescent: 0.5 coverage,2002.0,cum_cancers,1025237.004980857,1023254.9213154624,1027219.0886462517
Adolescent: 0.5 coverage,2002.0,cum_cancers,1036138.5105582308,1032669.8572733329,1039607.1638431286
Adolescent: 0.5 coverage,2003.0,cum_cancers,1047287.7769450892,1046048.9764834553,1048526.5774067233
Adolescent: 0.5 coverage,2003.0,cum_cancers,1059551.9709757627,1058684.8127944018,1060419.1291571234
Adolescent: 0.5 coverage,2003.0,cum_cancers,1069957.953245107,1069834.0800950138,1070081.8263952003
Adolescent: 0.5 coverage,2003.0,cum_cancers,1079001.2472549784,1077762.432228667,1080240.0622812896
Adolescent: 0.5 coverage,2004.0,cum_cancers,1089778.8720814907,1088168.4151902488,1091389.3289727326
Adolescent: 0.5 coverage,2004.0,cum_cancers,1098946.0467314653,1097583.3512588772,1100308.7422040533
Adolescent: 0.5 coverage,2004.0,cum_cancers,1110962.4789281422,1109723.6637910728,1112201.2940652117
Adolescent: 0.5 coverage,2004.0,cum_cancers,1121492.3421975533,1121368.4537628554,1121616.230632251
Adolescent: 0.5 coverage,2005.0,cum_cancers,1133013.2510585114,1132765.497379073,1133261.0047379497
Adolescent: 0.5 coverage,2005.0,cum_cancers,1143914.75635899,1141684.9107211516,1146144.6019968283
Adolescent: 0.5 coverage,2005.0,cum_cancers,1155435.6657737382,1152586.4163539042,1158284.915193572
Adolescent: 0.5 coverage,2005.0,cum_cancers,1166213.2903787345,1162744.637647627,1169681.9431098423
Adolescent: 0.5 coverage,2006.0,cum_cancers,1179716.2905889237,1178353.6090995336,1181078.9720783136
Adolescent: 0.5 coverage,2006.0,cum_cancers,1189998.3920243382,1189750.6372096306,1190246.1468390462
Adolescent: 0.5 coverage,2006.0,cum_cancers,1201147.6586604025,1201147.652250283,1201147.6650705219
Adolescent: 0.5 coverage,2006.0,cum_cancers,1211553.641469692,1210067.0792709752,1213040.203668409
Adolescent: 0.5 coverage,2007.0,cum_cancers,1223570.073223337,1222455.153027998,1224684.9934186758
Adolescent: 0.5 coverage,2007.0,cum_cancers,1237692.4782123435,1237320.8297296222,1238064.1266950648
Adolescent: 0.5 coverage,2007.0,cum_cancers,1249956.6721876378,1247974.5741375475,1251938.770237728
Adolescent: 0.5 coverage,2007.0,cum_cancers,1262964.1496297428,1258876.0796872317,1267052.2195722542
Adolescent: 0.5 coverage,2008.0,cum_cancers,1273246.2518266188,1271016.392662459,1275476.1109907785
Adolescent: 0.5 coverage,2008.0,cum_cancers,1288607.4639365845,1285882.083208834,1291332.8446643348
Adolescent: 0.5 coverage,2008.0,cum_cancers,1301119.419192085,1298517.9191875064,1303720.919196664
Adolescent: 0.5 coverage,2008.0,cum_cancers,1312020.9248248376,1308923.9015952982,1315117.9480543772
Adolescent: 0.5 coverage,2009.0,cum_cancers,1322922.4308037092,1319329.88455688,1326514.9770505382
Adolescent: 0.5 coverage,2009.0,cum_cancers,1335186.6245574872,1332709.0049853404,1337664.2441296342
Adolescent: 0.5 coverage,2009.0,cum_cancers,1346335.8913043095,1342123.9410539689,1350547.84155465
Adolescent: 0.5 coverage,2009.0,cum_cancers,1360210.5343485614,1357237.3918283489,1363183.6768687742
Adolescent: 0.5 coverage,2010.0,cum_cancers,1372226.9667667544,1370120.9892533645,1374332.9442801443
Adolescent: 0.5 coverage,2010.0,cum_cancers,1383500.1148459173,1380526.9722149468,1386473.257476888
Adolescent: 0.5 coverage,2010.0,cum_cancers,1394525.501091084,1391676.239072527,1397374.7631096407
Adolescent: 0.5 coverage,2010.0,cum_cancers,1410010.5933704306,1407532.9724138088,1412488.2143270527
Adolescent: 0.5 coverage,2011.0,cum_cancers,1423761.3541962784,1421159.8521842104,1426362.856208346
Adolescent: 0.5 coverage,2011.0,cum_cancers,1436025.5478392984,1433547.9268272978,1438503.1688512992
Adolescent: 0.5 coverage,2011.0,cum_cancers,1447050.9338352594,1442219.578723033,1451882.2889474859
Adolescent: 0.5 coverage,2011.0,cum_cancers,1459810.6500663818,1457580.7902792084,1462040.5098535554
Adolescent: 0.5 coverage,2012.0,cum_cancers,1470464.3940866538,1467243.488791002,1473685.299382306
Adolescent: 0.5 coverage,2012.0,cum_cancers,1485082.3215253155,1484091.2696897862,1486073.3733608448
Adolescent: 0.5 coverage,2012.0,cum_cancers,1498709.2033447404,1497965.9126786594,1499452.4940108217
Adolescent: 0.5 coverage,2012.0,cum_cancers,1511840.5614961723,1508124.1341938977,1515556.988798447
Adolescent: 0.5 coverage,2013.0,cum_cancers,1525343.5625924254,1522989.8235219344,1527697.3016629166
Adolescent: 0.5 coverage,2013.0,cum_cancers,1539837.6089756414,1539094.3306313881,1540580.8873198945
Adolescent: 0.5 coverage,2013.0,cum_cancers,1553588.3705767947,1551730.1659455122,1555446.575208077
Adolescent: 0.5 coverage,2013.0,cum_cancers,1568454.0601817265,1567834.662948298,1569073.457415155
Adolescent: 0.5 coverage,2014.0,cum_cancers,1584558.555357005,1582700.3522763345,1586416.7584376754
Adolescent: 0.5 coverage,2014.0,cum_cancers,1597566.0336713295,1595831.7114799677,1599300.3558626913
Adolescent: 0.5 coverage,2014.0,cum_cancers,1613918.2909574993,1611936.2083719952,1615900.3735430033
Adolescent: 0.5 coverage,2014.0,cum_cancers,1628288.4567283012,1627545.1811529982,1629031.7323036043
Adolescent: 0.5 coverage,2015.0,cum_cancers,1642410.8604159013,1641915.3295624831,1642906.3912693195
Adolescent: 0.5 coverage,2015.0,cum_cancers,1659506.4007120053,1656285.494225705,1662727.3071983056
Adolescent: 0.5 coverage,2015.0,cum_cancers,1674372.089264736,1670655.6604395388,1678088.518089933
Adolescent: 0.5 coverage,2015.0,cum_cancers,1688618.373218631,1688494.500165451,1688742.246271811
Adolescent: 0.5 coverage,2016.0,cum_cancers,1705094.5120032788,1702864.6517038497,1707324.3723027078
Adolescent: 0.5 coverage,2016.0,cum_cancers,1719712.438777392,1716739.2951357549,1722685.5824190292
Adolescent: 0.5 coverage,2016.0,cum_cancers,1734206.4861020506,1729870.6540071138,1738542.3181969873
Adolescent: 0.5 coverage,2016.0,cum_cancers,1748452.7712050597,1743002.013099989,1753903.5293101307
Adolescent: 0.5 coverage,2017.0,cum_cancers,1762079.6516953888,1760840.8373474702,1763318.4660433074
Adolescent: 0.5 coverage,2017.0,cum_cancers,1777812.5049226682,1776449.809574683,1779175.2002706535
Adolescent: 0.5 coverage,2017.0,cum_cancers,1792925.9542571944,1791811.0364708418,1794040.8720435468
Adolescent: 0.5 coverage,2017.0,cum_cancers,1812746.8709614864,1811384.173730615,1814109.568192358
Adolescent: 0.5 coverage,2018.0,cum_cancers,1828603.6048565586,1828231.9519712068,1828975.2577419106
Adolescent: 0.5 coverage,2018.0,cum_cancers,1843964.8155820493,1843593.1631951085,1844336.46796899
Adolescent: 0.5 coverage,2018.0,cum_cancers,1861803.6406602152,1860193.1815399686,1863414.099780462
Adolescent: 0.5 coverage,2018.0,cum_cancers,1875802.1650368082,1873820.0638578043,1877784.266215812
Adolescent: 0.5 coverage,2019.0,cum_cancers,1890791.733343578,1890172.3399174558,1891411.1267697003
Adolescent: 0.5 coverage,2019.0,cum_cancers,1907515.632910021,1905781.3136952806,1909249.9521247614
Adolescent: 0.5 coverage,2019.0,cum_cancers,1922876.8448538496,1920894.7630298068,1924858.9266778925
Adolescent: 0.5 coverage,2019.0,cum_cancers,1937990.2946867864,1936255.973256886,1939724.616116687
Adolescent: 0.5 coverage,2020.0,cum_cancers,1952608.2218623976,1949635.093713036,1955581.3500117592
Adolescent: 0.5 coverage,2020.0,cum_cancers,1968217.1946434006,1965491.8280511403,1970942.5612356607
Adolescent: 0.5 coverage,2020.0,cum_cancers,1985188.8541609538,1981596.323060282,1988781.3852616257
Adolescent: 0.5 coverage,2020.0,cum_cancers,2004018.7262982107,2002656.047550081,2005381.40504634
Adolescent: 0.5 coverage,2021.0,cum_cancers,2021485.9094283779,2019999.3504554876,2022972.4684012681
Adolescent: 0.5 coverage,2021.0,cum_cancers,2037094.8834554078,2035360.56328538,2038829.203625436
Adolescent: 0.5 coverage,2021.0,cum_cancers,2055676.9933710154,2054685.9375205084,2056668.0492215224
Adolescent: 0.5 coverage,2021.0,cum_cancers,2072896.414556428,2070542.6710833064,2075250.1580295498
Adolescent: 0.5 coverage,2022.0,cum_cancers,2090363.5981296273,2085656.1218576864,2095071.074401568
Adolescent: 0.5 coverage,2022.0,cum_cancers,2106220.3329661423,2102751.66497812,2109689.000954165
Adolescent: 0.5 coverage,2022.0,cum_cancers,2121953.185695011,2118112.8758697473,2125793.495520275
Adolescent: 0.5 coverage,2022.0,cum_cancers,2138057.681091806,2135456.1773352996,2140659.184848312
Adolescent: 0.5 coverage,2023.0,cum_cancers,2155896.505394666,2152799.4784685783,2158993.5323207537
Adolescent: 0.5 coverage,2023.0,cum_cancers,2176832.3480814025,2171877.1096708807,2181787.5864919242
Adolescent: 0.5 coverage,2023.0,cum_cancers,2195662.2193879746,2188724.889572843,2202599.549203106
Adolescent: 0.5 coverage,2023.0,cum_cancers,2213624.9250785545,2206563.7151494203,2220686.135007689
Adolescent: 0.5 coverage,2024.0,cum_cancers,2229729.4208076233,2223163.732165185,2236295.1094500613
Adolescent: 0.5 coverage,2024.0,cum_cancers,2247568.246273442,2242736.886426311,2252399.606120573
Adolescent: 0.5 coverage,2024.0,cum_cancers,2265902.595296496,2260823.475332118,2270981.715260874
Adolescent: 0.5 coverage,2024.0,cum_cancers,2283369.778509732,2276184.68655602,2290554.870463444
Adolescent: 0.5 coverage,2025.0,cum_cancers,2299722.0359620387,2291298.137441158,2308145.9344829195
Adolescent: 0.5 coverage,2025.0,cum_cancers,2315950.411749731,2308393.677349609,2323507.1461498532
Adolescent: 0.5 coverage,2025.0,cum_cancers,2336762.37462705,2327966.832939832,2345557.916314268
Adolescent: 0.5 coverage,2025.0,cum_cancers,2357945.98100298,2349026.558537211,2366865.4034687486
Adolescent: 0.5 coverage,2026.0,cum_cancers,2377395.255260862,2368104.190902473,2386686.319619251
Adolescent: 0.5 coverage,2026.0,cum_cancers,2397216.171799017,2388420.629945662,2406011.7136523724
Adolescent: 0.5 coverage,2026.0,cum_cancers,2418647.5386244683,2411214.684892139,2426080.3923567976
Adolescent: 0.5 coverage,2026.0,cum_cancers,2436734.1249828413,2429053.5096934102,2444414.740272272
Adolescent: 0.5 coverage,2027.0,cum_cancers,2457793.8491957453,2451352.0409718943,2464235.6574195963
Adolescent: 0.5 coverage,2027.0,cum_cancers,2478977.4541872,2472659.526686521,2485295.381687879
Adolescent: 0.5 coverage,2027.0,cum_cancers,2497683.4445490837,2492232.6822767435,2503134.2068214244
Adolescent: 0.5 coverage,2027.0,cum_cancers,2518247.645647785,2512796.8838738557,2523698.4074217146
Adolescent: 0.5 coverage,2028.0,cum_cancers,2535343.1864423,2529149.1403293405,2541537.23255526
Adolescent: 0.5 coverage,2028.0,cum_cancers,2554544.7009705883,2551199.9112690613,2557889.4906721152
Adolescent: 0.5 coverage,2028.0,cum_cancers,2576967.1153535414,2573250.6837593946,2580683.546947688
Adolescent: 0.5 coverage,2028.0,cum_cancers,2597902.9589540316,2593319.3621315463,2602486.555776517
Adolescent: 0.5 coverage,2029.0,cum_cancers,2616732.8307036357,2612892.518164801,2620573.14324247
Adolescent: 0.5 coverage,2029.0,cum_cancers,2635191.0597299337,2631722.3894159934,2638659.7300438746
Adolescent: 0.5 coverage,2029.0,cum_cancers,2653525.408309956,2649808.976549672,2657241.8400702397
Adolescent: 0.5 coverage,2029.0,cum_cancers,2675823.9406406404,2673841.8390601394,2677806.042221142
Adolescent: 0.5 coverage,2030.0,cum_cancers,2696264.2613484445,2693414.9958687006,2699113.5268281884
Adolescent: 0.5 coverage,2030.0,cum_cancers,2718686.6745130597,2717943.3812718554,2719429.967754264
Adolescent: 0.5 coverage,2030.0,cum_cancers,2741480.729404157,2739003.1232337286,2743958.335574586
Adolescent: 0.5 coverage,2030.0,cum_cancers,2763035.9766205065,2759071.8019381543,2767000.1513028583
Adolescent: 0.5 coverage,2031.0,cum_cancers,2783847.938888656,2779388.240981343,2788307.6367959687
Adolescent: 0.5 coverage,2031.0,cum_cancers,2806146.470277898,2796236.019554209,2816056.921001587
Adolescent: 0.5 coverage,2031.0,cum_cancers,2828816.645054993,2815809.1756982217,2841824.1144117643
Adolescent: 0.5 coverage,2031.0,cum_cancers,2850991.2959425794,2837859.9461949104,2864122.645690248
Adolescent: 0.5 coverage,2032.0,cum_cancers,2872546.5435465816,2858176.386567196,2886916.700525967
Adolescent: 0.5 coverage,2032.0,cum_cancers,2895588.3605485708,2878492.8272717553,2912683.893825386
Adolescent: 0.5 coverage,2032.0,cum_cancers,2918506.295221397,2900048.073546661,2936964.5168961333
Adolescent: 0.5 coverage,2032.0,cum_cancers,2940185.4223856116,2920364.5125898505,2960006.332181373
Adolescent: 0.5 coverage,2033.0,cum_cancers,2958519.7697472954,2939194.3829549784,2977845.1565396124
Adolescent: 0.5 coverage,2033.0,cum_cancers,2980694.4206348816,2961988.4373476654,2999400.403922098
Adolescent: 0.5 coverage,2033.0,cum_cancers,3002621.310131504,2983295.922286986,3021946.697976022
Adolescent: 0.5 coverage,2033.0,cum_cancers,3023309.3915657243,3003364.5997730736,3043254.1833583745
Adolescent: 0.5 coverage,2034.0,cum_cancers,3047218.3734083986,3025910.893494723,3068525.8533220747
Adolescent: 0.5 coverage,2034.0,cum_cancers,3072366.162648928,3053164.65502917,3091567.6702686856
Adolescent: 0.5 coverage,2034.0,cum_cancers,3096275.1446023607,3076206.4714219905,3116343.817782731
Adolescent: 0.5 coverage,2034.0,cum_cancers,3118573.6764346347,3098752.764146818,3138394.5887224516
Adolescent: 0.5 coverage,2035.0,cum_cancers,3142482.6582219307,3119316.965522414,3165648.3509214474
Adolescent: 0.5 coverage,2035.0,cum_cancers,3165152.832666752,3141119.974351243,3189185.6909822603
Adolescent: 0.5 coverage,2035.0,cum_cancers,3188937.93295557,3165400.5972004742,3212475.268710666
Adolescent: 0.5 coverage,2035.0,cum_cancers,3212227.5111270077,3187699.1291435068,3236755.8931105086
Adolescent: 0.5 coverage,2036.0,cum_cancers,3235145.4460767293,3210245.42264364,3260045.469509818
Adolescent: 0.5 coverage,2036.0,cum_cancers,3256329.0507359095,3232296.1922542644,3280361.909217555
Adolescent: 0.5 coverage,2036.0,cum_cancers,3279742.509630519,3250382.778058847,3309102.241202191
Adolescent: 0.5 coverage,2036.0,cum_cancers,3306996.271275725,3276397.7321400624,3337594.8104113876
Adolescent: 0.5 coverage,2037.0,cum_cancers,3332515.7032949375,3299687.3110868055,3365344.09550307
Adolescent: 0.5 coverage,2037.0,cum_cancers,3355805.280912585,3323720.173375757,3387890.3884494132
Adolescent: 0.5 coverage,2037.0,cum_cancers,3381820.234550768,3349982.8891248317,3413657.5799767044
Adolescent: 0.5 coverage,2037.0,cum_cancers,3408702.354026458,3373767.9897459233,3443636.718306993
Adolescent: 0.5 coverage,2038.0,cum_cancers,3433726.2615469936,3402508.319515399,3464944.203578588
Adolescent: 0.5 coverage,2038.0,cum_cancers,3459617.33584648,3431744.174392722,3487490.497300238
Adolescent: 0.5 coverage,2038.0,cum_cancers,3486127.811989696,3455033.7515673377,3517221.872412055
Adolescent: 0.5 coverage,2038.0,cum_cancers,3512266.6467940826,3482535.2743266127,3541998.0192615525
Adolescent: 0.5 coverage,2039.0,cum_cancers,3532706.967501886,3502356.1914739367,3563057.7435298357
Adolescent: 0.5 coverage,2039.0,cum_cancers,3558474.159915242,3527875.621333369,3589072.6984971147
Adolescent: 0.5 coverage,2039.0,cum_cancers,3582630.903813429,3554881.622529053,3610380.185097805
Adolescent: 0.5 coverage,2039.0,cum_cancers,3606663.7669884446,3578418.9617038015,3634908.5722730877
Adolescent: 0.5 coverage,2040.0,cum_cancers,3632183.198675384,3606911.531134514,3657454.8662162535
Adolescent: 0.5 coverage,2040.0,cum_cancers,3659684.722209965,3635404.1007867428,3683965.3436331865
Adolescent: 0.5 coverage,2040.0,cum_cancers,3689416.098595499,3663153.3851031195,3715678.812087879
Adolescent: 0.5 coverage,2040.0,cum_cancers,3713696.721777004,3688672.81673468,3738720.626819329
Adolescent: 0.5 coverage,2041.0,cum_cancers,3740083.3185815243,3715926.578269127,3764240.0588939213
Adolescent: 0.5 coverage,2041.0,cum_cancers,3764983.346320331,3743675.8622532296,3786290.830387432
Adolescent: 0.5 coverage,2041.0,cum_cancers,3792608.7498581563,3771920.6692407764,3813296.830475536
Adolescent: 0.5 coverage,2041.0,cum_cancers,3820234.1543374253,3797440.100207789,3843028.2084670616
Adolescent: 0.5 coverage,2042.0,cum_cancers,3847983.438432285,3823455.053402939,3872511.8234616313
Adolescent: 0.5 coverage,2042.0,cum_cancers,3873626.751008533,3851699.8624948882,3895553.639522178
Adolescent: 0.5 coverage,2042.0,cum_cancers,3899517.82525264,3880687.9557043514,3918347.6948009282
Adolescent: 0.5 coverage,2042.0,cum_cancers,3922807.403922489,3906950.67344707,3938664.134397907
Adolescent: 0.5 coverage,2043.0,cum_cancers,3950928.332014371,3935443.244760669,3966413.4192680735
Adolescent: 0.5 coverage,2043.0,cum_cancers,3978429.8558812262,3961210.4383923616,3995649.273370091
Adolescent: 0.5 coverage,2043.0,cum_cancers,4004444.811070021,3988711.963588313,4020177.6585517284
Adolescent: 0.5 coverage,2043.0,cum_cancers,4028229.9116911134,4015222.4406729722,4041237.382709254
Adolescent: 0.5 coverage,2044.0,cum_cancers,4052386.655312405,4038016.4951764164,4066756.8154483936
Adolescent: 0.5 coverage,2044.0,cum_cancers,4073818.0242422586,4057341.893196827,4090294.155287691
Adolescent: 0.5 coverage,2044.0,cum_cancers,4100576.2629947774,4085091.178066993,4116061.347922562
Adolescent: 0.5 coverage,2044.0,cum_cancers,4128325.5484187333,4114822.5551724536,4141828.5416650134
Adolescent: 0.5 coverage,2045.0,cum_cancers,4150624.0800294913,4135634.5179943936,4165613.6420645895
Adolescent: 0.5 coverage,2045.0,cum_cancers,4177134.5575571833,4162144.994968295,4192124.1201460715
Adolescent: 0.5 coverage,2045.0,cum_cancers,4202901.751244256,4187912.1885999893,4217891.313888523
Adolescent: 0.5 coverage,2045.0,cum_cancers,4230155.51460621,4216652.522024479,4243658.507187942
Adolescent: 0.5 coverage,2046.0,cum_cancers,4255303.303292949,4242915.2373305205,4267691.369255378
Adolescent: 0.5 coverage,2046.0,cum_cancers,4282185.422159471,4271903.328435582,4292467.51588336
Adolescent: 0.5 coverage,2046.0,cum_cancers,4305846.642168149,4297918.282295281,4313775.002041019
Adolescent: 0.5 coverage,2046.0,cum_cancers,4333719.808426036,4327154.137172604,4340285.479679467
Adolescent: 0.5 coverage,2047.0,cum_cancers,4359239.23983608,4353912.376257396,4364566.103414763
Adolescent: 0.5 coverage,2047.0,cum_cancers,4386493.000816736,4382404.943251432,4390581.058382042
Adolescent: 0.5 coverage,2047.0,cum_cancers,4410773.625382718,4408419.898772501,4413127.351992933
Adolescent: 0.5 coverage,2047.0,cum_cancers,4437284.103741094,4433443.807622133,4441124.399860054
Adolescent: 0.5 coverage,2048.0,cum_cancers,4462060.250258317,4461440.853938642,4462679.6465779925
Adolescent: 0.5 coverage,2048.0,cum_cancers,4492534.91048447,4489437.897818476,4495631.923150466
Adolescent: 0.5 coverage,2048.0,cum_cancers,4518054.341949894,4514957.329560794,4521151.354338994
Adolescent: 0.5 coverage,2048.0,cum_cancers,4545308.103871995,4542458.852873859,4548157.35487013
Adolescent: 0.5 coverage,2049.0,cum_cancers,4573800.672970433,4570208.137744024,4577393.208196841
Adolescent: 0.5 coverage,2049.0,cum_cancers,4601797.719896112,4600682.800185339,4602912.639606885
Adolescent: 0.5 coverage,2049.0,cum_cancers,4628432.077814701,4627441.024567007,4629423.131062395
Adolescent: 0.5 coverage,2049.0,cum_cancers,4655685.840124454,4654942.563358502,4656429.116890406
Adolescent: 0.5 coverage,2050.0,cum_cancers,4681576.914147045,4680957.5176612325,4682196.310632858
Adolescent: 0.5 coverage,2050.0,cum_cancers,4705857.53738393,4703256.048496685,4708459.026271175
Adolescent: 0.5 coverage,2050.0,cum_cancers,4737447.1255584825,4736951.597252498,4737942.653864466
Adolescent: 0.5 coverage,2050.0,cum_cancers,4763462.079196665,4761479.993039215,4765444.165354115
Adolescent: 0.5 coverage,2051.0,cum_cancers,4789972.55705663,4789724.788646378,4790220.325466883
Adolescent: 0.5 coverage,2051.0,cum_cancers,4816483.032701436,4812023.319924862,4820942.74547801
Adolescent: 0.5 coverage,2051.0,cum_cancers,4840887.537381419,4837542.751113391,4844232.323649447
Adolescent: 0.5 coverage,2051.0,cum_cancers,4864177.115220582,4862814.420191027,4865539.810250138
Adolescent: 0.5 coverage,2052.0,cum_cancers,4893784.61171363,4893536.843081862,4894032.380345399
Adolescent: 0.5 coverage,2052.0,cum_cancers,4921162.253528217,4921038.3795474395,4921286.127508995
Adolescent: 0.5 coverage,2052.0,cum_cancers,4951389.152861817,4948539.890151023,4954238.415572612
Adolescent: 0.5 coverage,2052.0,cum_cancers,4978023.510891165,4975298.1290143,4980748.892768029
Adolescent: 0.5 coverage,2053.0,cum_cancers,5006516.080543393,5006268.314016026,5006763.84707076
Adolescent: 0.5 coverage,2053.0,cum_cancers,5033893.722579496,5033769.836553785,5034017.608605208
Adolescent: 0.5 coverage,2053.0,cum_cancers,5062386.290902629,5060528.0864651725,5064244.495340085
Adolescent: 0.5 coverage,2053.0,cum_cancers,5088772.887264117,5083817.664858127,5093728.109670106
Adolescent: 0.5 coverage,2054.0,cum_cancers,5118752.025594405,5116274.418980945,5121229.632207865
Adolescent: 0.5 coverage,2054.0,cum_cancers,5145758.02512872,5144766.986861046,5146749.063396393
Adolescent: 0.5 coverage,2054.0,cum_cancers,5171649.097766835,5170781.925906861,5172516.269626809
Adolescent: 0.5 coverage,2054.0,cum_cancers,5194319.272820825,5193328.233667088,5195310.311974563
Adolescent: 0.5 coverage,2055.0,cum_cancers,5219467.062725902,5216122.289610387,5222811.835841417
Adolescent: 0.5 coverage,2055.0,cum_cancers,5245977.540641246,5243871.574923584,5248083.5063589085
Adolescent: 0.5 coverage,2055.0,cum_cancers,5272611.89778453,5271373.096353764,5273850.699215297
Adolescent: 0.5 coverage,2055.0,cum_cancers,5301847.75000366,5301352.231804345,5302343.268202976
Adolescent: 0.5 coverage,2056.0,cum_cancers,5325880.613289434,5325632.846706688,5326128.3798721805
Adolescent: 0.5 coverage,2056.0,cum_cancers,5350780.640308314,5350409.002942927,5351152.277673701
Adolescent: 0.5 coverage,2056.0,cum_cancers,5374565.742036986,5374441.866117943,5374689.617956029
Adolescent: 0.5 coverage,2056.0,cum_cancers,5399094.127107866,5397979.2064002715,5400209.047815461
Adolescent: 0.5 coverage,2057.0,cum_cancers,5425356.842413909,5422507.591360395,5428206.093467423
Adolescent: 0.5 coverage,2057.0,cum_cancers,5453477.767127672,5450504.635683261,5456450.898572084
Adolescent: 0.5 coverage,2057.0,cum_cancers,5478006.151755521,5476767.3494386915,5479244.954072351
Adolescent: 0.5 coverage,2057.0,cum_cancers,5503277.821497706,5503030.064523217,5503525.578472194
Adolescent: 0.5 coverage,2058.0,cum_cancers,5528921.132578719,5527062.926812168,5530779.338345272
Adolescent: 0.5 coverage,2058.0,cum_cancers,5557165.938458687,5554316.676633957,5560015.2002834175
Adolescent: 0.5 coverage,2058.0,cum_cancers,5581818.202812885,5579588.34360719,5584048.06201858
Adolescent: 0.5 coverage,2058.0,cum_cancers,5611301.815592295,5606842.102040415,5615761.529144175
Adolescent: 0.5 coverage,2059.0,cum_cancers,5635334.676662909,5629140.633983446,5641528.719342371
Adolescent: 0.5 coverage,2059.0,cum_cancers,5661845.154245979,5651439.165372688,5672251.14311927
Adolescent: 0.5 coverage,2059.0,cum_cancers,5687116.823766647,5676710.835004115,5697522.81252918
Adolescent: 0.5 coverage,2059.0,cum_cancers,5715237.750917086,5705698.92644145,5724776.575392723
Adolescent: 0.5 coverage,2060.0,cum_cancers,5740261.658991411,5729979.550398261,5750543.767584562
Adolescent: 0.5 coverage,2060.0,cum_cancers,5768506.465868201,5759710.925510079,5777302.006226324
Adolescent: 0.5 coverage,2060.0,cum_cancers,5794273.656841703,5786469.163265776,5802078.15041763
Adolescent: 0.5 coverage,2060.0,cum_cancers,5821651.299099322,5815705.017700067,5827597.580498578
Adolescent: 0.5 coverage,2061.0,cum_cancers,5852621.480778308,5845436.390818239,5859806.570738376
Adolescent: 0.5 coverage,2061.0,cum_cancers,5878636.433419668,5870460.2980065,5886812.568832836
Adolescent: 0.5 coverage,2061.0,cum_cancers,5902669.295376346,5892263.307499878,5913075.283252815
Adolescent: 0.5 coverage,2061.0,cum_cancers,5931161.8624811405,5921251.396722053,5941072.328240228
Adolescent: 0.5 coverage,2062.0,cum_cancers,5956309.650115678,5945284.258900247,5967335.0413311105
Adolescent: 0.5 coverage,2062.0,cum_cancers,5981705.201356342,5969812.644746434,5993597.757966249
Adolescent: 0.5 coverage,2062.0,cum_cancers,6008215.675893566,5997809.688072477,6018621.663714656
Adolescent: 0.5 coverage,2062.0,cum_cancers,6037575.408780489,6032744.0548866,6042406.762674378
Adolescent: 0.5 coverage,2063.0,cum_cancers,6065076.9296015,6060245.574987683,6069908.284215315
Adolescent: 0.5 coverage,2063.0,cum_cancers,6093693.377097191,6087003.812521864,6100382.941672519
Adolescent: 0.5 coverage,2063.0,cum_cancers,6120823.257022403,6117973.994643882,6123672.519400924
Adolescent: 0.5 coverage,2063.0,cum_cancers,6148200.8982832,6145723.278627984,6150678.517938416
Adolescent: 0.5 coverage,2064.0,cum_cancers,6175330.778042275,6172233.755491128,6178427.800593423
Adolescent: 0.5 coverage,2064.0,cum_cancers,6202089.01485653,6198991.992028488,6205186.037684572
Adolescent: 0.5 coverage,2064.0,cum_cancers,6227608.444715961,6224759.18399881,6230457.705433112
Adolescent: 0.5 coverage,2064.0,cum_cancers,6253995.040191384,6253003.990654082,6254986.089728686
Adolescent: 0.5 coverage,2065.0,cum_cancers,6281001.039171908,6280009.990188396,6281992.0881554205
Adolescent: 0.5 coverage,2065.0,cum_cancers,6306396.588142032,6305777.180054318,6307015.9962297445
Adolescent: 0.5 coverage,2065.0,cum_cancers,6331668.257994974,6329314.529723389,6334021.986266559
Adolescent: 0.5 coverage,2065.0,cum_cancers,6356568.28296483,6356568.277883805,6356568.288045855
Adolescent: 0.5 coverage,2066.0,cum_cancers,6383698.16183784,6381096.671787638,6386299.651888043
Adolescent: 0.5 coverage,2066.0,cum_cancers,6410828.04082161,6406616.100096459,6415039.981546761
Adolescent: 0.5 coverage,2066.0,cum_cancers,6437338.516300278,6432878.813630372,6441798.218970183
Adolescent: 0.5 coverage,2066.0,cum_cancers,6462857.946491985,6457407.199033528,6468308.693950441
Adolescent: 0.5 coverage,2067.0,cum_cancers,6490359.468475954,6483669.913010474,6497049.023941433
Adolescent: 0.5 coverage,2067.0,cum_cancers,6515011.734103868,6509437.103208669,6520586.364999067
Adolescent: 0.5 coverage,2067.0,cum_cancers,6540159.520630825,6535947.577745894,6544371.463515758
Adolescent: 0.5 coverage,2067.0,cum_cancers,6568899.849126585,6567413.282649841,6570386.4156033285
Adolescent: 0.5 coverage,2068.0,cum_cancers,6596525.253495095,6595905.847677921,6597144.659312271
Adolescent: 0.5 coverage,2068.0,cum_cancers,6621301.400399974,6620186.472520797,6622416.32827915
Adolescent: 0.5 coverage,2068.0,cum_cancers,6645458.142692169,6644467.095702301,6646449.189682038
Adolescent: 0.5 coverage,2068.0,cum_cancers,6674074.590797029,6673950.711666006,6674198.469928054
Adolescent: 0.5 coverage,2069.0,cum_cancers,6701204.468950114,6698726.852894533,6703682.085005695
Adolescent: 0.5 coverage,2069.0,cum_cancers,6729449.275605386,6727714.942338224,6731183.60887255
Adolescent: 0.5 coverage,2069.0,cum_cancers,6753853.779953095,6751252.281956004,6756455.277950186
Adolescent: 0.5 coverage,2069.0,cum_cancers,6782098.585833062,6778010.520265492,6786186.651400633
Adolescent: 0.5 coverage,2070.0,cum_cancers,6807618.016246285,6804025.474457464,6811210.5580351055
Adolescent: 0.5 coverage,2070.0,cum_cancers,6831650.877926067,6824837.437279404,6838464.318572731
Adolescent: 0.5 coverage,2070.0,cum_cancers,6853825.528813654,6849365.822239527,6858285.235387781
Adolescent: 0.5 coverage,2070.0,cum_cancers,6883061.379537552,6876867.3422298515,6889255.416845252
Adolescent: 0.5 coverage,2071.0,cum_cancers,6913783.800933153,6904368.865432159,6923198.736434148
Adolescent: 0.5 coverage,2071.0,cum_cancers,6939303.230294174,6930631.578966073,6947974.881622275
Adolescent: 0.5 coverage,2071.0,cum_cancers,6965442.064267876,6956894.29393984,6973989.83459591
Adolescent: 0.5 coverage,2071.0,cum_cancers,6991580.898463093,6979440.58766149,7003721.209264696
Adolescent: 0.5 coverage,2072.0,cum_cancers,7018586.896945205,7007437.632648903,7029736.161241507
Adolescent: 0.5 coverage,2072.0,cum_cancers,7042991.401182156,7031718.256162683,7054264.54620163
Adolescent: 0.5 coverage,2072.0,cum_cancers,7072351.135287417,7058228.732582794,7086473.537992042
Adolescent: 0.5 coverage,2072.0,cum_cancers,7096383.998351675,7085234.733335447,7107533.263367904
Adolescent: 0.5 coverage,2073.0,cum_cancers,7126487.015965281,7116948.202343929,7136025.829586634
Adolescent: 0.5 coverage,2073.0,cum_cancers,7153988.53905683,7145193.00910996,7162784.069003701
Adolescent: 0.5 coverage,2073.0,cum_cancers,7181737.823982376,7172942.293980125,7190533.353984626
Adolescent: 0.5 coverage,2073.0,cum_cancers,7208496.062734894,7199452.772061608,7217539.353408182
Adolescent: 0.5 coverage,2074.0,cum_cancers,7235997.584829621,7226458.771485163,7245536.39817408
Adolescent: 0.5 coverage,2074.0,cum_cancers,7263003.584557762,7252473.724735693,7273533.444379831
Adolescent: 0.5 coverage,2074.0,cum_cancers,7288399.135466151,7274524.495121624,7302273.775810678
Adolescent: 0.5 coverage,2074.0,cum_cancers,7314909.612495431,7302026.017659383,7327793.207331479
Adolescent: 0.5 coverage,2075.0,cum_cancers,7341172.3284660205,7331261.871539882,7351082.785392158
Adolescent: 0.5 coverage,2075.0,cum_cancers,7367682.805273785,7356038.0175033165,7379327.593044254
Adolescent: 0.5 coverage,2075.0,cum_cancers,7390229.097887855,7378088.786892425,7402369.408883284
Adolescent: 0.5 coverage,2075.0,cum_cancers,7418969.427878847,7406829.117215692,7431109.738542002
Adolescent: 0.5 coverage,2076.0,cum_cancers,7447585.877035908,7437551.537559092,7457620.216512725
Adolescent: 0.5 coverage,2076.0,cum_cancers,7474096.353566778,7461584.399515769,7486608.307617786
Adolescent: 0.5 coverage,2076.0,cum_cancers,7498748.618710127,7489581.4447246995,7507915.792695555
Adolescent: 0.5 coverage,2076.0,cum_cancers,7522905.361445355,7511384.453664286,7534426.269226424
Adolescent: 0.5 coverage,2077.0,cum_cancers,7546938.224426545,7536903.885517364,7556972.563335727
Adolescent: 0.5 coverage,2077.0,cum_cancers,7569360.637258885,7558459.133010607,7580262.141507165
Adolescent: 0.5 coverage,2077.0,cum_cancers,7595747.233066583,7586456.178773327,7605038.28735984
Adolescent: 0.5 coverage,2077.0,cum_cancers,7621142.783670387,7609497.996495243,7632787.570845531
Adolescent: 0.5 coverage,2078.0,cum_cancers,7650006.995159857,7638486.089150917,7661527.901168797
Adolescent: 0.5 coverage,2078.0,cum_cancers,7674163.738615013,7664501.043675164,7683826.433554862
Adolescent: 0.5 coverage,2078.0,cum_cancers,7700302.573862432,7689772.7140818965,7710832.433642966
Adolescent: 0.5 coverage,2078.0,cum_cancers,7726193.647663506,7714796.62337456,7737590.6719524525
Adolescent: 0.5 coverage,2079.0,cum_cancers,7751713.078658207,7738086.2013244815,7765339.955991933
Adolescent: 0.5 coverage,2079.0,cum_cancers,7777356.391732867,7764596.679405963,7790116.104059771
Adolescent: 0.5 coverage,2079.0,cum_cancers,7806716.126115022,7791354.919376819,7822077.332853226
Adolescent: 0.5 coverage,2079.0,cum_cancers,7834837.05334853,7819351.9659148455,7850322.140782216
Adolescent: 0.5 coverage,2080.0,cum_cancers,7861099.768986845,7845862.443553294,7876337.094420398
Adolescent: 0.5 coverage,2080.0,cum_cancers,7886123.676618138,7870886.3512953445,7901361.001940932
Adolescent: 0.5 coverage,2080.0,cum_cancers,7915483.411498707,7900122.205065088,7930844.617932325
Adolescent: 0.5 coverage,2080.0,cum_cancers,7941993.887724992,7926880.443596091,7957107.331853893
Adolescent: 0.5 coverage,2081.0,cum_cancers,7971105.85927633,7954629.727358678,7987581.991193982
Adolescent: 0.5 coverage,2081.0,cum_cancers,7997864.097170475,7987086.479487853,8008641.714853097
Adolescent: 0.5 coverage,2081.0,cum_cancers,8024498.454216844,8015331.2860323675,8033665.622401321
Adolescent: 0.5 coverage,2081.0,cum_cancers,8051752.215862049,8039859.672764617,8063644.7589594815
Adolescent: 0.5 coverage,2082.0,cum_cancers,8078510.4539500205,8064635.819392599,8092385.088507442
Adolescent: 0.5 coverage,2082.0,cum_cancers,8100932.865674781,8086438.827335363,8115426.904014198
Adolescent: 0.5 coverage,2082.0,cum_cancers,8123107.51697771,8107250.790987989,8138964.2429674305
Adolescent: 0.5 coverage,2082.0,cum_cancers,8148503.06722155,8133761.268626438,8163244.865816661
Adolescent: 0.5 coverage,2083.0,cum_cancers,8172659.809846019,8158537.414811388,8186782.204880652
Adolescent: 0.5 coverage,2083.0,cum_cancers,8202143.423982216,8188516.552144855,8215770.295819577
Adolescent: 0.5 coverage,2083.0,cum_cancers,8224937.479454793,8211062.846641811,8238812.112267775
Adolescent: 0.5 coverage,2083.0,cum_cancers,8253677.809002752,8237325.561947852,8270030.056057652
Adolescent: 0.5 coverage,2084.0,cum_cancers,8278453.955229238,8261606.1855447,8295301.724913774
Adolescent: 0.5 coverage,2084.0,cum_cancers,8308556.9728982225,8290594.2769820355,8326519.6688144095
Adolescent: 0.5 coverage,2084.0,cum_cancers,8340022.6792974025,8320573.41498005,8359471.943614755
Adolescent: 0.5 coverage,2084.0,cum_cancers,8366904.7977485815,8349809.267919108,8384000.327578055
Adolescent: 0.5 coverage,2085.0,cum_cancers,8396636.174106427,8378301.837294442,8414970.510918412
Adolescent: 0.5 coverage,2085.0,cum_cancers,8424385.457550585,8404812.313603796,8443958.601497373
Adolescent: 0.5 coverage,2085.0,cum_cancers,8451391.45729257,8431322.790716143,8471460.123868996
Adolescent: 0.5 coverage,2085.0,cum_cancers,8479884.025809528,8461301.928548021,8498466.123071035
Adolescent: 0.5 coverage,2086.0,cum_cancers,8505651.217226062,8486325.8359578,8524976.598494325
Adolescent: 0.5 coverage,2086.0,cum_cancers,8534019.90438299,8514818.40428093,8553221.40448505
Adolescent: 0.5 coverage,2086.0,cum_cancers,8565237.848491296,8545293.064977806,8585182.632004788
Adolescent: 0.5 coverage,2086.0,cum_cancers,8596951.31564458,8577997.578497944,8615905.05279122
Adolescent: 0.5 coverage,2087.0,cum_cancers,8623090.150241297,8605746.863811143,8640433.436671453
Adolescent: 0.5 coverage,2087.0,cum_cancers,8651087.194411872,8632009.577705022,8670164.811118722
Adolescent: 0.5 coverage,2087.0,cum_cancers,8676854.386105299,8656537.96288666,8697170.80932394
Adolescent: 0.5 coverage,2087.0,cum_cancers,8707452.926085493,8685773.815659579,8729132.036511406
Adolescent: 0.5 coverage,2088.0,cum_cancers,8736812.65936007,8713523.099588303,8760102.219131835
Adolescent: 0.5 coverage,2088.0,cum_cancers,8765057.465793826,8740033.575454626,8790081.356133027
Adolescent: 0.5 coverage,2088.0,cum_cancers,8794045.556871198,8768030.621328102,8820060.492414292
Adolescent: 0.5 coverage,2088.0,cum_cancers,8827864.99534927,8799496.325844398,8856233.664854143
Adolescent: 0.5 coverage,2089.0,cum_cancers,8859082.939111456,8828484.4168387,8889681.461384214
Adolescent: 0.5 coverage,2089.0,cum_cancers,8888938.194974136,8855985.938656531,8921890.451291742
Adolescent: 0.5 coverage,2089.0,cum_cancers,8919412.854341915,8886212.83588573,8952612.8727981
Adolescent: 0.5 coverage,2089.0,cum_cancers,8949515.87113868,8915696.449135862,8983335.293141501
Adolescent: 0.5 coverage,2090.0,cum_cancers,8980609.933956182,8946418.869949983,9014800.99796238
Adolescent: 0.5 coverage,2090.0,cum_cancers,9011951.758372318,8982096.519414078,9041806.997330558
Adolescent: 0.5 coverage,2090.0,cum_cancers,9043417.464245398,9012818.940920439,9074015.987570357
Adolescent: 0.5 coverage,2090.0,cum_cancers,9073644.361903783,9038338.370419906,9108950.353387658
Adolescent: 0.5 coverage,2091.0,cum_cancers,9103251.856001688,9069308.552541925,9137195.159461452
Adolescent: 0.5 coverage,2091.0,cum_cancers,9133354.873061504,9099039.92726609,9167669.818856921
Adolescent: 0.5 coverage,2091.0,cum_cancers,9164696.699415905,9124311.595900692,9205081.802931119
Adolescent: 0.5 coverage,2091.0,cum_cancers,9192198.220818397,9152804.16295011,9231592.278686682
Adolescent: 0.5 coverage,2092.0,cum_cancers,9223416.163943725,9182287.776117172,9264544.551770277
Adolescent: 0.5 coverage,2092.0,cum_cancers,9256120.675747115,9215240.049283836,9297001.302210392
Adolescent: 0.5 coverage,2092.0,cum_cancers,9287462.499678683,9248935.606568014,9325989.392789353
Adolescent: 0.5 coverage,2092.0,cum_cancers,9317937.15912953,9278914.743541516,9356959.574717544
Adolescent: 0.5 coverage,2093.0,cum_cancers,9349898.38646929,9309884.925358951,9389911.847579626
Adolescent: 0.5 coverage,2093.0,cum_cancers,9380496.926241811,9339864.061834045,9421129.790649576
Adolescent: 0.5 coverage,2093.0,cum_cancers,9409485.016654635,9366870.061091464,9452099.972217806
Adolescent: 0.5 coverage,2093.0,cum_cancers,9441322.363561958,9401804.425828874,9480840.301295044
Adolescent: 0.5 coverage,2094.0,cum_cancers,9476008.969511218,9434013.415570263,9518004.523452176
Adolescent: 0.5 coverage,2094.0,cum_cancers,9504997.06058859,9465231.360163137,9544762.761014046
Adolescent: 0.5 coverage,2094.0,cum_cancers,9538940.380717434,9498183.633357491,9579697.128077377
Adolescent: 0.5 coverage,2094.0,cum_cancers,9574618.032009035,9532126.951921877,9617109.112096194
Adolescent: 0.5 coverage,2095.0,cum_cancers,9606331.499826869,9560619.519718908,9652043.47993483
Adolescent: 0.5 coverage,2095.0,cum_cancers,9636186.75526036,9589855.372021107,9682518.138499614
Adolescent: 0.5 coverage,2095.0,cum_cancers,9667652.460925769,9620082.270330194,9715222.651521342
Adolescent: 0.5 coverage,2095.0,cum_cancers,9700356.973504465,9649318.122577015,9751395.824431913
Adolescent: 0.5 coverage,2096.0,cum_cancers,9731079.394235518,9676571.88372381,9785586.904747225
Adolescent: 0.5 coverage,2096.0,cum_cancers,9763783.907603364,9711258.489285417,9816309.325921312
Adolescent: 0.5 coverage,2096.0,cum_cancers,9795869.018186036,9739503.295248453,9852234.741123622
Adolescent: 0.5 coverage,2096.0,cum_cancers,9829812.33857793,9774685.42301051,9884939.25414535
Adolescent: 0.5 coverage,2097.0,cum_cancers,9864127.30231614,9807142.17372752,9921112.430904763
Adolescent: 0.5 coverage,2097.0,cum_cancers,9893982.557818856,9834891.45668711,9953073.658950603
Adolescent: 0.5 coverage,2097.0,cum_cancers,9926315.428048056,9867348.207957909,9985282.6481382
Adolescent: 0.5 coverage,2097.0,cum_cancers,9958524.417304877,9900300.482370602,10016748.352239152
Adolescent: 0.5 coverage,2098.0,cum_cancers,9989246.837842105,9932757.233890608,10045736.441793602
Adolescent: 0.5 coverage,2098.0,cum_cancers,10020217.019631848,9963479.654040182,10076954.385223515
Adolescent: 0.5 coverage,2098.0,cum_cancers,10055151.384992275,9996679.688182468,10113623.081802081
Adolescent: 0.5 coverage,2098.0,cum_cancers,10088723.063186962,10029631.961182997,10147814.165190928
Adolescent: 0.5 coverage,2099.0,cum_cancers,10122294.741755458,10064814.090246458,10179775.393264458
Adolescent: 0.5 coverage,2099.0,cum_cancers,10156361.94237211,10100491.740956582,10212232.14378764
Adolescent: 0.5 coverage,2099.0,cum_cancers,10189809.738472994,10133196.253092244,10246423.223853746
Adolescent: 0.5 coverage,2099.0,cum_cancers,10224248.581328388,10167139.571961215,10281357.59069556
Adolescent: 0.5 coverage,2100.0,cum_cancers,10253856.075287845,10197366.468968896,10310345.681606796
Adolescent: 0.9 coverage,1960.0,cancers,0.0,0.0,0.0
Adolescent: 0.9 coverage,1960.0,cancers,0.0,0.0,0.0
Adolescent: 0.9 coverage,1960.0,cancers,0.0,0.0,0.0
Adolescent: 0.9 coverage,1960.0,cancers,0.0,0.0,0.0
Adolescent: 0.9 coverage,1961.0,cancers,0.0,0.0,0.0
Adolescent: 0.9 coverage,1961.0,cancers,0.0,0.0,0.0
Adolescent: 0.9 coverage,1961.0,cancers,0.0,0.0,0.0
Adolescent: 0.9 coverage,1961.0,cancers,0.0,0.0,0.0
Adolescent: 0.9 coverage,1962.0,cancers,0.0,0.0,0.0
Adolescent: 0.9 coverage,1962.0,cancers,0.0,0.0,0.0
Adolescent: 0.9 coverage,1962.0,cancers,0.0,0.0,0.0
Adolescent: 0.9 coverage,1962.0,cancers,0.0,0.0,0.0
Adolescent: 0.9 coverage,1963.0,cancers,247.76147403287825,0.0,495.5229480657565
Adolescent: 0.9 coverage,1963.0,cancers,0.0,0.0,0.0
Adolescent: 0.9 coverage,1963.0,cancers,247.76147403287825,0.0,495.5229480657565
Adolescent: 0.9 coverage,1963.0,cancers,123.88073701643913,0.0,247.76147403287825
Adolescent: 0.9 coverage,1964.0,cancers,0.0,0.0,0.0
Adolescent: 0.9 coverage,1964.0,cancers,0.0,0.0,0.0
Adolescent: 0.9 coverage,1964.0,cancers,247.76147403287825,247.76147403287825,247.76147403287825
Adolescent: 0.9 coverage,1964.0,cancers,247.76147403287825,247.76147403287825,247.76147403287825
Adolescent: 0.9 coverage,1965.0,cancers,371.6422110493174,247.76147403287825,495.5229480657565
Adolescent: 0.9 coverage,1965.0,cancers,247.76147403287825,0.0,495.5229480657565
Adolescent: 0.9 coverage,1965.0,cancers,371.6422110493174,247.76147403287825,495.5229480657565
Adolescent: 0.9 coverage,1965.0,cancers,495.5229480657565,247.76147403287825,743.2844220986348
Adolescent: 0.9 coverage,1966.0,cancers,371.6422110493174,247.76147403287825,495.5229480657565
Adolescent: 0.9 coverage,1966.0,cancers,371.6422110493174,247.76147403287825,495.5229480657565
Adolescent: 0.9 coverage,1966.0,cancers,867.1651591150738,495.5229480657565,1238.8073701643912
Adolescent: 0.9 coverage,1966.0,cancers,371.6422110493174,247.76147403287825,495.5229480657565
Adolescent: 0.9 coverage,1967.0,cancers,867.165159115074,743.2844220986348,991.045896131513
Adolescent: 0.9 coverage,1967.0,cancers,619.4036850821956,495.5229480657565,743.2844220986348
Adolescent: 0.9 coverage,1967.0,cancers,1486.56885804202,991.0459238210141,1982.091792263026
Adolescent: 0.9 coverage,1967.0,cancers,991.0459099762635,495.5229480657565,1486.5688718867705
Adolescent: 0.9 coverage,1968.0,cancers,743.2844082538843,247.76147403287825,1238.8073424748902
Adolescent: 0.9 coverage,1968.0,cancers,619.4036850821956,495.5229480657565,743.2844220986348
Adolescent: 0.9 coverage,1968.0,cancers,495.5229480657565,247.76147403287825,743.2844220986348
Adolescent: 0.9 coverage,1968.0,cancers,1238.8073840091417,991.045896131513,1486.5688718867705
Adolescent: 0.9 coverage,1969.0,cancers,619.4036850821956,495.5229480657565,743.2844220986348
Adolescent: 0.9 coverage,1969.0,cancers,1114.9266469927027,991.0459238210141,1238.8073701643912
Adolescent: 0.9 coverage,1969.0,cancers,1858.2110275570858,1238.8073978538923,2477.6146572602793
Adolescent: 0.9 coverage,1969.0,cancers,1362.6881071808305,991.045896131513,1734.330318230148
Adolescent: 0.9 coverage,1970.0,cancers,2353.7339340885906,2229.853210916902,2477.6146572602793
Adolescent: 0.9 coverage,1970.0,cancers,2601.495408121469,2477.6146849497804,2725.3761312931574
Adolescent: 0.9 coverage,1970.0,cancers,1486.5688580420199,1238.8073701643912,1734.3303459196486
Adolescent: 0.9 coverage,1970.0,cancers,619.4036850821956,495.5229480657565,743.2844220986348
Adolescent: 0.9 coverage,1971.0,cancers,1486.5688441972695,991.045896131513,1982.091792263026
Adolescent: 0.9 coverage,1971.0,cancers,2105.9725154347143,743.2844220986348,3468.660608770794
Adolescent: 0.9 coverage,1971.0,cancers,2477.6147126392816,1734.3303736091498,3220.899051669413
Adolescent: 0.9 coverage,1971.0,cancers,2353.7340033123437,1982.0918199525272,2725.3761866721597
Adolescent: 0.9 coverage,1972.0,cancers,2601.495408121469,2229.853183227401,2973.1376330155367
Adolescent: 0.9 coverage,1972.0,cancers,4088.064238473988,2973.137660705038,5202.990816242938
Adolescent: 0.9 coverage,1972.0,cancers,2973.1376330155367,2725.3761866721597,3220.8990793589137
Adolescent: 0.9 coverage,1972.0,cancers,4459.706491057557,3964.1835568365505,4955.229425278563
Adolescent: 0.9 coverage,1973.0,cancers,3220.899134737916,2973.1376883945386,3468.6605810812935
Adolescent: 0.9 coverage,1973.0,cancers,2353.734017157094,2229.8532939854053,2477.6147403287823
Adolescent: 0.9 coverage,1973.0,cancers,4211.9449893351775,3716.4220551141716,4707.467923556183
Adolescent: 0.9 coverage,1973.0,cancers,2105.9725154347143,1982.091792263026,2229.853238606403
Adolescent: 0.9 coverage,1974.0,cancers,3840.302819820112,2725.3761589826586,4955.229480657566
Adolescent: 0.9 coverage,1974.0,cancers,5450.752290275816,4211.944975490427,6689.559605061206
Adolescent: 0.9 coverage,1974.0,cancers,3097.018370031976,2973.1376330155367,3220.8991070484153
Adolescent: 0.9 coverage,1974.0,cancers,6441.798144873078,5698.513764308695,7185.082525437461
Adolescent: 0.9 coverage,1975.0,cancers,4088.0642800082396,3468.660608770794,4707.467951245685
Adolescent: 0.9 coverage,1975.0,cancers,5450.752857910587,3716.4221658721763,7185.083549948999
Adolescent: 0.9 coverage,1975.0,cancers,3716.422027424671,3716.4220274246704,3716.422027424671
Adolescent: 0.9 coverage,1975.0,cancers,5202.990788553438,4707.467895866683,5698.5136812401915
Adolescent: 0.9 coverage,1976.0,cancers,4459.706421833804,2477.61468494978,6441.798158717828
Adolescent: 0.9 coverage,1976.0,cancers,3716.4220274246704,3716.4219997351693,3716.4220551141716
Adolescent: 0.9 coverage,1976.0,cancers,3964.18352914705,2973.137660705038,4955.2293975890625
Adolescent: 0.9 coverage,1976.0,cancers,4583.5871311607425,3964.183501457549,5202.990760863936
Adolescent: 0.9 coverage,1977.0,cancers,5574.633096516009,5202.990982379944,5946.275210652072
Adolescent: 0.9 coverage,1977.0,cancers,5946.275252186324,4211.944975490427,7680.60552888222
Adolescent: 0.9 coverage,1977.0,cancers,3840.302750596359,3468.660525702291,4211.944975490427
Adolescent: 0.9 coverage,1977.0,cancers,6937.321563660352,6441.798518681342,7432.8446086393615
Adolescent: 0.9 coverage,1978.0,cancers,4707.467909711433,3716.4219720456686,5698.513847377198
Adolescent: 0.9 coverage,1978.0,cancers,5079.110120760751,4211.944975490427,5946.275266031074
Adolescent: 0.9 coverage,1978.0,cancers,5326.871553259378,4955.22934221006,5698.5137643086955
Adolescent: 0.9 coverage,1978.0,cancers,6689.559618905957,5946.275293720576,7432.843944091338
Adolescent: 0.9 coverage,1979.0,cancers,7432.844594794613,4707.467978935187,10158.22121065404
Adolescent: 0.9 coverage,1979.0,cancers,6937.321079094085,5202.990760863936,8671.651397324233
Adolescent: 0.9 coverage,1979.0,cancers,6070.155947668511,5946.27518296257,6194.036712374452
Adolescent: 0.9 coverage,1979.0,cancers,9043.294619040338,8423.891058560896,9662.698179519779
Adolescent: 0.9 coverage,1980.0,cancers,7185.082719263968,5202.990871621941,9167.174566905996
Adolescent: 0.9 coverage,1980.0,cancers,7804.486971980936,7185.08330074349,8423.890643218381
Adolescent: 0.9 coverage,1980.0,cancers,4831.348785175378,4211.945141627434,5450.752428723322
Adolescent: 0.9 coverage,1980.0,cancers,5946.275196807321,4955.229342210059,6937.321051404582
Adolescent: 0.9 coverage,1981.0,cancers,8176.128684619234,7185.082719263968,9167.1746499745
Adolescent: 0.9 coverage,1981.0,cancers,6194.036670840199,5450.7522902758155,6937.321051404582
Adolescent: 0.9 coverage,1981.0,cancers,7556.724736486779,6441.798158717829,8671.651314255729
Adolescent: 0.9 coverage,1981.0,cancers,6689.559660440207,6441.798214096831,6937.321106783584
Adolescent: 0.9 coverage,1982.0,cancers,9910.459570484152,8176.128947669493,11644.790193298812
Adolescent: 0.9 coverage,1982.0,cancers,6317.91744939089,5698.5136812401915,6937.321217541588
Adolescent: 0.9 coverage,1982.0,cancers,8547.77139407957,7185.08277464297,9910.460013516169
Adolescent: 0.9 coverage,1982.0,cancers,7680.605736553478,7680.605390434715,7680.6060826722405
Adolescent: 0.9 coverage,1983.0,cancers,8300.009227809165,7432.844054849342,9167.17440076899
Adolescent: 0.9 coverage,1983.0,cancers,8423.890684752632,7432.844414812856,9414.936954692408
Adolescent: 0.9 coverage,1983.0,cancers,7556.724722642028,5946.275266031074,9167.174179252981
Adolescent: 0.9 coverage,1983.0,cancers,7928.366906001845,7432.844054849342,8423.889757154348
Adolescent: 0.9 coverage,1984.0,cancers,9414.936511660391,7680.605722708728,11149.267300612057
Adolescent: 0.9 coverage,1984.0,cancers,6441.798144873077,6441.798075649325,6441.79821409683
Adolescent: 0.9 coverage,1984.0,cancers,7308.963414746156,6689.559660440207,7928.367169052104
Adolescent: 0.9 coverage,1984.0,cancers,7928.367099828352,7432.843999470339,8423.890200186364
Adolescent: 0.9 coverage,1985.0,cancers,7804.48629358816,7185.082525437461,8423.890061738859
Adolescent: 0.9 coverage,1985.0,cancers,8547.770895668551,7680.605501192718,9414.936290144384
Adolescent: 0.9 coverage,1985.0,cancers,8176.1284492584755,6689.559605061206,9662.697293455745
Adolescent: 0.9 coverage,1985.0,cancers,6194.037113872217,5698.513819687697,6689.5604080567355
Adolescent: 0.9 coverage,1986.0,cancers,9167.174566905996,9167.174290010988,9167.174843801007
Adolescent: 0.9 coverage,1986.0,cancers,9662.69819336453,8423.890310944367,10901.50607578469
Adolescent: 0.9 coverage,1986.0,cancers,9662.698151830276,8423.890283254867,10901.506020405686
Adolescent: 0.9 coverage,1986.0,cancers,6937.321259075841,6194.036629305948,7680.605888845734
Adolescent: 0.9 coverage,1987.0,cancers,9043.293705286804,6689.559660440207,11397.027750133399
Adolescent: 0.9 coverage,1987.0,cancers,8919.413217475872,6441.79846330234,11397.027971649406
Adolescent: 0.9 coverage,1987.0,cancers,9043.294314455825,8671.65217263026,9414.93645628139
Adolescent: 0.9 coverage,1987.0,cancers,9291.055622351698,8671.652504904272,9910.458739799122
Adolescent: 0.9 coverage,1988.0,cancers,9538.817359434834,7928.367529015617,11149.267189854052
Adolescent: 0.9 coverage,1988.0,cancers,7680.605944224735,5946.275210652072,9414.936677797397
Adolescent: 0.9 coverage,1988.0,cancers,7556.724971847538,6937.321494436599,8176.1284492584755
Adolescent: 0.9 coverage,1988.0,cancers,10653.744269477798,9662.698124140776,11644.79041481482
Adolescent: 0.9 coverage,1989.0,cancers,8671.651397324233,8176.128393879473,9167.17440076899
Adolescent: 0.9 coverage,1989.0,cancers,9167.174636129748,8176.128393879473,10158.220878380025
Adolescent: 0.9 coverage,1989.0,cancers,11520.908860958101,11397.02752861739,11644.790193298813
Adolescent: 0.9 coverage,1989.0,cancers,9291.056065383713,8919.41395124765,9662.698179519777
Adolescent: 0.9 coverage,1990.0,cancers,10529.863186342596,8423.890061738859,12635.836310946333
Adolescent: 0.9 coverage,1990.0,cancers,8423.88986791235,7432.844110228343,9414.935625596358
Adolescent: 0.9 coverage,1990.0,cancers,9291.055788488704,7185.082497747961,11397.029079229447
Adolescent: 0.9 coverage,1990.0,cancers,9167.17440076899,7185.082940779977,11149.265860758003
Adolescent: 0.9 coverage,1991.0,cancers,10529.863463237605,9662.69795800377,11397.028968471443
Adolescent: 0.9 coverage,1991.0,cancers,11025.38630054536,9414.9367331764,12635.835867914318
Adolescent: 0.9 coverage,1991.0,cancers,9414.93642859189,9167.175674486038,9662.69718269774
Adolescent: 0.9 coverage,1991.0,cancers,8300.00962930693,5450.75240103382,11149.26685758004
Adolescent: 0.9 coverage,1992.0,cancers,9043.293871423808,8919.412677530603,9167.175065317015
Adolescent: 0.9 coverage,1992.0,cancers,8176.129155340752,7185.082553126962,9167.175757554542
Adolescent: 0.9 coverage,1992.0,cancers,9786.578404280448,9167.174511526995,10405.982297033901
Adolescent: 0.9 coverage,1992.0,cancers,10653.744186409294,10405.982518549908,10901.50585426868
Adolescent: 0.9 coverage,1993.0,cancers,10158.220573795514,9167.174290010986,11149.266857580042
Adolescent: 0.9 coverage,1993.0,cancers,9167.174677664001,8671.652061872257,9662.697293455745
Adolescent: 0.9 coverage,1993.0,cancers,7556.7250410712895,6441.79818640733,8671.65189573525
Adolescent: 0.9 coverage,1993.0,cancers,9910.459681242157,9910.459348968145,9910.460013516169
Adolescent: 0.9 coverage,1994.0,cancers,8176.129376856759,7928.36733518911,8423.891418524408
Adolescent: 0.9 coverage,1994.0,cancers,9167.175162230269,8671.651812666747,9662.69851179379
Adolescent: 0.9 coverage,1994.0,cancers,8671.651729598245,7928.366947536097,9414.936511660393
Adolescent: 0.9 coverage,1994.0,cancers,10034.340072139832,8671.651286566228,11397.028857713438
Adolescent: 0.9 coverage,1995.0,cancers,10529.862189520558,6937.321051404582,14122.403327636535
Adolescent: 0.9 coverage,1995.0,cancers,9910.459293589141,9662.698068761774,10158.22051841651
Adolescent: 0.9 coverage,1995.0,cancers,11149.266414548027,9167.174179252983,13131.358649843069
Adolescent: 0.9 coverage,1995.0,cancers,8176.128560016479,7432.844387123354,8919.412732909605
Adolescent: 0.9 coverage,1996.0,cancers,10529.863366324353,9910.459653552656,11149.26707909605
Adolescent: 0.9 coverage,1996.0,cancers,11520.909442437622,9910.459681242155,13131.359203633088
Adolescent: 0.9 coverage,1996.0,cancers,12016.432501261383,9662.698567172793,14370.166435349973
Adolescent: 0.9 coverage,1996.0,cancers,10653.74379875628,10405.982186275896,10901.505411236663
Adolescent: 0.9 coverage,1997.0,cancers,11644.790525572826,11149.267079096051,12140.3139720496
Adolescent: 0.9 coverage,1997.0,cancers,10282.101809222971,8671.652089561758,11892.551528884185
Adolescent: 0.9 coverage,1997.0,cancers,10034.34001676083,9662.69773648776,10405.982297033901
Adolescent: 0.9 coverage,1997.0,cancers,10777.624646530723,10158.22129372254,11397.027999338907
Adolescent: 0.9 coverage,1998.0,cancers,10034.33973986582,8176.128615395481,11892.55086433616
Adolescent: 0.9 coverage,1998.0,cancers,8795.532563527937,7680.605501192718,9910.459625863155
Adolescent: 0.9 coverage,1998.0,cancers,8052.247726086785,7185.082497747959,8919.412954425612
Adolescent: 0.9 coverage,1998.0,cancers,9043.294314455827,7928.368110495139,10158.220518416512
Adolescent: 0.9 coverage,1999.0,cancers,10777.624688064974,10653.74462944131,10901.504746688639
Adolescent: 0.9 coverage,1999.0,cancers,11520.909027095107,9662.697514971753,13379.120539218462
Adolescent: 0.9 coverage,1999.0,cancers,10529.863753977366,9414.936871623906,11644.790636330828
Adolescent: 0.9 coverage,1999.0,cancers,10653.743909514285,8423.890172496864,12883.597646531707
Adolescent: 0.9 coverage,2000.0,cancers,11025.384916070307,8423.890061738859,13626.879770401756
Adolescent: 0.9 coverage,2000.0,cancers,10529.863657064114,9414.936511660393,11644.790802467835
Adolescent: 0.9 coverage,2000.0,cancers,10282.101795378221,10158.221515238549,10405.982075517893
Adolescent: 0.9 coverage,2000.0,cancers,10529.862604863074,10405.982297033901,10653.742912692247
Adolescent: 0.9 coverage,2001.0,cancers,10158.221182964537,8176.129169185502,12140.313196743571
Adolescent: 0.9 coverage,2001.0,cancers,13379.119846980935,12635.835923293318,14122.403770668552
Adolescent: 0.9 coverage,2001.0,cancers,9910.459653552656,8919.414338900664,10901.504968204648
Adolescent: 0.9 coverage,2001.0,cancers,11644.789694887793,11644.789196476775,11644.790193298812
Adolescent: 0.9 coverage,2002.0,cancers,10901.505245099659,9910.459072073136,11892.55141812618
Adolescent: 0.9 coverage,2002.0,cancers,10777.624549617469,8671.65189573525,12883.597203499688
Adolescent: 0.9 coverage,2002.0,cancers,9910.459016694133,9414.936068628376,10405.981964759889
Adolescent: 0.9 coverage,2002.0,cancers,10901.505577373668,9414.93595787037,12388.075196876967
Adolescent: 0.9 coverage,2003.0,cancers,11149.266386858522,8919.413563594635,13379.11921012241
Adolescent: 0.9 coverage,2003.0,cancers,12264.194030673263,11892.551750400193,12635.836310946333
Adolescent: 0.9 coverage,2003.0,cancers,10405.9822693444,9662.697238076742,11149.267300612059
Adolescent: 0.9 coverage,2003.0,cancers,9043.294009871315,7680.6058334667305,10405.982186275898
Adolescent: 0.9 coverage,2004.0,cancers,10777.624826512481,10405.982961581925,11149.266691443036
Adolescent: 0.9 coverage,2004.0,cancers,9167.174649974499,8919.413231320623,9414.936068628376
Adolescent: 0.9 coverage,2004.0,cancers,12016.432196676873,11892.551861158197,12140.312532195547
Adolescent: 0.9 coverage,2004.0,cancers,10529.863269411098,9414.936567039395,11644.789971782802
Adolescent: 0.9 coverage,2005.0,cancers,11520.908860958101,11149.266746822039,11892.550975094164
Adolescent: 0.9 coverage,2005.0,cancers,10901.50530047866,8919.413342078627,12883.597258878692
Adolescent: 0.9 coverage,2005.0,cancers,11520.909414748121,10901.505632752673,12140.31319674357
Adolescent: 0.9 coverage,2005.0,cancers,10777.624604996472,10158.221293722541,11397.027916270403
Adolescent: 0.9 coverage,2006.0,cancers,13503.000210189111,11397.028968471444,15608.971451906778
Adolescent: 0.9 coverage,2006.0,cancers,10282.101435414708,9167.174760732503,11397.028110096911
Adolescent: 0.9 coverage,2006.0,cancers,11149.266636064032,10901.505411236663,11397.027860891401
Adolescent: 0.9 coverage,2006.0,cancers,10405.982809289671,8919.414200453159,11892.551418126182
Adolescent: 0.9 coverage,2007.0,cancers,12016.431753644854,11644.789750266797,12388.073757022914
Adolescent: 0.9 coverage,2007.0,cancers,14122.404989006594,12635.836310946332,15608.973667066857
Adolescent: 0.9 coverage,2007.0,cancers,12264.19397529426,10653.744407925302,13874.64354266322
Adolescent: 0.9 coverage,2007.0,cancers,13007.477442105112,10901.505549684169,15113.449334526053
Adolescent: 0.9 coverage,2008.0,cancers,10282.102196875985,8423.891418524408,12140.312975227562
Adolescent: 0.9 coverage,2008.0,cancers,15361.21210996548,14865.690546374773,15856.733673556184
Adolescent: 0.9 coverage,2008.0,cancers,12511.95525550063,12388.074532328941,12635.835978672321
Adolescent: 0.9 coverage,2008.0,cancers,10901.50563275267,10405.982407791904,11397.028857713438
Adolescent: 0.9 coverage,2009.0,cancers,10901.505978871435,10405.982961581925,11397.028996160945
Adolescent: 0.9 coverage,2009.0,cancers,12264.193753778254,11149.26707909605,13379.120428460457
Adolescent: 0.9 coverage,2009.0,cancers,11149.266746822037,9414.936068628376,12883.597425015698
Adolescent: 0.9 coverage,2009.0,cancers,13874.6430442522,12635.835314124295,15113.450774380104
Adolescent: 0.9 coverage,2010.0,cancers,12016.432418192879,11149.267411370061,12883.597425015696
Adolescent: 0.9 coverage,2010.0,cancers,11273.148079162747,10405.982961581925,12140.31319674357
Adolescent: 0.9 coverage,2010.0,cancers,11025.386245166355,10901.505632752673,11149.26685758004
Adolescent: 0.9 coverage,2010.0,cancers,15485.092279347147,15113.451217412121,15856.733341282172
Adolescent: 0.9 coverage,2011.0,cancers,13750.760825847457,13626.879770401756,13874.641881293159
Adolescent: 0.9 coverage,2011.0,cancers,12264.193643020248,12140.312642953548,12388.074643086948
Adolescent: 0.9 coverage,2011.0,cancers,11025.385995960845,8671.65189573525,13379.120096186443
Adolescent: 0.9 coverage,2011.0,cancers,12759.716231122491,10158.220906069526,15361.211556175456
Adolescent: 0.9 coverage,2012.0,cancers,10653.744020272288,9662.698511793791,11644.789528750785
Adolescent: 0.9 coverage,2012.0,cancers,14617.927438661334,12388.073978538923,16847.780898783745
Adolescent: 0.9 coverage,2012.0,cancers,13626.88181942483,13379.120649976465,13874.642988873198
Adolescent: 0.9 coverage,2012.0,cancers,13131.358151432049,10158.221515238549,16104.494787625548
Adolescent: 0.9 coverage,2013.0,cancers,13503.001096253141,12140.312864469557,14865.689328036728
Adolescent: 0.9 coverage,2013.0,cancers,14494.046383215635,11397.028968471444,17591.063797959825
Adolescent: 0.9 coverage,2013.0,cancers,13750.761601153485,12635.835314124295,14865.687888182674
Adolescent: 0.9 coverage,2013.0,cancers,14865.689604931737,13626.882207077846,16104.497002785629
Adolescent: 0.9 coverage,2014.0,cancers,16104.495175278564,14865.68932803673,17343.301022520398
Adolescent: 0.9 coverage,2014.0,cancers,13007.478314324393,12883.5974250157,13131.359203633087
Adolescent: 0.9 coverage,2014.0,cancers,16352.257286169965,16104.496892027626,16600.017680312303
Adolescent: 0.9 coverage,2014.0,cancers,14370.165770801948,13131.358760601071,15608.972781002827
Adolescent: 0.9 coverage,2015.0,cancers,14122.40368760005,12883.597258878694,15361.210116321405
Adolescent: 0.9 coverage,2015.0,cancers,17095.540296104045,14370.164663221905,19820.915928986185
Adolescent: 0.9 coverage,2015.0,cancers,14865.688552730699,14370.166213833963,15361.210891627434
Adolescent: 0.9 coverage,2015.0,cancers,14246.28395389497,10405.982075517893,18086.58583227205
Adolescent: 0.9 coverage,2016.0,cancers,16476.138784647683,14122.405432038613,18829.872137256752
Adolescent: 0.9 coverage,2016.0,cancers,14617.926774113308,13874.643431905215,15361.210116321403
Adolescent: 0.9 coverage,2016.0,cancers,14494.04732465867,13131.358871359074,15856.735777958263
Adolescent: 0.9 coverage,2016.0,cancers,14246.285103009262,13131.359092875084,15361.211113143441
Adolescent: 0.9 coverage,2017.0,cancers,13626.880490328782,9414.9367331764,17838.824247481163
Adolescent: 0.9 coverage,2017.0,cancers,15732.853227279506,15608.972227212806,15856.734227346204
Adolescent: 0.9 coverage,2017.0,cancers,15113.449334526049,12635.836200188327,17591.062468863773
Adolescent: 0.9 coverage,2017.0,cancers,19820.916704292216,17343.301687068422,22298.53172151601
Adolescent: 0.9 coverage,2018.0,cancers,15856.733895072191,14865.689549552735,16847.778240591648
Adolescent: 0.9 coverage,2018.0,cancers,15361.210725490428,15361.21022707941,15361.211223901446
Adolescent: 0.9 coverage,2018.0,cancers,17838.825078166195,16600.018344860327,19077.631811472063
Adolescent: 0.9 coverage,2018.0,cancers,13998.524376592912,13626.88231783585,14370.166435349973
Adolescent: 0.9 coverage,2019.0,cancers,14989.568306769852,12388.073701643913,17591.06291189579
Adolescent: 0.9 coverage,2019.0,cancers,16723.899566443033,15608.973777824864,17838.825355061206
Adolescent: 0.9 coverage,2019.0,cancers,15361.211943828472,15113.449334526053,15608.974553130893
Adolescent: 0.9 coverage,2019.0,cancers,15113.44983293707,14865.689438794732,15361.21022707941
Adolescent: 0.9 coverage,2020.0,cancers,14617.927175611076,13379.120456149958,15856.733895072191
Adolescent: 0.9 coverage,2020.0,cancers,15608.972781002827,15361.211223901446,15856.734338104208
Adolescent: 0.9 coverage,2020.0,cancers,16971.659517553355,16104.495009141556,17838.824025965154
Adolescent: 0.9 coverage,2020.0,cancers,18829.872137256752,16600.01978471438,21059.724489799122
Adolescent: 0.9 coverage,2021.0,cancers,17467.183130167137,17343.30290540647,17591.063354927806
Adolescent: 0.9 coverage,2021.0,cancers,15608.974027030374,15361.212829892505,15856.735224168242
Adolescent: 0.9 coverage,2021.0,cancers,18582.109915607343,15856.733895072191,21307.485936142497
Adolescent: 0.9 coverage,2021.0,cancers,17219.421185412742,15856.733562798181,18582.108808027304
Adolescent: 0.9 coverage,2022.0,cancers,17467.183573199156,15113.450774380106,19820.916372018204
Adolescent: 0.9 coverage,2022.0,cancers,15856.734836515227,14617.926552597302,17095.54312043315
Adolescent: 0.9 coverage,2022.0,cancers,15732.852728868487,15361.210891627434,16104.49456610954
Adolescent: 0.9 coverage,2022.0,cancers,16104.495396794573,14865.689328036728,17343.301465552417
Adolescent: 0.9 coverage,2023.0,cancers,17838.824302860165,17343.3011332784,18334.347472441932
Adolescent: 0.9 coverage,2023.0,cancers,20935.84268673689,19077.63120230304,22794.054171170745
Adolescent: 0.9 coverage,2023.0,cancers,18829.87130657172,16847.77990196171,20811.96271118173
Adolescent: 0.9 coverage,2023.0,cancers,17962.705690579878,17838.825576577212,18086.585804582544
Adolescent: 0.9 coverage,2024.0,cancers,16104.495729068583,15608.974442372888,16600.01701576428
Adolescent: 0.9 coverage,2024.0,cancers,17838.82546581921,16104.49667051162,19573.1542611268
Adolescent: 0.9 coverage,2024.0,cancers,18334.34902305399,18086.58890580666,18582.109140301316
Adolescent: 0.9 coverage,2024.0,cancers,17467.183213235643,15361.211223901446,19573.155202569837
Adolescent: 0.9 coverage,2025.0,cancers,16352.25745230697,15113.450885138109,17591.06401947583
Adolescent: 0.9 coverage,2025.0,cancers,16228.375787692246,15361.211666933463,17095.53990845103
Adolescent: 0.9 coverage,2025.0,cancers,20811.962877318736,19573.15559022285,22050.770164414625
Adolescent: 0.9 coverage,2025.0,cancers,21183.606375929852,21059.72559737916,21307.487154480543
Adolescent: 0.9 coverage,2026.0,cancers,19449.27425788214,19077.632365262085,19820.916150502195
Adolescent: 0.9 coverage,2026.0,cancers,19820.91653815521,19325.394033121465,20316.43904318895
Adolescent: 0.9 coverage,2026.0,cancers,21431.366825451194,20068.678704425613,22794.054946476776
Adolescent: 0.9 coverage,2026.0,cancers,17962.705745958883,17591.063576443816,18334.347915473947
Adolescent: 0.9 coverage,2027.0,cancers,21059.72421290411,19820.91714732423,22298.531278483988
Adolescent: 0.9 coverage,2027.0,cancers,21059.724379041116,21059.724268283113,21059.724489799122
Adolescent: 0.9 coverage,2027.0,cancers,18705.990361884025,17838.825133545197,19573.15559022285
Adolescent: 0.9 coverage,2027.0,cancers,20688.08171111503,20564.20060029033,20811.96282193974
Adolescent: 0.9 coverage,2028.0,cancers,17095.540794515065,16352.256455484934,17838.825133545197
Adolescent: 0.9 coverage,2028.0,cancers,19449.276085389207,16600.01978471438,22298.532386064035
Adolescent: 0.9 coverage,2028.0,cancers,22546.294995366454,22298.533715160083,22794.056275572824
Adolescent: 0.9 coverage,2028.0,cancers,21803.00788738622,21059.723271461076,22546.29250331136
Adolescent: 0.9 coverage,2029.0,cancers,18953.75258353343,18086.58746595261,19820.91770111425
Adolescent: 0.9 coverage,2029.0,cancers,18334.347749336943,18086.58558306654,18582.109915607347
Adolescent: 0.9 coverage,2029.0,cancers,18210.46719230226,17591.062911895795,18829.871472708728
Adolescent: 0.9 coverage,2029.0,cancers,22422.412500066697,21059.7239360091,23785.101064124297
Adolescent: 0.9 coverage,2030.0,cancers,20688.082043389048,20564.202150902387,20811.961935875705
Adolescent: 0.9 coverage,2030.0,cancers,22917.935891164467,20316.440926075014,25519.430856253923
Adolescent: 0.9 coverage,2030.0,cancers,21183.605822139834,18334.34714016792,24032.86450411175
Adolescent: 0.9 coverage,2030.0,cancers,20688.08137884102,19820.916150502195,21555.246607179844
Adolescent: 0.9 coverage,2031.0,cancers,21555.246939453857,21059.724046767104,22050.769832140613
Adolescent: 0.9 coverage,2031.0,cancers,20811.96271118173,17095.54001920904,24528.385403154425
Adolescent: 0.9 coverage,2031.0,cancers,21926.89032730697,17838.82579809322,26014.95485652072
Adolescent: 0.9 coverage,2031.0,cancers,22174.650333796293,21555.24671793785,22794.053949654735
Adolescent: 0.9 coverage,2032.0,cancers,20564.201264838353,19325.394365395478,21803.00816428123
Adolescent: 0.9 coverage,2032.0,cancers,22546.29416468142,20068.679590489646,25023.9087388732
Adolescent: 0.9 coverage,2032.0,cancers,22050.77016441463,21555.24738248588,22546.292946343376
Adolescent: 0.9 coverage,2032.0,cancers,21679.127884141555,21555.24760400188,21803.00816428123
Adolescent: 0.9 coverage,2033.0,cancers,19820.91659353421,19077.63203298807,20564.20115408035
Adolescent: 0.9 coverage,2033.0,cancers,23785.101396398306,23289.579057501574,24280.62373529504
Adolescent: 0.9 coverage,2033.0,cancers,20688.082043389044,18829.870032854673,22546.294053923415
Adolescent: 0.9 coverage,2033.0,cancers,21926.889053589926,21803.008053523226,22050.770053656623
Adolescent: 0.9 coverage,2034.0,cancers,22422.41216779269,22050.76994289862,22794.054392686754
Adolescent: 0.9 coverage,2034.0,cancers,26386.598078236824,23041.81738964219,29731.378766831458
Adolescent: 0.9 coverage,2034.0,cancers,23661.21876265105,21059.723548356087,26262.713976946012
Adolescent: 0.9 coverage,2034.0,cancers,20935.84365586943,20811.961935875705,21059.725375863156
Adolescent: 0.9 coverage,2035.0,cancers,22917.935669648465,19573.155368706844,26262.715970590085
Adolescent: 0.9 coverage,2035.0,cancers,21059.72415752511,20564.20093256434,21555.24738248588
Adolescent: 0.9 coverage,2035.0,cancers,22050.770164414625,21059.72448979912,23041.815839030132
Adolescent: 0.9 coverage,2035.0,cancers,23165.697559023858,21803.00960413528,24528.38551391243
Adolescent: 0.9 coverage,2036.0,cancers,23413.45911612524,22546.29493998745,24280.623292263026
Adolescent: 0.9 coverage,2036.0,cancers,19944.7973167059,17838.825687335215,22050.768946076583
Adolescent: 0.9 coverage,2036.0,cancers,22298.532386064035,18829.871472708728,25767.193299419338
Adolescent: 0.9 coverage,2036.0,cancers,27005.99953431419,25271.669077636536,28740.329990991842
Adolescent: 0.9 coverage,2037.0,cancers,25891.07374569602,23289.577839163532,28492.569652228507
Adolescent: 0.9 coverage,2037.0,cancers,23289.577063857498,21555.246053389827,25023.908074325172
Adolescent: 0.9 coverage,2037.0,cancers,25767.192967145325,25767.19197032329,25767.193963967362
Adolescent: 0.9 coverage,2037.0,cancers,22794.054724960766,18829.87125119272,26758.238198728814
Adolescent: 0.9 coverage,2038.0,cancers,24652.26656935813,22298.53238606403,27006.00075265223
Adolescent: 0.9 coverage,2038.0,cancers,25891.074299486037,22794.05583254081,28988.092766431266
Adolescent: 0.9 coverage,2038.0,cancers,25643.311911699628,24528.386067702453,26758.237755696802
Adolescent: 0.9 coverage,2038.0,cancers,25891.07369031702,24280.62439984307,27501.522980790964
Adolescent: 0.9 coverage,2039.0,cancers,21679.127330351534,19820.917258082234,23537.337402620837
Adolescent: 0.9 coverage,2039.0,cancers,25395.549911566224,21059.724268283113,29731.37555484934
Adolescent: 0.9 coverage,2039.0,cancers,24900.026575847456,24280.624399843065,25519.428751851847
Adolescent: 0.9 coverage,2039.0,cancers,23413.4581193032,23289.577728405526,23537.338510200876
Adolescent: 0.9 coverage,2040.0,cancers,24032.862565846677,24032.86239970967,24032.86273198368
Adolescent: 0.9 coverage,2040.0,cancers,26014.955078036728,24776.147514045828,27253.76264202763
Adolescent: 0.9 coverage,2040.0,cancers,27501.52325768597,25519.431742317953,29483.61477305399
Adolescent: 0.9 coverage,2040.0,cancers,22050.770607446644,20811.961935875705,23289.579279017584
Adolescent: 0.9 coverage,2041.0,cancers,23413.4580085452,23289.57728537351,23537.33873171689
Adolescent: 0.9 coverage,2041.0,cancers,23165.696617580823,22050.769278350595,24280.62395681105
Adolescent: 0.9 coverage,2041.0,cancers,25767.193022524327,24280.624732117078,27253.761312931576
Adolescent: 0.9 coverage,2041.0,cancers,22546.293167859385,22050.77027517263,23041.81606054614
Adolescent: 0.9 coverage,2042.0,cancers,25767.192856387323,25767.192634871317,25767.19307790333
Adolescent: 0.9 coverage,2042.0,cancers,24156.743455155367,21555.24782551789,26758.239084792847
Adolescent: 0.9 coverage,2042.0,cancers,24528.38545853343,20316.440040010988,28740.330877055872
Adolescent: 0.9 coverage,2042.0,cancers,24032.86223357266,22546.293500133397,25519.43096701193
Adolescent: 0.9 coverage,2043.0,cancers,26014.955022657727,24528.38662149247,27501.52342382298
Adolescent: 0.9 coverage,2043.0,cancers,20811.96404027778,20564.202593934406,21059.72548662116
Adolescent: 0.9 coverage,2043.0,cancers,24528.385956944447,24528.38518163842,24528.386732250478
Adolescent: 0.9 coverage,2043.0,cancers,21679.12771800455,20564.200378774323,22794.05505723478
Adolescent: 0.9 coverage,2044.0,cancers,22546.293721649407,21307.4859361425,23785.101507156312
Adolescent: 0.9 coverage,2044.0,cancers,21555.247659380886,19820.917368840237,23289.577949921535
Adolescent: 0.9 coverage,2044.0,cancers,22174.65110910232,20316.440593801006,24032.86162440364
Adolescent: 0.9 coverage,2044.0,cancers,26510.47769382847,26262.716524380103,26758.238863276838
Adolescent: 0.9 coverage,2045.0,cancers,22917.937331018526,22298.53449046611,23537.340171570937
Adolescent: 0.9 coverage,2045.0,cancers,24900.02724039548,21307.485050078463,28492.569430712498
Adolescent: 0.9 coverage,2045.0,cancers,22917.936777228504,21803.009936409293,24032.863618047715
Adolescent: 0.9 coverage,2045.0,cancers,24900.027572669493,24776.147735561837,25023.907409777148
Adolescent: 0.9 coverage,2046.0,cancers,25519.431963833966,25519.43096701193,25519.432960656002
Adolescent: 0.9 coverage,2046.0,cancers,25643.31074874058,24280.62395681105,27005.997540670112
Adolescent: 0.9 coverage,2046.0,cancers,25147.789462044886,24776.14707101381,25519.43185307596
Adolescent: 0.9 coverage,2046.0,cancers,26510.477306175457,26262.71619210609,26758.238420244823
Adolescent: 0.9 coverage,2047.0,cancers,23908.982285707003,22546.293943165416,25271.67062824859
Adolescent: 0.9 coverage,2047.0,cancers,25767.19269025032,25023.908849631203,26510.47653086943
Adolescent: 0.9 coverage,2047.0,cancers,21431.366825451194,18582.10980484934,24280.623846053048
Adolescent: 0.9 coverage,2047.0,cancers,25891.073745696016,25767.1950715474,26014.95241984463
Adolescent: 0.9 coverage,2048.0,cancers,24776.146018812775,24528.384849364407,25023.90718826114
Adolescent: 0.9 coverage,2048.0,cancers,26386.59558618173,26262.714198462018,26510.476973901445
Adolescent: 0.9 coverage,2048.0,cancers,23537.3391193699,23289.577728405522,23785.100510334276
Adolescent: 0.9 coverage,2048.0,cancers,24652.26590481011,23289.577728405526,26014.95408121469
Adolescent: 0.9 coverage,2049.0,cancers,24280.623846053044,20811.964151035787,27749.283541070305
Adolescent: 0.9 coverage,2049.0,cancers,25643.311967078625,21555.248711581928,29731.375222575327
Adolescent: 0.9 coverage,2049.0,cancers,20316.441092212022,17591.064573265852,23041.817611158196
Adolescent: 0.9 coverage,2049.0,cancers,24900.027351153483,24280.623070747017,25519.43163155995
Adolescent: 0.9 coverage,2050.0,cancers,22298.531555379,21803.00794276522,22794.05516799278
Adolescent: 0.9 coverage,2050.0,cancers,21307.48654531152,19077.633140568112,23537.33995005493
Adolescent: 0.9 coverage,2050.0,cancers,25519.43118852794,22794.055278750788,28244.807098305086
Adolescent: 0.9 coverage,2050.0,cancers,25147.789572802893,21803.009271861272,28492.569873744513
Adolescent: 0.9 coverage,2051.0,cancers,22298.531832274013,20316.43981849498,24280.623846053044
Adolescent: 0.9 coverage,2051.0,cancers,22794.056497088834,20068.681141101704,25519.431853075963
Adolescent: 0.9 coverage,2051.0,cancers,26510.477527691466,26262.715970590085,26758.239084792847
Adolescent: 0.9 coverage,2051.0,cancers,20935.844320417455,19820.917479598244,22050.771161236662
Adolescent: 0.9 coverage,2052.0,cancers,24776.146849497803,24280.622627715,25271.67107128061
Adolescent: 0.9 coverage,2052.0,cancers,26386.595696939738,25767.192856387323,27005.998537492153
Adolescent: 0.9 coverage,2052.0,cancers,26386.596029213746,25767.190751985243,27006.00130644225
Adolescent: 0.9 coverage,2052.0,cancers,22917.936334196485,22794.056164814818,23041.816503578157
Adolescent: 0.9 coverage,2053.0,cancers,22422.412610824704,19820.917811872256,25023.90740977715
Adolescent: 0.9 coverage,2053.0,cancers,21555.2481024129,21307.486046900503,21803.010157925302
Adolescent: 0.9 coverage,2053.0,cancers,21431.366493177182,19077.63336208412,23785.099624270242
Adolescent: 0.9 coverage,2053.0,cancers,25395.550382287744,21307.48709910154,29483.613665473946
Adolescent: 0.9 coverage,2054.0,cancers,22174.65177365035,21803.008607313244,22546.294939987452
Adolescent: 0.9 coverage,2054.0,cancers,22050.770053656623,22050.769610624608,22050.770496688638
Adolescent: 0.9 coverage,2054.0,cancers,24032.861513645636,23785.100842608288,24280.622184682987
Adolescent: 0.9 coverage,2054.0,cancers,22422.41316461472,20068.68047655368,24776.145852675767
Adolescent: 0.9 coverage,2055.0,cancers,21555.24854544492,17591.067009941944,25519.430080947895
Adolescent: 0.9 coverage,2055.0,cancers,24032.86129212963,21307.48571462649,26758.236869632765
Adolescent: 0.9 coverage,2055.0,cancers,26510.47630935342,25271.669077636536,27749.283541070305
Adolescent: 0.9 coverage,2055.0,cancers,20811.96370800377,17838.826573399252,23785.100842608284
Adolescent: 0.9 coverage,2056.0,cancers,21183.606265171853,18829.87313407879,23537.339396264913
Adolescent: 0.9 coverage,2056.0,cancers,22050.77127199467,21803.01037944131,22298.532164548025
Adolescent: 0.9 coverage,2056.0,cancers,27873.164596516006,27749.2833195543,27997.045873477717
Adolescent: 0.9 coverage,2056.0,cancers,25271.670739006597,24280.625728939114,26262.71574907408
Adolescent: 0.9 coverage,2057.0,cancers,23041.816946610175,21555.250262193982,24528.383631026365
Adolescent: 0.9 coverage,2057.0,cancers,21431.367157725206,20811.96370800377,22050.770607446644
Adolescent: 0.9 coverage,2057.0,cancers,25643.310471845572,22794.054392686754,28492.56655100439
Adolescent: 0.9 coverage,2057.0,cancers,20440.32092931968,19325.395362217518,21555.246496421845
Adolescent: 0.9 coverage,2058.0,cancers,21679.128604068585,21307.486268416513,22050.770939720656
Adolescent: 0.9 coverage,2058.0,cancers,22050.769776761612,21555.247604001885,22546.291949521343
Adolescent: 0.9 coverage,2058.0,cancers,21431.367102346205,15856.735556442254,27005.998648250155
Adolescent: 0.9 coverage,2058.0,cancers,23661.220839363625,21803.007832007217,25519.433846720036
Adolescent: 0.9 coverage,2059.0,cancers,28120.92593210138,26510.476752385435,29731.375111817324
Adolescent: 0.9 coverage,2059.0,cancers,23908.98034744193,21803.007610491208,26014.953084392655
Adolescent: 0.9 coverage,2059.0,cancers,20316.44103683302,18829.874463174838,21803.007610491208
Adolescent: 0.9 coverage,2059.0,cancers,25643.30991805555,24280.62284923101,27005.99698688009
Adolescent: 0.9 coverage,2060.0,cancers,24156.742569091337,21307.486932964537,27005.998205218137
Adolescent: 0.9 coverage,2060.0,cancers,20316.440926075018,19573.15747310892,21059.724379041116
Adolescent: 0.9 coverage,2060.0,cancers,23661.21923337257,22050.7693891086,25271.669077636536
Adolescent: 0.9 coverage,2060.0,cancers,20564.201264838353,18829.871694224734,22298.530835451977
Adolescent: 0.9 coverage,2061.0,cancers,20811.964151035787,20564.203590756442,21059.72471131513
Adolescent: 0.9 coverage,2061.0,cancers,24032.863008878692,20316.44336275111,27749.282655006275
Adolescent: 0.9 coverage,2061.0,cancers,19077.634525043162,17591.06612387791,20564.202926208418
Adolescent: 0.9 coverage,2061.0,cancers,26138.835136660393,21803.0100471673,30474.660226153486
Adolescent: 0.9 coverage,2062.0,cancers,24032.862898120686,20564.202926208418,27501.522870032957
Adolescent: 0.9 coverage,2062.0,cancers,22050.770053656623,20564.201929386378,23537.338177926868
Adolescent: 0.9 coverage,2062.0,cancers,24528.384960122414,23537.340282328943,25519.42963791588
Adolescent: 0.9 coverage,2062.0,cancers,18953.755130967525,18334.35145973008,19573.15880220497
Adolescent: 0.9 coverage,2063.0,cancers,22174.651385997335,20811.963818761775,23537.338953232895
Adolescent: 0.9 coverage,2063.0,cancers,23785.10145177731,18829.872801804777,28740.330101749845
Adolescent: 0.9 coverage,2063.0,cancers,20935.84448655446,19573.1570300769,22298.531943032016
Adolescent: 0.9 coverage,2063.0,cancers,23165.69711599184,18582.112020009423,27749.282211974256
Adolescent: 0.9 coverage,2064.0,cancers,22298.532330685033,21555.24826854991,23041.816392820154
Adolescent: 0.9 coverage,2064.0,cancers,21926.890216548967,19077.633694358134,24776.1467387398
Adolescent: 0.9 coverage,2064.0,cancers,24900.027794185502,24776.14640646579,25023.909181905216
Adolescent: 0.9 coverage,2064.0,cancers,23908.980845852948,21803.008939587256,26014.95275211864
Adolescent: 0.9 coverage,2065.0,cancers,24528.386732250478,23785.10305776837,25271.670406732585
Adolescent: 0.9 coverage,2065.0,cancers,22050.770662825642,20811.96370800377,23289.57761764752
Adolescent: 0.9 coverage,2065.0,cancers,21307.48621303751,18334.349466086005,24280.622959989014
Adolescent: 0.9 coverage,2065.0,cancers,22422.412500066697,21803.008607313244,23041.816392820154
Adolescent: 0.9 coverage,2066.0,cancers,20440.32065242467,20316.440372284997,20564.200932564345
Adolescent: 0.9 coverage,2066.0,cancers,23413.459559157254,21059.725929653174,25767.193188661335
Adolescent: 0.9 coverage,2066.0,cancers,21803.009382619275,19325.39458691149,24280.62417832706
Adolescent: 0.9 coverage,2066.0,cancers,20564.201375596356,18086.586579888575,23041.81617130414
Adolescent: 0.9 coverage,2067.0,cancers,22422.412776961708,20564.201043322348,24280.62451060107
Adolescent: 0.9 coverage,2067.0,cancers,23165.697780539864,21555.248157791902,24776.147403287825
Adolescent: 0.9 coverage,2067.0,cancers,23041.81617130414,22546.292392553354,23537.33995005493
Adolescent: 0.9 coverage,2067.0,cancers,24156.742513712335,23289.577174615504,25023.907852809163
Adolescent: 0.9 coverage,2068.0,cancers,24280.623015368015,22794.054724960766,25767.19130577526
Adolescent: 0.9 coverage,2068.0,cancers,22917.934617447423,21059.72360373509,24776.145631159758
Adolescent: 0.9 coverage,2068.0,cancers,22298.53233068503,20316.440372284997,24280.624289085063
Adolescent: 0.9 coverage,2068.0,cancers,26634.357087904114,24280.623181505023,28988.090994303202
Adolescent: 0.9 coverage,2069.0,cancers,26386.596306108757,25519.430856253923,27253.76175596359
Adolescent: 0.9 coverage,2069.0,cancers,21555.247659380882,20564.20204014438,22546.293278617388
Adolescent: 0.9 coverage,2069.0,cancers,23041.816503578157,22794.05505723478,23289.577949921535
Adolescent: 0.9 coverage,2069.0,cancers,23041.81608823564,21555.24688407486,24528.385292396422
Adolescent: 0.9 coverage,2070.0,cancers,22670.174223305086,20811.96260042373,24528.385846186444
Adolescent: 0.9 coverage,2070.0,cancers,22670.17427868409,20316.43981849498,25023.9087388732
Adolescent: 0.9 coverage,2070.0,cancers,26758.23886327684,26262.714641494036,27253.763085059643
Adolescent: 0.9 coverage,2070.0,cancers,22794.054738805517,20316.439735426473,25271.66974218456
Adolescent: 0.9 coverage,2071.0,cancers,21926.889718137947,20811.962821939735,23041.81661433616
Adolescent: 0.9 coverage,2071.0,cancers,23289.57866984856,21803.00960413528,24776.147735561837
Adolescent: 0.9 coverage,2071.0,cancers,23413.459226883242,22298.532829096046,24528.385624670438
Adolescent: 0.9 coverage,2071.0,cancers,20935.84398814344,19325.393700847457,22546.294275439424
Adolescent: 0.9 coverage,2072.0,cancers,19944.79842428594,19077.632697536093,20811.964151035783
Adolescent: 0.9 coverage,2072.0,cancers,23289.577340752512,22546.29272482737,24032.861956677654
Adolescent: 0.9 coverage,2072.0,cancers,19820.917451908743,18829.871915740743,20811.962988076742
Adolescent: 0.9 coverage,2072.0,cancers,20440.320513977167,19820.916261260198,21059.724766694133
Adolescent: 0.9 coverage,2073.0,cancers,20688.082541800068,19573.15603325487,21803.009050345263
Adolescent: 0.9 coverage,2073.0,cancers,23289.57729921826,21555.247742449388,25023.90685598713
Adolescent: 0.9 coverage,2073.0,cancers,25023.90840659919,22794.05472496077,27253.762088237607
Adolescent: 0.9 coverage,2073.0,cancers,23537.33823330587,17838.824025965157,29235.852440646577
Adolescent: 0.9 coverage,2074.0,cancers,23661.220299418354,22546.293749338907,24776.146849497803
Adolescent: 0.9 coverage,2074.0,cancers,20935.843738937932,19325.39325781544,22546.294220060423
Adolescent: 0.9 coverage,2074.0,cancers,24900.02721270598,23289.57750688952,26510.476918522443
Adolescent: 0.9 coverage,2074.0,cancers,22298.531998411017,21803.008607313248,22794.05538950879
Adolescent: 0.9 coverage,2075.0,cancers,21307.485271594473,19820.916150502195,22794.054392686754
Adolescent: 0.9 coverage,2075.0,cancers,23908.981344263964,22298.53216454802,25519.43052397991
Adolescent: 0.9 coverage,2075.0,cancers,23413.457842408192,22546.292614069367,24280.623070747017
Adolescent: 0.9 coverage,2075.0,cancers,25147.789420510635,24032.862288951666,26262.716552069607
Adolescent: 0.9 coverage,2076.0,cancers,22917.935641958964,22546.29377702841,23289.577506889516
Adolescent: 0.9 coverage,2076.0,cancers,21926.889455087687,20564.201735559873,23289.577174615504
Adolescent: 0.9 coverage,2076.0,cancers,21431.367046967203,21307.48565924749,21555.248434686917
Adolescent: 0.9 coverage,2076.0,cancers,21679.127801073053,19077.632697536093,24280.622904610012
Adolescent: 0.9 coverage,2077.0,cancers,22917.935489666706,22050.77013672513,23785.100842608288
Adolescent: 0.9 coverage,2077.0,cancers,22917.934922031935,22794.05372813873,23041.816115925143
Adolescent: 0.9 coverage,2077.0,cancers,26510.476143216416,26014.953084392655,27005.999202040177
Adolescent: 0.9 coverage,2077.0,cancers,22670.173960254826,22546.292641758864,22794.055278750788
Adolescent: 0.9 coverage,2078.0,cancers,22422.4125000667,21059.72415752511,23785.10084260829
Adolescent: 0.9 coverage,2078.0,cancers,23661.219676404588,22546.293610891404,24776.145741917768
Adolescent: 0.9 coverage,2078.0,cancers,27005.998482113147,26510.475644805396,27501.5213194209
Adolescent: 0.9 coverage,2078.0,cancers,24156.743344397368,22298.532386064035,26014.9543027307
Adolescent: 0.9 coverage,2079.0,cancers,24032.86239970967,23289.578835985565,24776.145963433773
Adolescent: 0.9 coverage,2079.0,cancers,20564.201957075882,20316.440843006516,20811.96307114525
Adolescent: 0.9 coverage,2079.0,cancers,26386.59555849223,25023.907077503136,27749.284039481325
Adolescent: 0.9 coverage,2079.0,cancers,23537.33875940639,22298.532192237526,24776.14532657525
Adolescent: 0.9 coverage,2080.0,cancers,25147.78757915882,23041.815063724105,27253.760094593534
Adolescent: 0.9 coverage,2080.0,cancers,26386.595004702212,24280.622738473005,28492.567270931417
Adolescent: 0.9 coverage,2080.0,cancers,24776.146378776288,23537.33961778092,26014.953139771656
Adolescent: 0.9 coverage,2080.0,cancers,24528.38432326389,22546.292890964374,26510.475755563402
Adolescent: 0.9 coverage,2081.0,cancers,24652.265461778094,24528.384960122414,24776.145963433773
Adolescent: 0.9 coverage,2081.0,cancers,23041.816102080393,20564.20212321289,25519.430080947895
Adolescent: 0.9 coverage,2081.0,cancers,25767.191859565282,24032.861569024637,27501.52215010593
Adolescent: 0.9 coverage,2081.0,cancers,29111.971302132373,28988.091049682203,29235.851554582543
Adolescent: 0.9 coverage,2082.0,cancers,25271.66928530779,24776.146129570778,25767.19244104481
Adolescent: 0.9 coverage,2082.0,cancers,22670.17317110405,22546.292890964374,22794.05345124372
Adolescent: 0.9 coverage,2082.0,cancers,24776.145285041,23785.09926430673,25767.191305775264
Adolescent: 0.9 coverage,2082.0,cancers,25147.788008346084,24776.146489534294,25519.429527157874
Adolescent: 0.9 coverage,2083.0,cancers,22917.93555889046,20068.679202836633,25767.191914944287
Adolescent: 0.9 coverage,2083.0,cancers,23785.10034419727,22050.770164414625,25519.430523979914
Adolescent: 0.9 coverage,2083.0,cancers,22546.2935555124,19325.3947530485,25767.192357976302
Adolescent: 0.9 coverage,2083.0,cancers,25147.788340620093,21555.247077901364,28740.329603338825
Adolescent: 0.9 coverage,2084.0,cancers,27625.402734830117,26758.237894144306,28492.567575515925
Adolescent: 0.9 coverage,2084.0,cancers,26510.47630935342,24280.623015368015,28740.329603338825
Adolescent: 0.9 coverage,2084.0,cancers,27873.16391812323,25767.191887254787,29979.13594899168
Adolescent: 0.9 coverage,2084.0,cancers,25271.66837155426,24776.145935744273,25767.190807364248
Adolescent: 0.9 coverage,2085.0,cancers,24776.145229661994,22546.29194952134,27005.99850980265
Adolescent: 0.9 coverage,2085.0,cancers,28244.80615686205,26510.475617115895,29979.136696608206
Adolescent: 0.9 coverage,2085.0,cancers,24776.14510505924,23785.09926430673,25767.19094581175
Adolescent: 0.9 coverage,2085.0,cancers,27625.40255484836,26262.71527835256,28988.089831344158
Adolescent: 0.9 coverage,2086.0,cancers,28988.090094394414,27749.28293190128,30226.89725688755
Adolescent: 0.9 coverage,2086.0,cancers,27749.283194951546,27005.998039081132,28492.56835082196
Adolescent: 0.9 coverage,2086.0,cancers,27501.521997813674,26262.715361421062,28740.32863420629
Adolescent: 0.9 coverage,2086.0,cancers,25395.549205483952,22794.05370044923,27997.044710518676
Adolescent: 0.9 coverage,2087.0,cancers,28864.209551204487,24776.145409643752,32952.27369276522
Adolescent: 0.9 coverage,2087.0,cancers,25891.072499668473,25519.429693294882,26262.71530604206
Adolescent: 0.9 coverage,2087.0,cancers,27377.64048549121,25519.429693294882,29235.851277687536
Adolescent: 0.9 coverage,2087.0,cancers,27253.76053762555,24776.14552040176,29731.37555484934
Adolescent: 0.9 coverage,2088.0,cancers,25891.072056636454,24776.146018812775,27005.998094460134
Adolescent: 0.9 coverage,2088.0,cancers,27501.521637850165,26014.952890566146,28988.09038513418
Adolescent: 0.9 coverage,2088.0,cancers,27377.640734696717,24032.86134750863,30722.420121884803
Adolescent: 0.9 coverage,2088.0,cancers,25891.072167394457,23041.816171304145,28740.328163484774
Adolescent: 0.9 coverage,2089.0,cancers,27501.521125594394,26014.952669050137,28988.08958213865
Adolescent: 0.9 coverage,2089.0,cancers,27625.40290096712,25767.192441044805,29483.613360889434
Adolescent: 0.9 coverage,2089.0,cancers,27749.28336108855,27253.761008347068,28244.805713830036
Adolescent: 0.9 coverage,2089.0,cancers,25271.668593070266,24280.62204623548,26262.715139905056
Adolescent: 0.9 coverage,2090.0,cancers,30350.779530671298,27005.99931279818,33695.559748544416
Adolescent: 0.9 coverage,2090.0,cancers,27625.401641094824,26262.713616982495,28988.089665207153
Adolescent: 0.9 coverage,2090.0,cancers,28616.448284842867,27501.52101483639,29731.37555484934
Adolescent: 0.9 coverage,2090.0,cancers,28740.328523448286,28492.566661762394,28988.09038513418
Adolescent: 0.9 coverage,2091.0,cancers,31217.94495283663,30474.659755431967,31961.230150241296
Adolescent: 0.9 coverage,2091.0,cancers,28492.56793547944,26262.715139905056,30722.42073105383
Adolescent: 0.9 coverage,2091.0,cancers,27377.640900833725,25023.90774205116,29731.37405961629
Adolescent: 0.9 coverage,2091.0,cancers,26758.237589559794,23041.815672893128,30474.65950622646
Adolescent: 0.9 coverage,2092.0,cancers,27873.163613538723,27253.759540803512,28492.56768627393
Adolescent: 0.9 coverage,2092.0,cancers,26386.59524006297,26014.952890566146,26758.237589559794
Adolescent: 0.9 coverage,2092.0,cancers,28616.448049482107,25519.43046860091,31713.465630363306
Adolescent: 0.9 coverage,2092.0,cancers,26014.9529044109,24528.384793985406,27501.52101483639
Adolescent: 0.9 coverage,2093.0,cancers,30846.30058200623,29235.851360756038,32456.74980325643
Adolescent: 0.9 coverage,2093.0,cancers,29731.375070283073,28740.329409512316,30722.42073105383
Adolescent: 0.9 coverage,2093.0,cancers,28492.566800209897,27749.28223966376,29235.851360756038
Adolescent: 0.9 coverage,2093.0,cancers,31837.346741188005,31465.704903946953,32208.98857842906
Adolescent: 0.9 coverage,2094.0,cancers,29731.374571872057,29235.85111155053,30226.89803219358
Adolescent: 0.9 coverage,2094.0,cancers,28988.090260531426,28988.09013592867,28988.09038513418
Adolescent: 0.9 coverage,2094.0,cancers,27749.283125727794,24280.623070747017,31217.943180708568
Adolescent: 0.9 coverage,2094.0,cancers,28492.567187862915,26758.237589559794,30226.896786166035
Adolescent: 0.9 coverage,2095.0,cancers,24528.384170971633,22794.05345124372,26262.714890699546
Adolescent: 0.9 coverage,2095.0,cancers,27873.16411194974,27005.99931279818,28740.3289111013
Adolescent: 0.9 coverage,2095.0,cancers,30474.65849555967,28988.09013592867,31961.226855190675
Adolescent: 0.9 coverage,2095.0,cancers,34191.08142289313,33695.5592224439,34686.60362334236
Adolescent: 0.9 coverage,2096.0,cancers,29483.613596250194,28988.090634339685,29979.136558160702
Adolescent: 0.9 coverage,2096.0,cancers,31837.3478903023,29979.136807366212,33695.55897323839
Adolescent: 0.9 coverage,2096.0,cancers,27501.52138864465,26014.95214294962,28988.090634339685
Adolescent: 0.9 coverage,2096.0,cancers,27377.64128848674,27005.998814387163,27749.283762586314
Adolescent: 0.9 coverage,2097.0,cancers,33447.79725,32952.274800345265,33943.31969965474
Adolescent: 0.9 coverage,2097.0,cancers,28616.449060148894,24776.145769607265,32456.752350690524
Adolescent: 0.9 coverage,2097.0,cancers,30598.539869434637,29979.136807366212,31217.942931503057
Adolescent: 0.9 coverage,2097.0,cancers,31961.228128907722,31465.703907124916,32456.752350690524
Adolescent: 0.9 coverage,2098.0,cancers,30226.897395335058,29979.13528444366,30474.65950622646
Adolescent: 0.9 coverage,2098.0,cancers,29111.970623739602,27501.52076563088,30722.42048184832
Adolescent: 0.9 coverage,2098.0,cancers,34686.60552007318,34191.08117368762,35182.12986645874
Adolescent: 0.9 coverage,2098.0,cancers,30350.779530671298,28740.3289111013,31961.230150241296
Adolescent: 0.9 coverage,2099.0,cancers,33200.038046506204,32456.752599896034,33943.32349311638
Adolescent: 0.9 coverage,2099.0,cancers,31465.706565317014,28244.806212241052,34686.60691839298
Adolescent: 0.9 coverage,2099.0,cancers,30722.420357245566,30226.89803219358,31217.942682297547
Adolescent: 0.9 coverage,2099.0,cancers,31589.58742693621,28740.3289111013,34438.84594277112
Adolescent: 0.9 coverage,2100.0,cancers,28368.68593859071,27501.52076563088,29235.85111155053
Adolescent: 0.9 coverage,1960.0,cancer_deaths,0.0,0.0,0.0
Adolescent: 0.9 coverage,1960.0,cancer_deaths,0.0,0.0,0.0
Adolescent: 0.9 coverage,1960.0,cancer_deaths,0.0,0.0,0.0
Adolescent: 0.9 coverage,1960.0,cancer_deaths,0.0,0.0,0.0
Adolescent: 0.9 coverage,1961.0,cancer_deaths,0.0,0.0,0.0
Adolescent: 0.9 coverage,1961.0,cancer_deaths,0.0,0.0,0.0
Adolescent: 0.9 coverage,1961.0,cancer_deaths,0.0,0.0,0.0
Adolescent: 0.9 coverage,1961.0,cancer_deaths,0.0,0.0,0.0
Adolescent: 0.9 coverage,1962.0,cancer_deaths,0.0,0.0,0.0
Adolescent: 0.9 coverage,1962.0,cancer_deaths,0.0,0.0,0.0
Adolescent: 0.9 coverage,1962.0,cancer_deaths,0.0,0.0,0.0
Adolescent: 0.9 coverage,1962.0,cancer_deaths,0.0,0.0,0.0
Adolescent: 0.9 coverage,1963.0,cancer_deaths,0.0,0.0,0.0
Adolescent: 0.9 coverage,1963.0,cancer_deaths,0.0,0.0,0.0
Adolescent: 0.9 coverage,1963.0,cancer_deaths,0.0,0.0,0.0
Adolescent: 0.9 coverage,1963.0,cancer_deaths,0.0,0.0,0.0
Adolescent: 0.9 coverage,1964.0,cancer_deaths,0.0,0.0,0.0
Adolescent: 0.9 coverage,1964.0,cancer_deaths,0.0,0.0,0.0
Adolescent: 0.9 coverage,1964.0,cancer_deaths,0.0,0.0,0.0
Adolescent: 0.9 coverage,1964.0,cancer_deaths,0.0,0.0,0.0
Adolescent: 0.9 coverage,1965.0,cancer_deaths,0.0,0.0,0.0
Adolescent: 0.9 coverage,1965.0,cancer_deaths,0.0,0.0,0.0
Adolescent: 0.9 coverage,1965.0,cancer_deaths,0.0,0.0,0.0
Adolescent: 0.9 coverage,1965.0,cancer_deaths,0.0,0.0,0.0
Adolescent: 0.9 coverage,1966.0,cancer_deaths,0.0,0.0,0.0
Adolescent: 0.9 coverage,1966.0,cancer_deaths,0.0,0.0,0.0
Adolescent: 0.9 coverage,1966.0,cancer_deaths,0.0,0.0,0.0
Adolescent: 0.9 coverage,1966.0,cancer_deaths,0.0,0.0,0.0
Adolescent: 0.9 coverage,1967.0,cancer_deaths,123.88073701643913,0.0,247.76147403287825
Adolescent: 0.9 coverage,1967.0,cancer_deaths,0.0,0.0,0.0
Adolescent: 0.9 coverage,1967.0,cancer_deaths,0.0,0.0,0.0
Adolescent: 0.9 coverage,1967.0,cancer_deaths,123.88073701643913,0.0,247.76147403287825
Adolescent: 0.9 coverage,1968.0,cancer_deaths,0.0,0.0,0.0
Adolescent: 0.9 coverage,1968.0,cancer_deaths,0.0,0.0,0.0
Adolescent: 0.9 coverage,1968.0,cancer_deaths,0.0,0.0,0.0
Adolescent: 0.9 coverage,1968.0,cancer_deaths,0.0,0.0,0.0
Adolescent: 0.9 coverage,1969.0,cancer_deaths,123.88073701643913,0.0,247.76147403287825
Adolescent: 0.9 coverage,1969.0,cancer_deaths,0.0,0.0,0.0
Adolescent: 0.9 coverage,1969.0,cancer_deaths,0.0,0.0,0.0
Adolescent: 0.9 coverage,1969.0,cancer_deaths,247.76147403287825,0.0,495.5229480657565
Adolescent: 0.9 coverage,1970.0,cancer_deaths,0.0,0.0,0.0
Adolescent: 0.9 coverage,1970.0,cancer_deaths,123.88073701643913,0.0,247.76147403287825
Adolescent: 0.9 coverage,1970.0,cancer_deaths,247.76147403287825,0.0,495.5229480657565
Adolescent: 0.9 coverage,1970.0,cancer_deaths,371.6422110493174,247.76147403287825,495.5229480657565
Adolescent: 0.9 coverage,1971.0,cancer_deaths,0.0,0.0,0.0
Adolescent: 0.9 coverage,1971.0,cancer_deaths,123.88073701643913,0.0,247.76147403287825
Adolescent: 0.9 coverage,1971.0,cancer_deaths,371.6422248940679,0.0,743.2844497881358
Adolescent: 0.9 coverage,1971.0,cancer_deaths,123.88073701643913,0.0,247.76147403287825
Adolescent: 0.9 coverage,1972.0,cancer_deaths,123.88073701643913,0.0,247.76147403287825
Adolescent: 0.9 coverage,1972.0,cancer_deaths,495.5229480657565,247.76147403287825,743.2844220986348
Adolescent: 0.9 coverage,1972.0,cancer_deaths,247.76147403287825,0.0,495.5229480657565
Adolescent: 0.9 coverage,1972.0,cancer_deaths,123.88073701643913,0.0,247.76147403287825
Adolescent: 0.9 coverage,1973.0,cancer_deaths,371.6422110493174,247.76147403287825,495.5229480657565
Adolescent: 0.9 coverage,1973.0,cancer_deaths,0.0,0.0,0.0
Adolescent: 0.9 coverage,1973.0,cancer_deaths,371.6422110493174,0.0,743.2844220986348
Adolescent: 0.9 coverage,1973.0,cancer_deaths,991.0459099762636,991.045896131513,991.0459238210141
Adolescent: 0.9 coverage,1974.0,cancer_deaths,247.76147403287825,247.76147403287825,247.76147403287825
Adolescent: 0.9 coverage,1974.0,cancer_deaths,371.6422110493174,247.76147403287825,495.5229480657565
Adolescent: 0.9 coverage,1974.0,cancer_deaths,867.1651729598244,743.2844497881358,991.045896131513
Adolescent: 0.9 coverage,1974.0,cancer_deaths,743.2844359433852,495.5229480657565,991.0459238210141
Adolescent: 0.9 coverage,1975.0,cancer_deaths,743.2844359433852,743.2844220986348,743.2844497881358
Adolescent: 0.9 coverage,1975.0,cancer_deaths,867.165159115074,743.2844220986348,991.045896131513
Adolescent: 0.9 coverage,1975.0,cancer_deaths,867.165159115074,743.2844220986348,991.045896131513
Adolescent: 0.9 coverage,1975.0,cancer_deaths,867.1651729598244,743.2844497881358,991.045896131513
Adolescent: 0.9 coverage,1976.0,cancer_deaths,2229.853210916902,743.2844220986348,3716.4219997351693
Adolescent: 0.9 coverage,1976.0,cancer_deaths,1362.6880656465787,495.5229480657565,2229.853183227401
Adolescent: 0.9 coverage,1976.0,cancer_deaths,1114.926633147952,743.2844220986348,1486.5688441972695
Adolescent: 0.9 coverage,1976.0,cancer_deaths,1734.330318230148,1486.5688441972695,1982.091792263026
Adolescent: 0.9 coverage,1977.0,cancer_deaths,1362.6880794913295,495.5229480657565,2229.8532109169023
Adolescent: 0.9 coverage,1977.0,cancer_deaths,991.0459099762636,743.2844220986348,1238.8073978538923
Adolescent: 0.9 coverage,1977.0,cancer_deaths,1610.4495812137086,1486.5688718867705,1734.3302905406467
Adolescent: 0.9 coverage,1977.0,cancer_deaths,1238.8073840091417,991.0459238210141,1486.5688441972693
Adolescent: 0.9 coverage,1978.0,cancer_deaths,1734.3303597643994,1238.8073978538923,2229.8533216749065
Adolescent: 0.9 coverage,1978.0,cancer_deaths,1114.926633147952,743.2844220986348,1486.5688441972695
Adolescent: 0.9 coverage,1978.0,cancer_deaths,1114.9266193032017,743.2844220986348,1486.5688165077686
Adolescent: 0.9 coverage,1978.0,cancer_deaths,1858.2110275570858,1486.5688441972695,2229.853210916902
Adolescent: 0.9 coverage,1979.0,cancer_deaths,2105.9725292794656,1982.0918199525272,2229.8532386064035
Adolescent: 0.9 coverage,1979.0,cancer_deaths,1982.0917645735249,1486.5688718867705,2477.6146572602793
Adolescent: 0.9 coverage,1979.0,cancer_deaths,2725.3761728274094,991.045896131513,4459.706449523306
Adolescent: 0.9 coverage,1979.0,cancer_deaths,3716.42201357992,2973.137633015537,4459.706394144303
Adolescent: 0.9 coverage,1980.0,cancer_deaths,1858.2110552465867,1238.8073701643912,2477.6147403287823
Adolescent: 0.9 coverage,1980.0,cancer_deaths,2353.7340310018444,1982.0918476420281,2725.3762143616605
Adolescent: 0.9 coverage,1980.0,cancer_deaths,1734.3303043853973,1238.8073978538923,2229.8532109169023
Adolescent: 0.9 coverage,1980.0,cancer_deaths,3716.422055114172,3220.899051669413,4211.945058558931
Adolescent: 0.9 coverage,1981.0,cancer_deaths,2229.853252451154,1982.091792263026,2477.6147126392816
Adolescent: 0.9 coverage,1981.0,cancer_deaths,2229.853252451154,1982.091792263026,2477.6147126392816
Adolescent: 0.9 coverage,1981.0,cancer_deaths,4583.587172694994,3964.1835291470497,5202.990816242937
Adolescent: 0.9 coverage,1981.0,cancer_deaths,3097.018397721477,2973.137660705038,3220.899134737916
Adolescent: 0.9 coverage,1982.0,cancer_deaths,5574.633027292256,3716.4220551141716,7432.84399947034
Adolescent: 0.9 coverage,1982.0,cancer_deaths,3097.0184115662278,2229.8532939854053,3964.1835291470497
Adolescent: 0.9 coverage,1982.0,cancer_deaths,3716.4220551141716,3468.6605810812935,3964.18352914705
Adolescent: 0.9 coverage,1982.0,cancer_deaths,3964.183584526052,2973.13771608404,4955.229452968064
Adolescent: 0.9 coverage,1983.0,cancer_deaths,2849.2569236885993,1982.0917645735249,3716.422082803673
Adolescent: 0.9 coverage,1983.0,cancer_deaths,4335.825754041118,3220.8991901169184,5450.752317965317
Adolescent: 0.9 coverage,1983.0,cancer_deaths,3716.42201357992,3220.8990793589137,4211.9449478009265
Adolescent: 0.9 coverage,1983.0,cancer_deaths,4583.587214229246,3964.183501457549,5202.990927000942
Adolescent: 0.9 coverage,1984.0,cancer_deaths,3468.660636460296,2973.13771608404,3964.1835568365514
Adolescent: 0.9 coverage,1984.0,cancer_deaths,4088.064321542491,3220.8991624274177,4955.229480657565
Adolescent: 0.9 coverage,1984.0,cancer_deaths,3592.5412904082314,3468.6606087707946,3716.4219720456686
Adolescent: 0.9 coverage,1984.0,cancer_deaths,5202.990843932439,5202.990816242938,5202.99087162194
Adolescent: 0.9 coverage,1985.0,cancer_deaths,5079.110037692248,4459.706421833805,5698.51365355069
Adolescent: 0.9 coverage,1985.0,cancer_deaths,4211.94505855893,3964.183584526052,4459.706532591808
Adolescent: 0.9 coverage,1985.0,cancer_deaths,4831.348646727873,3964.1835291470497,5698.513764308695
Adolescent: 0.9 coverage,1985.0,cancer_deaths,5326.871580948879,4955.229397589062,5698.513764308695
Adolescent: 0.9 coverage,1986.0,cancer_deaths,4459.706449523305,4211.944975490427,4707.467923556183
Adolescent: 0.9 coverage,1986.0,cancer_deaths,6194.036629305948,5450.752262586315,6937.320996025581
Adolescent: 0.9 coverage,1986.0,cancer_deaths,5698.513764308695,5698.513764308695,5698.513764308695
Adolescent: 0.9 coverage,1986.0,cancer_deaths,5822.394542859385,5698.513902756199,5946.275182962571
Adolescent: 0.9 coverage,1987.0,cancer_deaths,5450.752290275817,4707.467868177182,6194.036712374452
Adolescent: 0.9 coverage,1987.0,cancer_deaths,3468.6605395470415,3468.660525702291,3468.660553391792
Adolescent: 0.9 coverage,1987.0,cancer_deaths,7061.2018576447745,6937.321051404583,7185.082663884966
Adolescent: 0.9 coverage,1987.0,cancer_deaths,6565.67951874804,5698.5136812401915,7432.845356255889
Adolescent: 0.9 coverage,1988.0,cancer_deaths,6441.79820025208,5698.513875066699,7185.082525437461
Adolescent: 0.9 coverage,1988.0,cancer_deaths,5946.275321410076,4955.229480657565,6937.321162162587
Adolescent: 0.9 coverage,1988.0,cancer_deaths,7804.4863074329105,7432.844054849342,8176.128560016479
Adolescent: 0.9 coverage,1988.0,cancer_deaths,5822.394902822899,4707.467951245685,6937.321854400113
Adolescent: 0.9 coverage,1989.0,cancer_deaths,6194.036795442955,5698.513819687698,6689.559771198212
Adolescent: 0.9 coverage,1989.0,cancer_deaths,6689.559660440207,6441.798158717827,6937.321162162587
Adolescent: 0.9 coverage,1989.0,cancer_deaths,7432.84399947034,5946.275210652072,8919.412788288608
Adolescent: 0.9 coverage,1989.0,cancer_deaths,4583.587145005493,4459.706421833805,4707.467868177182
Adolescent: 0.9 coverage,1990.0,cancer_deaths,7432.844345589103,6441.798158717829,8423.890532460377
Adolescent: 0.9 coverage,1990.0,cancer_deaths,5326.871580948879,4459.706449523305,6194.036712374451
Adolescent: 0.9 coverage,1990.0,cancer_deaths,4583.587200384495,4211.945003179928,4955.2293975890625
Adolescent: 0.9 coverage,1990.0,cancer_deaths,6070.155961513262,5202.990927000943,6937.320996025581
Adolescent: 0.9 coverage,1991.0,cancer_deaths,6937.321065249333,6194.03668468495,7680.605445813716
Adolescent: 0.9 coverage,1991.0,cancer_deaths,5202.990843932439,4459.706477212806,5946.275210652071
Adolescent: 0.9 coverage,1991.0,cancer_deaths,6317.917518614643,5946.275376789079,6689.559660440207
Adolescent: 0.9 coverage,1991.0,cancer_deaths,6689.559618905956,6441.798158717827,6937.321079094084
Adolescent: 0.9 coverage,1992.0,cancer_deaths,6937.321079094084,6689.559632750706,7185.082525437461
Adolescent: 0.9 coverage,1992.0,cancer_deaths,7185.08302384848,5946.275321410076,8423.890726286883
Adolescent: 0.9 coverage,1992.0,cancer_deaths,6937.321162162587,5946.275210652072,7928.367113673101
Adolescent: 0.9 coverage,1992.0,cancer_deaths,7185.082525437461,5698.513764308695,8671.651286566228
Adolescent: 0.9 coverage,1993.0,cancer_deaths,5574.633068826507,4955.229425278563,6194.036712374451
Adolescent: 0.9 coverage,1993.0,cancer_deaths,6937.321079094084,5946.275321410076,7928.366836778092
Adolescent: 0.9 coverage,1993.0,cancer_deaths,6689.55999271422,5698.513875066699,7680.606110361741
Adolescent: 0.9 coverage,1993.0,cancer_deaths,6689.559632750706,6441.798158717829,6937.321106783585
Adolescent: 0.9 coverage,1994.0,cancer_deaths,5946.275293720575,3716.422027424671,8176.128560016478
Adolescent: 0.9 coverage,1994.0,cancer_deaths,6441.798103338826,6441.798047959824,6441.798158717829
Adolescent: 0.9 coverage,1994.0,cancer_deaths,9786.5784181252,9662.697514971755,9910.459321278646
Adolescent: 0.9 coverage,1994.0,cancer_deaths,8300.009864667689,8176.129335322507,8423.890394012871
Adolescent: 0.9 coverage,1995.0,cancer_deaths,6441.798283320582,5946.27515527307,6937.321411368096
Adolescent: 0.9 coverage,1995.0,cancer_deaths,5202.990843932439,4211.944975490427,6194.036712374452
Adolescent: 0.9 coverage,1995.0,cancer_deaths,6937.321245231091,6689.55971581921,7185.08277464297
Adolescent: 0.9 coverage,1995.0,cancer_deaths,6565.678854200016,5698.513764308695,7432.843944091337
Adolescent: 0.9 coverage,1996.0,cancer_deaths,7680.605418124216,7432.843971780839,7928.366864467593
Adolescent: 0.9 coverage,1996.0,cancer_deaths,9291.05545621469,8671.651508082236,9910.459404347146
Adolescent: 0.9 coverage,1996.0,cancer_deaths,8547.77193402484,5450.752262586315,11644.791605463366
Adolescent: 0.9 coverage,1996.0,cancer_deaths,7556.724722642029,6441.798158717829,8671.651286566228
Adolescent: 0.9 coverage,1997.0,cancer_deaths,7680.6060826722405,7185.082525437461,8176.12963990702
Adolescent: 0.9 coverage,1997.0,cancer_deaths,4707.4679650904345,4459.706449523305,4955.229480657565
Adolescent: 0.9 coverage,1997.0,cancer_deaths,9043.293968337062,7680.605971914236,10405.981964759889
Adolescent: 0.9 coverage,1997.0,cancer_deaths,7185.082719263968,6937.321051404582,7432.844387123354
Adolescent: 0.9 coverage,1998.0,cancer_deaths,6565.679311076783,5946.275293720575,7185.083328432991
Adolescent: 0.9 coverage,1998.0,cancer_deaths,5698.513778153445,4459.706449523305,6937.321106783585
Adolescent: 0.9 coverage,1998.0,cancer_deaths,6813.440812799163,4211.94505855893,9414.936567039395
Adolescent: 0.9 coverage,1998.0,cancer_deaths,9043.29385757906,7680.605418124215,10405.982297033903
Adolescent: 0.9 coverage,1999.0,cancer_deaths,9043.294328300575,4955.22934221006,13131.359314391091
Adolescent: 0.9 coverage,1999.0,cancer_deaths,8423.890172496864,8176.128615395482,8671.651729598245
Adolescent: 0.9 coverage,1999.0,cancer_deaths,6565.678854200016,6441.798103338826,6689.559605061206
Adolescent: 0.9 coverage,1999.0,cancer_deaths,10034.339795244823,8919.412732909605,11149.266857580042
Adolescent: 0.9 coverage,2000.0,cancer_deaths,7556.725387190052,7432.843999470339,7680.606774909766
Adolescent: 0.9 coverage,2000.0,cancer_deaths,5326.871580948879,5202.990843932439,5450.752317965317
Adolescent: 0.9 coverage,2000.0,cancer_deaths,8671.652089561758,7928.36788897913,9414.936290144384
Adolescent: 0.9 coverage,2000.0,cancer_deaths,8423.89087857914,7928.367612084121,8919.414145074157
Adolescent: 0.9 coverage,2001.0,cancer_deaths,7432.844054849342,5946.275376789078,8919.412732909605
Adolescent: 0.9 coverage,2001.0,cancer_deaths,9043.293760665805,8671.651729598245,9414.935791733365
Adolescent: 0.9 coverage,2001.0,cancer_deaths,9167.174511526993,9167.174400768989,9167.174622284998
Adolescent: 0.9 coverage,2001.0,cancer_deaths,8052.248612150819,7928.36788897913,8176.129335322508
Adolescent: 0.9 coverage,2002.0,cancer_deaths,7308.963442435657,6689.55971581921,7928.367169052104
Adolescent: 0.9 coverage,2002.0,cancer_deaths,5946.275252186324,5450.752345654819,6441.798158717828
Adolescent: 0.9 coverage,2002.0,cancer_deaths,6689.559632750706,6194.036656995449,7185.082608505963
Adolescent: 0.9 coverage,2002.0,cancer_deaths,7928.367529015618,7185.083328432991,8671.651729598245
Adolescent: 0.9 coverage,2003.0,cancer_deaths,8052.248335255808,7928.368332011147,8176.128338500471
Adolescent: 0.9 coverage,2003.0,cancer_deaths,7308.963940846675,5698.513764308695,8919.414117384655
Adolescent: 0.9 coverage,2003.0,cancer_deaths,7061.201788421022,6689.559521992702,7432.844054849342
Adolescent: 0.9 coverage,2003.0,cancer_deaths,8919.413286699626,6689.55971581921,11149.266857580042
Adolescent: 0.9 coverage,2004.0,cancer_deaths,8671.651674219243,7432.844719397366,9910.458629041119
Adolescent: 0.9 coverage,2004.0,cancer_deaths,8919.41368819739,7928.367972047634,9910.459404347148
Adolescent: 0.9 coverage,2004.0,cancer_deaths,9662.697681108759,7928.366836778092,11397.028525439428
Adolescent: 0.9 coverage,2004.0,cancer_deaths,9414.936179386379,8671.651508082236,10158.220850690524
Adolescent: 0.9 coverage,2005.0,cancer_deaths,7556.724750331529,7432.843999470339,7680.605501192719
Adolescent: 0.9 coverage,2005.0,cancer_deaths,9043.294591350836,8423.890394012871,9662.6987886888
Adolescent: 0.9 coverage,2005.0,cancer_deaths,6565.6788403552655,5946.27518296257,7185.08249774796
Adolescent: 0.9 coverage,2005.0,cancer_deaths,9662.698262588281,8671.651895735251,10653.744629441311
Adolescent: 0.9 coverage,2006.0,cancer_deaths,9167.17518991977,7680.605639640224,10653.744740199314
Adolescent: 0.9 coverage,2006.0,cancer_deaths,10282.1012415882,9414.936068628376,11149.266414548023
Adolescent: 0.9 coverage,2006.0,cancer_deaths,7928.3670998283515,7185.082525437461,8671.651674219242
Adolescent: 0.9 coverage,2006.0,cancer_deaths,9291.056259210221,8176.129556838516,10405.982961581925
Adolescent: 0.9 coverage,2007.0,cancer_deaths,7680.605971914237,6441.798158717829,8919.413785110644
Adolescent: 0.9 coverage,2007.0,cancer_deaths,11644.789279545279,7680.605778087729,15608.972781002827
Adolescent: 0.9 coverage,2007.0,cancer_deaths,7928.367930513383,6689.55999271422,9167.175868312544
Adolescent: 0.9 coverage,2007.0,cancer_deaths,7680.605736553477,6937.321051404582,8423.890421702372
Adolescent: 0.9 coverage,2008.0,cancer_deaths,8176.128643084982,8176.128449258475,8176.12883691149
Adolescent: 0.9 coverage,2008.0,cancer_deaths,8547.771380234819,6937.321106783584,10158.221653686054
Adolescent: 0.9 coverage,2008.0,cancer_deaths,8176.128504637478,7432.844054849342,8919.412954425614
Adolescent: 0.9 coverage,2008.0,cancer_deaths,8671.651341945231,7928.366947536097,9414.935736354364
Adolescent: 0.9 coverage,2009.0,cancer_deaths,9786.578570417456,8423.890837044888,11149.266303790022
Adolescent: 0.9 coverage,2009.0,cancer_deaths,10158.22096144853,9662.697293455745,10653.744629441311
Adolescent: 0.9 coverage,2009.0,cancer_deaths,6441.798144873077,5202.99087162194,7680.605418124215
Adolescent: 0.9 coverage,2009.0,cancer_deaths,8052.247989137046,7185.082553126962,8919.41342514713
Adolescent: 0.9 coverage,2010.0,cancer_deaths,9291.055857712456,7928.3673074996095,10653.744407925302
Adolescent: 0.9 coverage,2010.0,cancer_deaths,7804.486639706923,7680.606442635753,7928.366836778092
Adolescent: 0.9 coverage,2010.0,cancer_deaths,10282.101823067722,9167.175120696018,11397.028525439428
Adolescent: 0.9 coverage,2010.0,cancer_deaths,7185.082553126962,6937.321162162587,7432.843944091337
Adolescent: 0.9 coverage,2011.0,cancer_deaths,11025.385995960845,9910.459182831139,12140.312809090554
Adolescent: 0.9 coverage,2011.0,cancer_deaths,10653.74269117624,8176.128393879473,13131.356988473006
Adolescent: 0.9 coverage,2011.0,cancer_deaths,10034.339906002828,8919.41284366761,11149.266968338045
Adolescent: 0.9 coverage,2011.0,cancer_deaths,7928.3675843946185,6937.321051404582,8919.414117384655
Adolescent: 0.9 coverage,2012.0,cancer_deaths,8423.889950980854,8176.128393879473,8671.651508082236
Adolescent: 0.9 coverage,2012.0,cancer_deaths,8671.652089561758,6441.798103338826,10901.50607578469
Adolescent: 0.9 coverage,2012.0,cancer_deaths,8795.532812733447,7680.605833466732,9910.459792000162
Adolescent: 0.9 coverage,2012.0,cancer_deaths,7432.8442902101,5946.275182962571,8919.413397457629
Adolescent: 0.9 coverage,2013.0,cancer_deaths,10034.340584395602,8671.65297562579,11397.028193165414
Adolescent: 0.9 coverage,2013.0,cancer_deaths,9167.174248476735,8423.889867912352,9910.458629041119
Adolescent: 0.9 coverage,2013.0,cancer_deaths,7928.367196741605,7432.8443317443525,8423.890061738857
Adolescent: 0.9 coverage,2013.0,cancer_deaths,10034.34001676083,9414.936511660391,10653.74352186127
Adolescent: 0.9 coverage,2014.0,cancer_deaths,10901.505078962651,10901.505078962651,10901.505078962651
Adolescent: 0.9 coverage,2014.0,cancer_deaths,9538.817096384577,7680.6059996037375,11397.028193165415
Adolescent: 0.9 coverage,2014.0,cancer_deaths,11025.386023650348,10901.504968204648,11149.267079096047
Adolescent: 0.9 coverage,2014.0,cancer_deaths,9414.936040938876,7432.844165607346,11397.027916270403
Adolescent: 0.9 coverage,2015.0,cancer_deaths,11768.670473438484,9662.697625729757,13874.64332114721
Adolescent: 0.9 coverage,2015.0,cancer_deaths,9291.055428525191,8671.651397324233,9910.45945972615
Adolescent: 0.9 coverage,2015.0,cancer_deaths,9167.175522193782,8919.41395124765,9414.937093139913
Adolescent: 0.9 coverage,2015.0,cancer_deaths,8795.53292349145,8176.129556838517,9414.936290144384
Adolescent: 0.9 coverage,2016.0,cancer_deaths,9662.697847245765,8176.128781532488,11149.266912959043
Adolescent: 0.9 coverage,2016.0,cancer_deaths,12511.955200121629,11149.266746822037,13874.643653421223
Adolescent: 0.9 coverage,2016.0,cancer_deaths,8919.413494370883,7432.844525570859,10405.982463170907
Adolescent: 0.9 coverage,2016.0,cancer_deaths,11768.670861091497,11644.7898610248,11892.551861158196
Adolescent: 0.9 coverage,2017.0,cancer_deaths,11520.909428592873,11149.267439059564,11892.55141812618
Adolescent: 0.9 coverage,2017.0,cancer_deaths,9786.578376590947,9414.936234765382,10158.22051841651
Adolescent: 0.9 coverage,2017.0,cancer_deaths,8423.89008942836,8176.128781532488,8671.651397324233
Adolescent: 0.9 coverage,2017.0,cancer_deaths,10529.863269411098,9414.936788555402,11644.789750266795
Adolescent: 0.9 coverage,2018.0,cancer_deaths,10901.505812734427,10901.505771200178,10901.505854268678
Adolescent: 0.9 coverage,2018.0,cancer_deaths,10653.743577240271,8671.652283388265,12635.834871092278
Adolescent: 0.9 coverage,2018.0,cancer_deaths,13379.119043985404,10405.982075517893,16352.256012452915
Adolescent: 0.9 coverage,2018.0,cancer_deaths,9291.055290077686,7432.844054849342,11149.26652530603
Adolescent: 0.9 coverage,2019.0,cancer_deaths,9414.93648397089,8176.128892290491,10653.74407565129
Adolescent: 0.9 coverage,2019.0,cancer_deaths,10777.62510340749,9414.937342345424,12140.312864469557
Adolescent: 0.9 coverage,2019.0,cancer_deaths,10405.98251854991,10405.982297033901,10405.982740065918
Adolescent: 0.9 coverage,2019.0,cancer_deaths,10653.744020272288,9414.936400902388,11892.551639642188
Adolescent: 0.9 coverage,2020.0,cancer_deaths,11520.908639442092,9910.458629041117,13131.358649843067
Adolescent: 0.9 coverage,2020.0,cancer_deaths,11025.385691376336,9167.174290010986,12883.597092741686
Adolescent: 0.9 coverage,2020.0,cancer_deaths,12511.955033984623,11397.028414681421,13626.881653287825
Adolescent: 0.9 coverage,2020.0,cancer_deaths,10158.221376791043,7680.606442635753,12635.836310946332
Adolescent: 0.9 coverage,2021.0,cancer_deaths,11025.386092874101,8919.412982115115,13131.359203633088
Adolescent: 0.9 coverage,2021.0,cancer_deaths,10529.863297100599,9662.698068761772,11397.028525439426
Adolescent: 0.9 coverage,2021.0,cancer_deaths,11025.385192965317,10158.220407658508,11892.549978272127
Adolescent: 0.9 coverage,2021.0,cancer_deaths,11273.14788533624,9167.17523145402,13379.12053921846
Adolescent: 0.9 coverage,2022.0,cancer_deaths,12883.597646531707,11892.551750400195,13874.643542663218
Adolescent: 0.9 coverage,2022.0,cancer_deaths,11025.38605133985,10405.982352412902,11644.789750266797
Adolescent: 0.9 coverage,2022.0,cancer_deaths,11644.79047019382,10158.22157061755,13131.359369770093
Adolescent: 0.9 coverage,2022.0,cancer_deaths,11149.267189854054,9662.698179519777,12635.836200188329
Adolescent: 0.9 coverage,2023.0,cancer_deaths,15856.735611821254,12635.836310946332,19077.634912696176
Adolescent: 0.9 coverage,2023.0,cancer_deaths,15980.615781202923,14617.926552597302,17343.305009808544
Adolescent: 0.9 coverage,2023.0,cancer_deaths,13998.522604464848,12635.835203366292,15361.210005563402
Adolescent: 0.9 coverage,2023.0,cancer_deaths,14494.045787891362,12140.313445949081,16847.77812983364
Adolescent: 0.9 coverage,2024.0,cancer_deaths,15980.614064453861,13874.642435083178,18086.58569382454
Adolescent: 0.9 coverage,2024.0,cancer_deaths,12140.311923026522,10405.982407791906,13874.64143826114
Adolescent: 0.9 coverage,2024.0,cancer_deaths,12388.07475384495,9662.698733309797,15113.450774380106
Adolescent: 0.9 coverage,2024.0,cancer_deaths,14370.16632459197,14122.404213700567,14617.928435483373
Adolescent: 0.9 coverage,2025.0,cancer_deaths,11025.386134408353,10158.22073993252,11892.551528884185
Adolescent: 0.9 coverage,2025.0,cancer_deaths,15856.734504241216,14122.404878248593,17591.064130233837
Adolescent: 0.9 coverage,2025.0,cancer_deaths,13503.000667065877,11149.267411370061,15856.733922761692
Adolescent: 0.9 coverage,2025.0,cancer_deaths,13626.882096319841,12388.074753844952,14865.689438794732
Adolescent: 0.9 coverage,2026.0,cancer_deaths,13874.64276735719,12883.59720349969,14865.688331214691
Adolescent: 0.9 coverage,2026.0,cancer_deaths,12388.074698465949,11892.551861158197,12883.597535773702
Adolescent: 0.9 coverage,2026.0,cancer_deaths,13626.882207077846,12635.836643220346,14617.927770935346
Adolescent: 0.9 coverage,2026.0,cancer_deaths,14494.045995562617,13131.358649843067,15856.73334128217
Adolescent: 0.9 coverage,2027.0,cancer_deaths,12264.193172298732,11892.550144409133,12635.836200188329
Adolescent: 0.9 coverage,2027.0,cancer_deaths,14122.404989006596,12883.5975357737,15361.212442239492
Adolescent: 0.9 coverage,2027.0,cancer_deaths,13750.762044185503,12140.312532195547,15361.211556175458
Adolescent: 0.9 coverage,2027.0,cancer_deaths,14122.404767490589,13626.88121025581,14617.928324725366
Adolescent: 0.9 coverage,2028.0,cancer_deaths,13503.000874737136,13379.120871492474,13626.880877981797
Adolescent: 0.9 coverage,2028.0,cancer_deaths,12388.074255433932,11149.266414548023,13626.882096319841
Adolescent: 0.9 coverage,2028.0,cancer_deaths,12264.194113741767,11892.551750400193,12635.83647708334
Adolescent: 0.9 coverage,2028.0,cancer_deaths,13379.119099364407,12883.596760467673,13874.64143826114
Adolescent: 0.9 coverage,2029.0,cancer_deaths,12264.193366125237,11149.267300612057,13379.119431638419
Adolescent: 0.9 coverage,2029.0,cancer_deaths,12759.716701844009,12388.074532328941,13131.358871359076
Adolescent: 0.9 coverage,2029.0,cancer_deaths,14989.568500596359,14122.403881426555,15856.733119766162
Adolescent: 0.9 coverage,2029.0,cancer_deaths,14370.16654610798,13874.64354266322,14865.689549552737
Adolescent: 0.9 coverage,2030.0,cancer_deaths,14741.807580353501,13874.643265768209,15608.971894938793
Adolescent: 0.9 coverage,2030.0,cancer_deaths,13874.64165977715,12883.596538951664,14865.686780602633
Adolescent: 0.9 coverage,2030.0,cancer_deaths,17838.82601960923,16104.495009141556,19573.157030076905
Adolescent: 0.9 coverage,2030.0,cancer_deaths,15608.97311327684,15113.451881960147,16104.494344593533
Adolescent: 0.9 coverage,2031.0,cancer_deaths,12264.193587641246,11892.55141812618,12635.835757156312
Adolescent: 0.9 coverage,2031.0,cancer_deaths,13502.9999332941,11892.55086433616,15113.44900225204
Adolescent: 0.9 coverage,2031.0,cancer_deaths,14494.045663288605,11892.550753578154,17095.540572999056
Adolescent: 0.9 coverage,2031.0,cancer_deaths,13131.357542263026,10653.744186409294,15608.970898116757
Adolescent: 0.9 coverage,2032.0,cancer_deaths,16971.66090202841,16847.781452573763,17095.54035148305
Adolescent: 0.9 coverage,2032.0,cancer_deaths,15608.974331614885,14617.928435483373,16600.020227746398
Adolescent: 0.9 coverage,2032.0,cancer_deaths,15237.330168455745,15113.449445284057,15361.210891627434
Adolescent: 0.9 coverage,2032.0,cancer_deaths,15732.852618110483,15361.210891627434,16104.494344593533
Adolescent: 0.9 coverage,2033.0,cancer_deaths,14989.568722112366,14617.926552597302,15361.210891627432
Adolescent: 0.9 coverage,2033.0,cancer_deaths,17095.541071410076,15361.209784047393,18829.872358772758
Adolescent: 0.9 coverage,2033.0,cancer_deaths,16352.25656624294,16352.25601245292,16352.25712003296
Adolescent: 0.9 coverage,2033.0,cancer_deaths,19573.155922496862,18829.871140434712,20316.440704559012
Adolescent: 0.9 coverage,2034.0,cancer_deaths,17962.70574595888,15856.733119766162,20068.678372151597
Adolescent: 0.9 coverage,2034.0,cancer_deaths,18458.22880478264,17095.54090527307,19820.916704292213
Adolescent: 0.9 coverage,2034.0,cancer_deaths,17095.540517620055,16352.256123210922,17838.824912029188
Adolescent: 0.9 coverage,2034.0,cancer_deaths,13998.523324391872,13379.120871492472,14617.925777291272
Adolescent: 0.9 coverage,2035.0,cancer_deaths,17219.421462307753,15113.449223768048,19325.393700847457
Adolescent: 0.9 coverage,2035.0,cancer_deaths,16476.1392830587,13874.642656599186,19077.635909518212
Adolescent: 0.9 coverage,2035.0,cancer_deaths,18582.109638712336,15856.73356279818,21307.48571462649
Adolescent: 0.9 coverage,2035.0,cancer_deaths,17219.42240375079,17095.53979769303,17343.305009808544
Adolescent: 0.9 coverage,2036.0,cancer_deaths,18705.990195747017,16600.017901828312,20811.962489665722
Adolescent: 0.9 coverage,2036.0,cancer_deaths,14370.166878381991,10158.220850690524,18582.112906073457
Adolescent: 0.9 coverage,2036.0,cancer_deaths,18334.348303126964,17838.824801271185,18829.87180498274
Adolescent: 0.9 coverage,2036.0,cancer_deaths,15113.449528352558,12140.313362880575,18086.58569382454
Adolescent: 0.9 coverage,2037.0,cancer_deaths,18705.99135870606,14122.404989006596,23289.577728405522
Adolescent: 0.9 coverage,2037.0,cancer_deaths,17095.540849894067,15361.210891627434,18829.870808160704
Adolescent: 0.9 coverage,2037.0,cancer_deaths,17219.42328981482,16104.497667333657,18334.348912295984
Adolescent: 0.9 coverage,2037.0,cancer_deaths,17467.183019409134,14617.926331081293,20316.439707736976
Adolescent: 0.9 coverage,2038.0,cancer_deaths,17838.824856650186,15361.210448595417,20316.439264704957
Adolescent: 0.9 coverage,2038.0,cancer_deaths,18458.229413951667,17838.826905673264,19077.631922230066
Adolescent: 0.9 coverage,2038.0,cancer_deaths,19820.917479598244,18582.109361817325,21059.72559737916
Adolescent: 0.9 coverage,2038.0,cancer_deaths,23165.696506822816,22794.053617380723,23537.33939626491
Adolescent: 0.9 coverage,2039.0,cancer_deaths,18334.34719554692,17343.3011332784,19325.39325781544
Adolescent: 0.9 coverage,2039.0,cancer_deaths,18086.586856783586,16352.25667700094,19820.91703656623
Adolescent: 0.9 coverage,2039.0,cancer_deaths,17714.944188857502,16847.778905139672,18582.10947257533
Adolescent: 0.9 coverage,2039.0,cancer_deaths,18582.10958333333,16352.25579093691,20811.963375729756
Adolescent: 0.9 coverage,2040.0,cancer_deaths,17219.421296170745,16352.256123210922,18086.58646913057
Adolescent: 0.9 coverage,2040.0,cancer_deaths,19944.79759360091,19077.63258677809,20811.96260042373
Adolescent: 0.9 coverage,2040.0,cancer_deaths,22794.05461420276,21059.72526510515,24528.383963300374
Adolescent: 0.9 coverage,2040.0,cancer_deaths,22422.41310923572,19573.156476286884,25271.669742184557
Adolescent: 0.9 coverage,2041.0,cancer_deaths,18705.989531198993,16847.778683623663,20564.200378774323
Adolescent: 0.9 coverage,2041.0,cancer_deaths,17838.82574271422,14370.165549285939,21307.4859361425
Adolescent: 0.9 coverage,2041.0,cancer_deaths,20316.439901563484,17838.824468997173,22794.055334129793
Adolescent: 0.9 coverage,2041.0,cancer_deaths,20935.842825184398,18582.108808027304,23289.576842341492
Adolescent: 0.9 coverage,2042.0,cancer_deaths,20811.96232352872,20316.43926470496,21307.48538235248
Adolescent: 0.9 coverage,2042.0,cancer_deaths,18458.228417129627,17095.540794515065,19820.916039744192
Adolescent: 0.9 coverage,2042.0,cancer_deaths,18705.99097105305,15608.974663888897,21803.007278217196
Adolescent: 0.9 coverage,2042.0,cancer_deaths,17962.705358305866,17095.53990845103,18829.870808160704
Adolescent: 0.9 coverage,2043.0,cancer_deaths,21803.00960413528,20564.201818628375,23041.817389642187
Adolescent: 0.9 coverage,2043.0,cancer_deaths,18829.872137256752,18086.58757671061,19573.156697802893
Adolescent: 0.9 coverage,2043.0,cancer_deaths,20192.559870629317,20068.678261393594,20316.44147986504
Adolescent: 0.9 coverage,2043.0,cancer_deaths,20935.843822006434,18334.34736168393,23537.340282328943
Adolescent: 0.9 coverage,2044.0,cancer_deaths,19944.79892269696,18334.350019876027,21555.24782551789
Adolescent: 0.9 coverage,2044.0,cancer_deaths,17467.183240925144,14122.403881426555,20811.96260042373
Adolescent: 0.9 coverage,2044.0,cancer_deaths,18829.870752781702,18086.58591534055,19573.15559022285
Adolescent: 0.9 coverage,2044.0,cancer_deaths,20688.08209876805,20564.200932564345,20811.963264971753
Adolescent: 0.9 coverage,2045.0,cancer_deaths,18086.58657988857,16847.779348171687,19325.39381160546
Adolescent: 0.9 coverage,2045.0,cancer_deaths,21183.60443766478,21059.723271461076,21307.485603868485
Adolescent: 0.9 coverage,2045.0,cancer_deaths,23041.81711274718,21059.72471131513,25023.909514179228
Adolescent: 0.9 coverage,2045.0,cancer_deaths,20192.558486154267,18582.109029543313,21803.00794276522
Adolescent: 0.9 coverage,2046.0,cancer_deaths,25023.907852809167,22050.769610624604,27997.04609499373
Adolescent: 0.9 coverage,2046.0,cancer_deaths,20935.843822006434,20564.201043322348,21307.48660069052
Adolescent: 0.9 coverage,2046.0,cancer_deaths,22174.651275239325,20811.961825117694,23537.34072536096
Adolescent: 0.9 coverage,2046.0,cancer_deaths,21431.365385597142,21059.723492977086,21803.007278217196
Adolescent: 0.9 coverage,2047.0,cancer_deaths,19573.155811738856,14122.403327636534,25023.908295841182
Adolescent: 0.9 coverage,2047.0,cancer_deaths,19944.797399774405,19820.9162058812,20068.67859366761
Adolescent: 0.9 coverage,2047.0,cancer_deaths,15732.853116521499,14370.166213833965,17095.540019209035
Adolescent: 0.9 coverage,2047.0,cancer_deaths,21555.248434686917,18829.872248014755,24280.624621359075
Adolescent: 0.9 coverage,2048.0,cancer_deaths,21307.48516083647,19820.917258082238,22794.053063590705
Adolescent: 0.9 coverage,2048.0,cancer_deaths,21059.724323662114,19820.916704292216,22298.531943032016
Adolescent: 0.9 coverage,2048.0,cancer_deaths,22050.770718204647,16847.779237413684,27253.76219899561
Adolescent: 0.9 coverage,2048.0,cancer_deaths,20316.439763115974,19325.39270402542,21307.48682220653
Adolescent: 0.9 coverage,2049.0,cancer_deaths,18829.870586644694,18582.109361817325,19077.631811472063
Adolescent: 0.9 coverage,2049.0,cancer_deaths,19944.798285838435,17343.301963963433,22546.29460771344
Adolescent: 0.9 coverage,2049.0,cancer_deaths,19449.275199325173,17838.82546581921,21059.724932831137
Adolescent: 0.9 coverage,2049.0,cancer_deaths,19820.917258082234,18334.34846926397,21307.486046900503
Adolescent: 0.9 coverage,2050.0,cancer_deaths,19697.03603649953,19573.155479464847,19820.916593534213
Adolescent: 0.9 coverage,2050.0,cancer_deaths,18953.753594200218,14370.166656865982,23537.340531534453
Adolescent: 0.9 coverage,2050.0,cancer_deaths,22794.054115791743,22298.530946209976,23289.57728537351
Adolescent: 0.9 coverage,2050.0,cancer_deaths,17962.70701967593,17838.8279024953,18086.586136856557
Adolescent: 0.9 coverage,2051.0,cancer_deaths,21926.891157992002,20811.963375729756,23041.81894025425
Adolescent: 0.9 coverage,2051.0,cancer_deaths,18829.872469530765,16600.020560020414,21059.724379041116
Adolescent: 0.9 coverage,2051.0,cancer_deaths,17962.706632022913,15856.735224168242,20068.678039877588
Adolescent: 0.9 coverage,2051.0,cancer_deaths,18953.753303460457,15608.974885404905,22298.531721516007
Adolescent: 0.9 coverage,2052.0,cancer_deaths,19697.035925741526,18582.108586511295,20811.963264971753
Adolescent: 0.9 coverage,2052.0,cancer_deaths,19820.917313461236,17095.54145906309,22546.293167859385
Adolescent: 0.9 coverage,2052.0,cancer_deaths,19573.156587044887,19077.63302981011,20068.680144279664
Adolescent: 0.9 coverage,2052.0,cancer_deaths,21926.88872131591,19325.39336857344,24528.38407405838
Adolescent: 0.9 coverage,2053.0,cancer_deaths,23537.339230127902,23041.81606054614,24032.862399709666
Adolescent: 0.9 coverage,2053.0,cancer_deaths,21307.485825384494,19820.917368840237,22794.05428192875
Adolescent: 0.9 coverage,2053.0,cancer_deaths,21307.486046900503,18086.586579888575,24528.38551391243
Adolescent: 0.9 coverage,2053.0,cancer_deaths,22050.770330551633,19325.39359008945,24776.147071013813
Adolescent: 0.9 coverage,2054.0,cancer_deaths,22670.174777095108,21555.24849006592,23785.101064124297
Adolescent: 0.9 coverage,2054.0,cancer_deaths,21431.36726848321,20811.963043455744,22050.771493510674
Adolescent: 0.9 coverage,2054.0,cancer_deaths,18582.11002636535,17095.539908451035,20068.680144279668
Adolescent: 0.9 coverage,2054.0,cancer_deaths,19449.275337772677,19325.395085322507,19573.15559022285
Adolescent: 0.9 coverage,2055.0,cancer_deaths,21555.24754862288,19325.394254637475,23785.100842608284
Adolescent: 0.9 coverage,2055.0,cancer_deaths,19697.036479531547,18829.870032854673,20564.202926208418
Adolescent: 0.9 coverage,2055.0,cancer_deaths,21679.129656269623,19325.3949191855,24032.864393353746
Adolescent: 0.9 coverage,2055.0,cancer_deaths,19820.91819952527,17591.064573265852,22050.771825784686
Adolescent: 0.9 coverage,2056.0,cancer_deaths,19944.798701180953,17095.542345127124,22794.05505723478
Adolescent: 0.9 coverage,2056.0,cancer_deaths,19449.27514394617,17095.542123611114,21803.00816428123
Adolescent: 0.9 coverage,2056.0,cancer_deaths,21059.725874274172,19325.39514070151,22794.056607846836
Adolescent: 0.9 coverage,2056.0,cancer_deaths,20316.439873873984,19573.155368706844,21059.72437904112
Adolescent: 0.9 coverage,2057.0,cancer_deaths,22298.533327507066,21307.487708270564,23289.57894674357
Adolescent: 0.9 coverage,2057.0,cancer_deaths,18953.752195880417,16600.01889865035,21307.485493110486
Adolescent: 0.9 coverage,2057.0,cancer_deaths,21926.89005041196,21555.24826854991,22298.531832274013
Adolescent: 0.9 coverage,2057.0,cancer_deaths,20440.32198152072,20316.441369107033,20564.202593934406
Adolescent: 0.9 coverage,2058.0,cancer_deaths,19077.634248148155,17343.305231324557,20811.963264971753
Adolescent: 0.9 coverage,2058.0,cancer_deaths,20564.20198476538,19077.63391587414,22050.770053656623
Adolescent: 0.9 coverage,2058.0,cancer_deaths,23413.458562335218,20811.96370800377,26014.953416666667
Adolescent: 0.9 coverage,2058.0,cancer_deaths,20068.67997814266,19077.635244970188,21059.72471131513
Adolescent: 0.9 coverage,2059.0,cancer_deaths,18953.754023387482,18086.58912732267,19820.918919452295
Adolescent: 0.9 coverage,2059.0,cancer_deaths,20564.201929386378,19573.1569193189,21555.24693945386
Adolescent: 0.9 coverage,2059.0,cancer_deaths,19077.634137390152,18582.11168773541,19573.15658704489
Adolescent: 0.9 coverage,2059.0,cancer_deaths,21059.725375863152,18829.872248014755,23289.57850371155
Adolescent: 0.9 coverage,2060.0,cancer_deaths,21926.890161169962,21803.007610491208,22050.77271184872
Adolescent: 0.9 coverage,2060.0,cancer_deaths,20440.32092931968,19820.917701114253,21059.72415752511
Adolescent: 0.9 coverage,2060.0,cancer_deaths,19820.91764573525,19077.63469118017,20564.20060029033
Adolescent: 0.9 coverage,2060.0,cancer_deaths,20811.96354186676,18334.34990911802,23289.577174615504
Adolescent: 0.9 coverage,2061.0,cancer_deaths,17838.826241125236,16847.779569687696,18829.87291256278
Adolescent: 0.9 coverage,2061.0,cancer_deaths,18829.872469530765,17838.826573399252,19820.918365662277
Adolescent: 0.9 coverage,2061.0,cancer_deaths,18829.872580288767,16600.0203385044,21059.724822073134
Adolescent: 0.9 coverage,2061.0,cancer_deaths,21679.127773383552,21555.247382485875,21803.00816428123
Adolescent: 0.9 coverage,2062.0,cancer_deaths,18210.469573599345,17591.064573265852,18829.87457393284
Adolescent: 0.9 coverage,2062.0,cancer_deaths,22670.17317110405,21803.00794276522,23537.338399442873
Adolescent: 0.9 coverage,2062.0,cancer_deaths,21059.725652758163,19077.633251326115,23041.818054190215
Adolescent: 0.9 coverage,2062.0,cancer_deaths,19077.632642157092,17838.825355061206,20316.43992925298
Adolescent: 0.9 coverage,2063.0,cancer_deaths,17838.827791737298,17591.065791603898,18086.589791870694
Adolescent: 0.9 coverage,2063.0,cancer_deaths,19449.275586978187,16847.782560153806,22050.768613802567
Adolescent: 0.9 coverage,2063.0,cancer_deaths,20192.559870629317,16600.019673956376,23785.100067302257
Adolescent: 0.9 coverage,2063.0,cancer_deaths,16723.900674023076,14865.690214100761,18582.111133945393
Adolescent: 0.9 coverage,2064.0,cancer_deaths,16723.901172434096,14617.928878515388,18829.8734663528
Adolescent: 0.9 coverage,2064.0,cancer_deaths,18953.753303460457,18829.873577110804,19077.63302981011
Adolescent: 0.9 coverage,2064.0,cancer_deaths,18334.35035215004,16847.780344993727,19820.92035930635
Adolescent: 0.9 coverage,2064.0,cancer_deaths,19449.277026832242,18086.589570354685,20811.9644833098
Adolescent: 0.9 coverage,2065.0,cancer_deaths,16600.0203385044,14865.689771068744,18334.35090594006
Adolescent: 0.9 coverage,2065.0,cancer_deaths,16600.01984009338,16352.257784580983,16847.78189560578
Adolescent: 0.9 coverage,2065.0,cancer_deaths,19449.276306905216,19325.396026765542,19573.156587044887
Adolescent: 0.9 coverage,2065.0,cancer_deaths,18210.46940746234,16847.781563331773,19573.15725159291
Adolescent: 0.9 coverage,2066.0,cancer_deaths,21059.725375863156,20564.203147724424,21555.247604001885
Adolescent: 0.9 coverage,2066.0,cancer_deaths,17467.185179190215,14370.166767623985,20564.203590756442
Adolescent: 0.9 coverage,2066.0,cancer_deaths,17714.947290081618,16847.781563331773,18582.11301683146
Adolescent: 0.9 coverage,2066.0,cancer_deaths,15980.616279613943,14865.68932803673,17095.543231191157
Adolescent: 0.9 coverage,2067.0,cancer_deaths,20688.08187725204,19325.393700847457,22050.770053656623
Adolescent: 0.9 coverage,2067.0,cancer_deaths,16352.257950717989,14865.690103342757,17838.82579809322
Adolescent: 0.9 coverage,2067.0,cancer_deaths,17343.305120566547,16104.497224301638,18582.11301683146
Adolescent: 0.9 coverage,2067.0,cancer_deaths,19201.515358972858,17838.82734870528,20564.203369240433
Adolescent: 0.9 coverage,2068.0,cancer_deaths,21059.724766694133,17343.305452840563,24776.144080547703
Adolescent: 0.9 coverage,2068.0,cancer_deaths,21555.246607179848,21059.7239360091,22050.76927835059
Adolescent: 0.9 coverage,2068.0,cancer_deaths,18953.751863606405,18334.347583199935,19573.15614401287
Adolescent: 0.9 coverage,2068.0,cancer_deaths,15856.735999474271,15113.451549686135,16600.020449262407
Adolescent: 0.9 coverage,2069.0,cancer_deaths,20688.08237566306,19820.918254904274,21555.246496421845
Adolescent: 0.9 coverage,2069.0,cancer_deaths,18458.230244636696,13379.122089830518,23537.338399442873
Adolescent: 0.9 coverage,2069.0,cancer_deaths,17591.0659023619,17591.06479478186,17591.067009941944
Adolescent: 0.9 coverage,2069.0,cancer_deaths,17343.302850027467,16600.01845561833,18086.5872444366
Adolescent: 0.9 coverage,2070.0,cancer_deaths,16228.37639686127,15856.73278749215,16600.02000623039
Adolescent: 0.9 coverage,2070.0,cancer_deaths,18953.75252815443,17838.82579809322,20068.679258215634
Adolescent: 0.9 coverage,2070.0,cancer_deaths,22670.175053990115,21555.247493243878,23785.102614736352
Adolescent: 0.9 coverage,2070.0,cancer_deaths,17591.06418561284,16847.778683623663,18334.349687602014
Adolescent: 0.9 coverage,2071.0,cancer_deaths,18334.347804715944,14865.687666666665,21803.00794276522
Adolescent: 0.9 coverage,2071.0,cancer_deaths,17591.064310215595,16352.256483174435,18829.872137256752
Adolescent: 0.9 coverage,2071.0,cancer_deaths,18086.58747979736,16352.257563064975,19820.91739652974
Adolescent: 0.9 coverage,2071.0,cancer_deaths,17838.82552119821,16847.780344993727,18829.870697402697
Adolescent: 0.9 coverage,2072.0,cancer_deaths,16352.25764613348,14865.69071251178,17838.82457975518
Adolescent: 0.9 coverage,2072.0,cancer_deaths,18582.110815516127,16104.496365927105,21059.725265105153
Adolescent: 0.9 coverage,2072.0,cancer_deaths,19573.156088633867,18829.871140434712,20316.44103683302
Adolescent: 0.9 coverage,2072.0,cancer_deaths,19201.51447290882,18829.872358772758,19573.156587044887
Adolescent: 0.9 coverage,2073.0,cancer_deaths,17467.184126989174,16104.496448995611,18829.87180498274
Adolescent: 0.9 coverage,2073.0,cancer_deaths,18086.586413751567,15608.972005696798,20564.20082180634
Adolescent: 0.9 coverage,2073.0,cancer_deaths,20068.6784275306,17591.063908717828,22546.292946343376
Adolescent: 0.9 coverage,2073.0,cancer_deaths,18953.75288811794,17838.82624112524,20068.67953511064
Adolescent: 0.9 coverage,2074.0,cancer_deaths,20935.84393276444,19573.15603325487,22298.531832274013
Adolescent: 0.9 coverage,2074.0,cancer_deaths,16600.01864944484,15856.735002652233,17343.302296237445
Adolescent: 0.9 coverage,2074.0,cancer_deaths,13379.119210122411,10653.744186409294,16104.494233835529
Adolescent: 0.9 coverage,2074.0,cancer_deaths,15608.971396527777,14370.16366639987,16847.77912665568
Adolescent: 0.9 coverage,2075.0,cancer_deaths,20068.67859366761,16600.01734803829,23537.33983929693
Adolescent: 0.9 coverage,2075.0,cancer_deaths,19201.514306771816,17591.06446250785,20811.964151035783
Adolescent: 0.9 coverage,2075.0,cancer_deaths,15361.210116321403,15113.44822694601,15608.972005696798
Adolescent: 0.9 coverage,2075.0,cancer_deaths,16971.659960585373,16352.256123210922,17591.063797959825
Adolescent: 0.9 coverage,2076.0,cancer_deaths,19201.513725292294,17343.30273926946,21059.72471131513
Adolescent: 0.9 coverage,2076.0,cancer_deaths,18334.349147656743,16847.78015116722,19820.918144146268
Adolescent: 0.9 coverage,2076.0,cancer_deaths,17095.542137455865,14370.167016829495,19820.917258082234
Adolescent: 0.9 coverage,2076.0,cancer_deaths,18953.752389706922,17095.5417359581,20811.963043455744
Adolescent: 0.9 coverage,2077.0,cancer_deaths,17095.54006074329,16104.493707735008,18086.586413751567
Adolescent: 0.9 coverage,2077.0,cancer_deaths,19573.154427263806,18582.108918785307,20564.199935742305
Adolescent: 0.9 coverage,2077.0,cancer_deaths,19697.037877851348,15361.212469928993,24032.863285773703
Adolescent: 0.9 coverage,2077.0,cancer_deaths,16723.898957274014,15113.44955604206,18334.348358505966
Adolescent: 0.9 coverage,2078.0,cancer_deaths,17838.825410440208,14865.68805431968,20811.962766560733
Adolescent: 0.9 coverage,2078.0,cancer_deaths,16600.01737572779,13131.357043852007,20068.677707603576
Adolescent: 0.9 coverage,2078.0,cancer_deaths,19449.27483936166,16847.779237413684,22050.770441309636
Adolescent: 0.9 coverage,2078.0,cancer_deaths,18334.347804715944,17838.825244303203,18829.870365128685
Adolescent: 0.9 coverage,2079.0,cancer_deaths,16228.375344660231,15113.449057631042,17343.30163168942
Adolescent: 0.9 coverage,2079.0,cancer_deaths,15980.613926006354,13626.880268812773,18334.347583199935
Adolescent: 0.9 coverage,2079.0,cancer_deaths,21803.009258016522,21803.008773450252,21803.009742582788
Adolescent: 0.9 coverage,2079.0,cancer_deaths,16228.37506776522,14865.68700211864,17591.0631334118
Adolescent: 0.9 coverage,2080.0,cancer_deaths,14122.403050741523,12635.834483439265,15608.971618043783
Adolescent: 0.9 coverage,2080.0,cancer_deaths,19820.916330483953,16847.77826828115,22794.054392686754
Adolescent: 0.9 coverage,2080.0,cancer_deaths,18334.347015565167,17343.30132710491,19325.39270402542
Adolescent: 0.9 coverage,2080.0,cancer_deaths,20192.558541533268,19325.393590089454,21059.723492977086
Adolescent: 0.9 coverage,2081.0,cancer_deaths,17714.944354994506,17591.063631822817,17838.825078166195
Adolescent: 0.9 coverage,2081.0,cancer_deaths,20068.67809525659,19573.154814916823,20564.201375596356
Adolescent: 0.9 coverage,2081.0,cancer_deaths,17095.54012996704,17095.53990845103,17095.54035148305
Adolescent: 0.9 coverage,2081.0,cancer_deaths,21183.605600623825,19325.394669979993,23041.816531267657
Adolescent: 0.9 coverage,2082.0,cancer_deaths,19325.39426848223,16847.779154345182,21803.009382619275
Adolescent: 0.9 coverage,2082.0,cancer_deaths,18582.1099848311,16352.256123210922,20811.963846451275
Adolescent: 0.9 coverage,2082.0,cancer_deaths,18086.586593733326,17095.54001920904,19077.633168257613
Adolescent: 0.9 coverage,2082.0,cancer_deaths,19201.513462242037,18582.109057232814,19820.917867251257
Adolescent: 0.9 coverage,2083.0,cancer_deaths,19325.394157724222,19077.631922230066,19573.156393218378
Adolescent: 0.9 coverage,2083.0,cancer_deaths,17343.30269773521,15856.733673556184,18829.871721914235
Adolescent: 0.9 coverage,2083.0,cancer_deaths,19820.91659353421,18086.586330683065,21555.246856385354
Adolescent: 0.9 coverage,2083.0,cancer_deaths,16352.255957073914,15856.73361817718,16847.77829597065
Adolescent: 0.9 coverage,2084.0,cancer_deaths,19944.797261326898,19573.155202569837,20316.43932008396
Adolescent: 0.9 coverage,2084.0,cancer_deaths,18953.752154346163,17343.302268547945,20564.202040144384
Adolescent: 0.9 coverage,2084.0,cancer_deaths,17467.182493308617,16600.017237280288,18334.347749336943
Adolescent: 0.9 coverage,2084.0,cancer_deaths,20688.0821679918,20564.20209552339,20811.962240460216
Adolescent: 0.9 coverage,2085.0,cancer_deaths,19201.513323794534,18829.870918918707,19573.155728670357
Adolescent: 0.9 coverage,2085.0,cancer_deaths,18334.347777026444,18086.585250792523,18582.11030326036
Adolescent: 0.9 coverage,2085.0,cancer_deaths,16228.375593865741,15856.73361817718,16600.0175695543
Adolescent: 0.9 coverage,2085.0,cancer_deaths,16723.898569620997,13131.356822335998,20316.440316905995
Adolescent: 0.9 coverage,2086.0,cancer_deaths,15113.448351548765,14370.163555641866,15856.733147455663
Adolescent: 0.9 coverage,2086.0,cancer_deaths,18829.87102967671,18086.586413751567,19573.15564560185
Adolescent: 0.9 coverage,2086.0,cancer_deaths,19449.274617845655,18829.870531265693,20068.678704425616
Adolescent: 0.9 coverage,2086.0,cancer_deaths,20935.843434353417,18582.10955564383,23289.577313063008
Adolescent: 0.9 coverage,2087.0,cancer_deaths,18582.10952795433,17095.540462241053,20068.67859366761
Adolescent: 0.9 coverage,2087.0,cancer_deaths,16228.3758292265,15361.210697800925,17095.540960652073
Adolescent: 0.9 coverage,2087.0,cancer_deaths,20564.200711048332,19573.154981053827,21555.24644104284
Adolescent: 0.9 coverage,2087.0,cancer_deaths,18953.75158671139,18582.10977715984,19325.393396262945
Adolescent: 0.9 coverage,2088.0,cancer_deaths,18458.228943230148,18086.587355194602,18829.870531265693
Adolescent: 0.9 coverage,2088.0,cancer_deaths,16847.77889129492,15856.732150633627,17838.825631956217
Adolescent: 0.9 coverage,2088.0,cancer_deaths,17591.06360413332,15113.448503841022,20068.678704425616
Adolescent: 0.9 coverage,2088.0,cancer_deaths,19449.273967142377,17095.540185346043,21803.007748938715
Adolescent: 0.9 coverage,2089.0,cancer_deaths,16600.018151033823,15113.448697667529,18086.587604400112
Adolescent: 0.9 coverage,2089.0,cancer_deaths,19820.91734115074,18829.871306571724,20811.963375729756
Adolescent: 0.9 coverage,2089.0,cancer_deaths,20935.843309750668,19820.9162058812,22050.770413620136
Adolescent: 0.9 coverage,2089.0,cancer_deaths,18210.467441507768,18086.58754902111,18334.347333994425
Adolescent: 0.9 coverage,2090.0,cancer_deaths,17838.82552119821,16600.018510997335,19077.63253139909
Adolescent: 0.9 coverage,2090.0,cancer_deaths,21059.72394985385,20068.67864904661,22050.76925066109
Adolescent: 0.9 coverage,2090.0,cancer_deaths,16104.4948291598,15608.972171833804,16600.017486485795
Adolescent: 0.9 coverage,2090.0,cancer_deaths,19077.63276675985,18334.34858002197,19820.916953497726
Adolescent: 0.9 coverage,2091.0,cancer_deaths,19201.513268415532,18829.87155577723,19573.15498105383
Adolescent: 0.9 coverage,2091.0,cancer_deaths,19449.27425788214,19077.631783782563,19820.916731981717
Adolescent: 0.9 coverage,2091.0,cancer_deaths,22422.412098568937,20564.200627979833,24280.623569158037
Adolescent: 0.9 coverage,2091.0,cancer_deaths,21431.36591169766,18582.10952795433,24280.62229544099
Adolescent: 0.9 coverage,2092.0,cancer_deaths,20564.201292527854,20068.677707603576,21059.724877452136
Adolescent: 0.9 coverage,2092.0,cancer_deaths,20192.558998410037,17591.063659512318,22794.054337307753
Adolescent: 0.9 coverage,2092.0,cancer_deaths,20440.32036168491,19573.154621090314,21307.486102279505
Adolescent: 0.9 coverage,2092.0,cancer_deaths,22050.76925066109,22050.769001455585,22050.7694998666
Adolescent: 0.9 coverage,2093.0,cancer_deaths,20564.200475687576,19077.631949919567,22050.769001455585
Adolescent: 0.9 coverage,2093.0,cancer_deaths,20440.320292461158,18334.347361683926,22546.29322323839
Adolescent: 0.9 coverage,2093.0,cancer_deaths,20316.43966620272,16847.77998503021,23785.099347375235
Adolescent: 0.9 coverage,2093.0,cancer_deaths,18953.751932830157,17343.30246237445,20564.20140328586
Adolescent: 0.9 coverage,2094.0,cancer_deaths,20316.439292394458,19077.631756093062,21555.246828695854
Adolescent: 0.9 coverage,2094.0,cancer_deaths,20068.678441375356,18334.348607711476,21803.008275039232
Adolescent: 0.9 coverage,2094.0,cancer_deaths,20811.962240460216,20316.439153946954,21307.485326973478
Adolescent: 0.9 coverage,2094.0,cancer_deaths,20440.320029410897,19325.393756226462,21555.246302595337
Adolescent: 0.9 coverage,2095.0,cancer_deaths,22174.65063838081,18086.587133678597,26262.714143083016
Adolescent: 0.9 coverage,2095.0,cancer_deaths,19944.796956742386,17591.06291189579,22298.53100158898
Adolescent: 0.9 coverage,2095.0,cancer_deaths,21307.485077767968,20811.96262811323,21803.007527422706
Adolescent: 0.9 coverage,2095.0,cancer_deaths,20688.082264905053,20564.20165249137,20811.96287731874
Adolescent: 0.9 coverage,2096.0,cancer_deaths,18953.751918985407,17591.06341030681,20316.440427664
Adolescent: 0.9 coverage,2096.0,cancer_deaths,21059.72411599086,20068.677956809086,22050.770275172632
Adolescent: 0.9 coverage,2096.0,cancer_deaths,24404.50330935244,21803.007527422706,27005.99909128217
Adolescent: 0.9 coverage,2096.0,cancer_deaths,23041.815423687614,21307.485077767968,24776.145769607265
Adolescent: 0.9 coverage,2097.0,cancer_deaths,21555.246427198093,21307.485326973478,21803.007527422706
Adolescent: 0.9 coverage,2097.0,cancer_deaths,23041.81554829037,20811.96287731874,25271.668219262003
Adolescent: 0.9 coverage,2097.0,cancer_deaths,21307.48520237072,21307.485077767968,21307.485326973478
Adolescent: 0.9 coverage,2097.0,cancer_deaths,21803.007527422706,21555.246053389827,22050.769001455585
Adolescent: 0.9 coverage,2098.0,cancer_deaths,21679.12792567581,20811.96262811323,22546.29322323839
Adolescent: 0.9 coverage,2098.0,cancer_deaths,21803.009050345263,17838.825908851228,25767.192191839298
Adolescent: 0.9 coverage,2098.0,cancer_deaths,20688.081766494033,20564.20115408035,20811.96237890772
Adolescent: 0.9 coverage,2098.0,cancer_deaths,23041.81554829037,21059.72410214611,25023.906994434634
Adolescent: 0.9 coverage,2099.0,cancer_deaths,19201.513143812776,18334.348358505966,20068.677929119585
Adolescent: 0.9 coverage,2099.0,cancer_deaths,21555.246177992583,19573.15473184832,23537.337624136846
Adolescent: 0.9 coverage,2099.0,cancer_deaths,21803.008288883982,19573.15448264281,24032.862095125158
Adolescent: 0.9 coverage,2099.0,cancer_deaths,22670.173337241053,18829.870808160704,26510.475866321405
Adolescent: 0.9 coverage,2100.0,cancer_deaths,23165.695648448287,22298.53047548846,24032.86082140811
Adolescent: 0.9 coverage,1960.0,cum_cancers,0.0,0.0,0.0
Adolescent: 0.9 coverage,1960.0,cum_cancers,0.0,0.0,0.0
Adolescent: 0.9 coverage,1960.0,cum_cancers,0.0,0.0,0.0
Adolescent: 0.9 coverage,1960.0,cum_cancers,0.0,0.0,0.0
Adolescent: 0.9 coverage,1961.0,cum_cancers,0.0,0.0,0.0
Adolescent: 0.9 coverage,1961.0,cum_cancers,0.0,0.0,0.0
Adolescent: 0.9 coverage,1961.0,cum_cancers,0.0,0.0,0.0
Adolescent: 0.9 coverage,1961.0,cum_cancers,0.0,0.0,0.0
Adolescent: 0.9 coverage,1962.0,cum_cancers,0.0,0.0,0.0
Adolescent: 0.9 coverage,1962.0,cum_cancers,0.0,0.0,0.0
Adolescent: 0.9 coverage,1962.0,cum_cancers,0.0,0.0,0.0
Adolescent: 0.9 coverage,1962.0,cum_cancers,0.0,0.0,0.0
Adolescent: 0.9 coverage,1963.0,cum_cancers,247.76147403287825,0.0,495.5229480657565
Adolescent: 0.9 coverage,1963.0,cum_cancers,247.76147403287825,0.0,495.5229480657565
Adolescent: 0.9 coverage,1963.0,cum_cancers,495.5229480657565,495.5229480657565,495.5229480657565
Adolescent: 0.9 coverage,1963.0,cum_cancers,619.4036850821956,495.5229480657565,743.2844220986348
Adolescent: 0.9 coverage,1964.0,cum_cancers,619.4036850821956,495.5229480657565,743.2844220986348
Adolescent: 0.9 coverage,1964.0,cum_cancers,619.4036850821956,495.5229480657565,743.2844220986348
Adolescent: 0.9 coverage,1964.0,cum_cancers,867.165159115074,743.2844220986348,991.045896131513
Adolescent: 0.9 coverage,1964.0,cum_cancers,1114.926633147952,991.045896131513,1238.8073701643912
Adolescent: 0.9 coverage,1965.0,cum_cancers,1486.5688441972693,1238.8073701643912,1734.3303182301477
Adolescent: 0.9 coverage,1965.0,cum_cancers,1734.3303182301477,1238.8073701643912,2229.853266295904
Adolescent: 0.9 coverage,1965.0,cum_cancers,2105.9725292794647,1486.5688441972693,2725.3762143616605
Adolescent: 0.9 coverage,1965.0,cum_cancers,2601.495477345221,2229.8532662959037,2973.1376883945386
Adolescent: 0.9 coverage,1966.0,cum_cancers,2973.1376883945386,2725.3762143616605,3220.8991624274167
Adolescent: 0.9 coverage,1966.0,cum_cancers,3344.779899443856,2973.1376883945386,3716.422110493173
Adolescent: 0.9 coverage,1966.0,cum_cancers,4211.945058558929,3468.660636460295,4955.229480657564
Adolescent: 0.9 coverage,1966.0,cum_cancers,4583.587269608246,3716.422110493173,5450.75242872332
Adolescent: 0.9 coverage,1967.0,cum_cancers,5450.752428723321,4707.4680066246865,6194.036850821955
Adolescent: 0.9 coverage,1967.0,cum_cancers,6070.156113805517,5202.990954690443,6937.32127292059
Adolescent: 0.9 coverage,1967.0,cum_cancers,7556.724971847536,7185.082746953469,7928.367196741604
Adolescent: 0.9 coverage,1967.0,cum_cancers,8547.770881823799,7680.605695019224,9414.936068628374
Adolescent: 0.9 coverage,1968.0,cum_cancers,9291.055290077684,8919.413037494116,9662.697542661252
Adolescent: 0.9 coverage,1968.0,cum_cancers,9910.45897515988,9414.935985559872,10405.981964759887
Adolescent: 0.9 coverage,1968.0,cum_cancers,10405.981923225634,10158.220407658506,10653.743438792764
Adolescent: 0.9 coverage,1968.0,cum_cancers,11644.789307234778,11149.26630379002,12140.312310679536
Adolescent: 0.9 coverage,1969.0,cum_cancers,12264.192992316972,11644.789251855775,12883.59673277817
Adolescent: 0.9 coverage,1969.0,cum_cancers,13379.119639309674,12635.835175676788,14122.40410294256
Adolescent: 0.9 coverage,1969.0,cum_cancers,15237.330666866761,15113.449832937069,15361.211500796453
Adolescent: 0.9 coverage,1969.0,cum_cancers,16600.01877404759,16352.257396927966,16847.780151167215
Adolescent: 0.9 coverage,1970.0,cum_cancers,18953.752708136184,18829.872054188247,19077.633362084118
Adolescent: 0.9 coverage,1970.0,cum_cancers,21555.24811625765,21555.2480470339,21555.248185481407
Adolescent: 0.9 coverage,1970.0,cum_cancers,23041.81697429967,22794.05555564579,23289.578392953546
Adolescent: 0.9 coverage,1970.0,cum_cancers,23661.220659381863,23289.57850371155,24032.86281505218
Adolescent: 0.9 coverage,1971.0,cum_cancers,25147.789503579137,25023.908711183696,25271.670295974574
Adolescent: 0.9 coverage,1971.0,cum_cancers,27253.76201901385,26014.95471807321,28492.56931995449
Adolescent: 0.9 coverage,1971.0,cum_cancers,29731.376731653134,27749.285091682366,31713.4683716239
Adolescent: 0.9 coverage,1971.0,cum_cancers,32085.110734965474,29731.376911634892,34438.844558296056
Adolescent: 0.9 coverage,1972.0,cum_cancers,34686.606143086945,32704.514544650425,36668.69774152346
Adolescent: 0.9 coverage,1972.0,cum_cancers,38774.670381560936,35677.652205355465,41871.6885577664
Adolescent: 0.9 coverage,1972.0,cum_cancers,41747.80801457647,38898.55128471438,44597.064744438554
Adolescent: 0.9 coverage,1972.0,cum_cancers,46207.514505634026,43853.78070999295,48561.24830127511
Adolescent: 0.9 coverage,1973.0,cum_cancers,49428.413640371946,47322.44129107424,51534.38598966965
Adolescent: 0.9 coverage,1973.0,cum_cancers,51782.14765752904,49800.05603140303,53764.23928365506
Adolescent: 0.9 coverage,1973.0,cum_cancers,55994.092646864214,53516.47808651719,58471.707207211235
Adolescent: 0.9 coverage,1973.0,cum_cancers,58100.065162298924,55498.56987878021,60701.56044581764
Adolescent: 0.9 coverage,1974.0,cum_cancers,61940.367982119045,58223.94603776288,65656.7899264752
Adolescent: 0.9 coverage,1974.0,cum_cancers,67391.12027239485,62435.891013253306,72346.34953153641
Adolescent: 0.9 coverage,1974.0,cum_cancers,70488.13864242684,65656.79012030172,75319.48716455195
Adolescent: 0.9 coverage,1974.0,cum_cancers,76929.93678729991,72841.87264573917,81018.00092886065
Adolescent: 0.9 coverage,1975.0,cum_cancers,81018.00106730816,76310.53325450998,85725.46888010633
Adolescent: 0.9 coverage,1975.0,cum_cancers,86468.75392521874,83495.61680445897,89441.89104597851
Adolescent: 0.9 coverage,1975.0,cum_cancers,90185.17595264342,87212.03883188365,93158.31307340317
Adolescent: 0.9 coverage,1975.0,cum_cancers,95388.16674119685,91919.50672775033,98856.82675464338
Adolescent: 0.9 coverage,1976.0,cum_cancers,99847.87316303066,94397.12141270011,105298.62491336119
Adolescent: 0.9 coverage,1976.0,cum_cancers,103564.29519045532,98113.54346781428,109015.04691309636
Adolescent: 0.9 coverage,1976.0,cum_cancers,107528.47871960237,103068.77286540334,111988.18457380141
Adolescent: 0.9 coverage,1976.0,cum_cancers,112112.06585076312,107032.95636686089,117191.17533466533
Adolescent: 0.9 coverage,1977.0,cum_cancers,117686.69894727912,112979.23157751295,122394.16631704528
Adolescent: 0.9 coverage,1977.0,cum_cancers,123632.97419946545,120659.83710639519,126606.1112925357
Adolescent: 0.9 coverage,1977.0,cum_cancers,127473.2769500618,124871.78208188561,130074.77181823799
Adolescent: 0.9 coverage,1977.0,cum_cancers,134410.59851372213,132304.62669052495,136516.57033691934
Adolescent: 0.9 coverage,1978.0,cum_cancers,139118.0664234336,138003.14053790216,140232.992308965
Adolescent: 0.9 coverage,1978.0,cum_cancers,144197.17654419434,143949.41580393325,144444.93728445543
Adolescent: 0.9 coverage,1978.0,cum_cancers,149524.04809745372,148904.6451461433,150143.45104876414
Adolescent: 0.9 coverage,1978.0,cum_cancers,156213.60771635966,154850.9204398639,157576.29499285546
Adolescent: 0.9 coverage,1979.0,cum_cancers,163646.45231115428,159558.38841879903,167734.51620350953
Adolescent: 0.9 coverage,1979.0,cum_cancers,170583.77339024836,164761.379179663,176406.16760083375
Adolescent: 0.9 coverage,1979.0,cum_cancers,176653.9293379169,170955.41589203745,182352.44278379634
Adolescent: 0.9 coverage,1979.0,cum_cancers,185697.22395695726,179379.30695059837,192015.14096331614
Adolescent: 0.9 coverage,1980.0,cum_cancers,192882.3066762212,184582.29782222028,201182.3155302221
Adolescent: 0.9 coverage,1980.0,cum_cancers,200686.79364820215,193006.18846543867,208367.39883096563
Adolescent: 0.9 coverage,1980.0,cum_cancers,205518.1424333775,198456.940894162,212579.34397259305
Adolescent: 0.9 coverage,1980.0,cum_cancers,211464.41763018485,203412.17023637207,219516.66502399763
Adolescent: 0.9 coverage,1981.0,cum_cancers,219640.54631480406,210597.252955636,228683.83967397214
Adolescent: 0.9 coverage,1981.0,cum_cancers,225834.5829856443,217534.57400704062,234134.59196424796
Adolescent: 0.9 coverage,1981.0,cum_cancers,233391.30772213108,223976.37216575845,242806.24327850368
Adolescent: 0.9 coverage,1981.0,cum_cancers,240080.86738257128,230913.693272542,249248.04149260055
Adolescent: 0.9 coverage,1982.0,cum_cancers,249991.32695305542,239089.8222202115,260892.83168589935
Adolescent: 0.9 coverage,1982.0,cum_cancers,256309.24440244632,246027.14343775308,266591.34536713955
Adolescent: 0.9 coverage,1982.0,cum_cancers,264857.01579652587,253212.22621239608,276501.8053806556
Adolescent: 0.9 coverage,1982.0,cum_cancers,272537.62153307936,260892.8316028308,284182.41146332794
Adolescent: 0.9 coverage,1983.0,cum_cancers,280837.63076088857,268325.67565768014,293349.58586409694
Adolescent: 0.9 coverage,1983.0,cum_cancers,289261.5214456412,275758.520072493,302764.52281878935
Adolescent: 0.9 coverage,1983.0,cum_cancers,296818.24616828316,284925.694251746,308710.7980848204
Adolescent: 0.9 coverage,1983.0,cum_cancers,304746.61307428504,293349.58400890033,316143.64213966974
Adolescent: 0.9 coverage,1984.0,cum_cancers,314161.54958594544,301030.1897316091,327292.9094402818
Adolescent: 0.9 coverage,1984.0,cum_cancers,320603.34773081855,307471.98794570594,333734.70751593116
Adolescent: 0.9 coverage,1984.0,cum_cancers,327912.31114556466,314161.54760614614,341663.07468498324
Adolescent: 0.9 coverage,1984.0,cum_cancers,335840.67824539304,321594.3916056165,350086.9648851696
Adolescent: 0.9 coverage,1985.0,cum_cancers,343645.16453898116,330018.28166735533,357272.047410607
Adolescent: 0.9 coverage,1985.0,cum_cancers,352192.9354346497,337698.887168548,366686.9837007514
Adolescent: 0.9 coverage,1985.0,cum_cancers,360369.0638839082,347361.5844620038,373376.54330581264
Adolescent: 0.9 coverage,1985.0,cum_cancers,366563.1009977804,353060.0982816915,380066.1037138693
Adolescent: 0.9 coverage,1986.0,cum_cancers,375730.2755646864,362227.27312549244,389233.2780038804
Adolescent: 0.9 coverage,1986.0,cum_cancers,385392.97375805094,370651.16343643685,400134.784079665
Adolescent: 0.9 coverage,1986.0,cum_cancers,395055.6719098812,381552.66945684253,408558.6743629199
Adolescent: 0.9 coverage,1986.0,cum_cancers,401992.993168957,389233.2753456882,414752.7109922258
Adolescent: 0.9 coverage,1987.0,cum_cancers,411036.2868742439,395922.83500612853,426149.7387423592
Adolescent: 0.9 coverage,1987.0,cum_cancers,419955.70009171974,407319.8629777779,432591.5372056616
Adolescent: 0.9 coverage,1987.0,cum_cancers,428998.99440617557,415991.51515040814,442006.47366194293
Adolescent: 0.9 coverage,1987.0,cum_cancers,438290.0500285273,425901.9738902073,450678.12616684724
Adolescent: 0.9 coverage,1988.0,cum_cancers,447828.86738796206,437051.24108006136,458606.4936958628
Adolescent: 0.9 coverage,1988.0,cum_cancers,455509.4733321868,446466.17775785876,464552.7689065149
Adolescent: 0.9 coverage,1988.0,cum_cancers,463066.1983040343,454642.3062071172,471490.09040095145
Adolescent: 0.9 coverage,1988.0,cum_cancers,473719.9425735122,464305.00433125807,483134.8808157663
Adolescent: 0.9 coverage,1989.0,cum_cancers,482391.59397083643,472481.1327251375,492302.05521653534
Adolescent: 0.9 coverage,1989.0,cum_cancers,491558.7686069661,480657.26111901697,502460.27609491535
Adolescent: 0.9 coverage,1989.0,cum_cancers,503079.6774679243,492054.28864763444,514105.0662882142
Adolescent: 0.9 coverage,1989.0,cum_cancers,512370.733533308,500973.702598882,523767.76446773397
Adolescent: 0.9 coverage,1990.0,cum_cancers,522900.5967196506,513609.5389098284,532191.6545294728
Adolescent: 0.9 coverage,1990.0,cum_cancers,531324.4865875631,523024.47453542484,539624.4986397013
Adolescent: 0.9 coverage,1990.0,cum_cancers,540615.5423760517,530209.5570331728,551021.5277189306
Adolescent: 0.9 coverage,1990.0,cum_cancers,549782.7167768208,541358.8228939308,558206.6106597107
Adolescent: 0.9 coverage,1991.0,cum_cancers,560312.5802400582,551021.5208519346,569603.639628182
Adolescent: 0.9 coverage,1991.0,cum_cancers,571337.9665406037,563657.3567198488,579018.5763613585
Adolescent: 0.9 coverage,1991.0,cum_cancers,580752.9029691955,573320.0539025465,588185.7520358445
Adolescent: 0.9 coverage,1991.0,cum_cancers,589052.9125985025,578770.8063035804,599335.0188934245
Adolescent: 0.9 coverage,1992.0,cum_cancers,598096.2064699263,587937.9813688975,608254.4315709552
Adolescent: 0.9 coverage,1992.0,cum_cancers,606272.3356252671,595123.0639220243,617421.6073285098
Adolescent: 0.9 coverage,1992.0,cum_cancers,616058.9140295475,604290.2384335514,627827.5896255437
Adolescent: 0.9 coverage,1992.0,cum_cancers,626712.6582159568,615191.74428782,638233.5721440935
Adolescent: 0.9 coverage,1993.0,cum_cancers,636870.8787897523,624358.9185778311,649382.8390016735
Adolescent: 0.9 coverage,1993.0,cum_cancers,646038.0534674162,634021.6158712867,658054.4910635458
Adolescent: 0.9 coverage,1993.0,cum_cancers,653594.7785084876,640463.4140576941,666726.1429592811
Adolescent: 0.9 coverage,1993.0,cum_cancers,663505.2381897297,650373.8734066623,676636.6029727972
Adolescent: 0.9 coverage,1994.0,cum_cancers,671681.3675665866,658302.2407418515,685060.4943913217
Adolescent: 0.9 coverage,1994.0,cum_cancers,680848.5427288169,666973.8925545182,694723.1929031154
Adolescent: 0.9 coverage,1994.0,cum_cancers,689520.194458415,674902.2595020543,704138.1294147758
Adolescent: 0.9 coverage,1994.0,cum_cancers,699554.5345305549,683573.9107886206,715535.1582724892
Adolescent: 0.9 coverage,1995.0,cum_cancers,710084.3967200754,697696.314116257,722472.4793238938
Adolescent: 0.9 coverage,1995.0,cum_cancers,719994.8560136646,707854.5346346736,732135.1773926556
Adolescent: 0.9 coverage,1995.0,cum_cancers,731144.1224282125,717021.7088139266,745266.5360424987
Adolescent: 0.9 coverage,1995.0,cum_cancers,739320.2509882291,725941.1215468361,752699.380429622
Adolescent: 0.9 coverage,1996.0,cum_cancers,749850.1143545534,735851.5812003887,763848.647508718
Adolescent: 0.9 coverage,1996.0,cum_cancers,761371.023796991,748982.9404040219,773759.1071899602
Adolescent: 0.9 coverage,1996.0,cum_cancers,773387.4562982523,763353.1068393717,783421.8057571329
Adolescent: 0.9 coverage,1996.0,cum_cancers,784041.2000970086,774254.6122506085,793827.7879434088
Adolescent: 0.9 coverage,1997.0,cum_cancers,795685.9906225814,785403.8793297046,805968.1019154583
Adolescent: 0.9 coverage,1997.0,cum_cancers,805968.0924318044,797296.4308585887,814639.75400502
Adolescent: 0.9 coverage,1997.0,cum_cancers,816002.4324485653,807702.4131556225,824302.451741508
Adolescent: 0.9 coverage,1997.0,cum_cancers,826780.057095096,817860.6344493452,835699.4797408469
Adolescent: 0.9 coverage,1998.0,cum_cancers,836814.3968349618,829753.1853136813,843875.6083562425
Adolescent: 0.9 coverage,1998.0,cum_cancers,845609.9293984898,839663.6449395445,851556.213857435
Adolescent: 0.9 coverage,1998.0,cum_cancers,853662.1771245766,848583.0578939702,858741.296355183
Adolescent: 0.9 coverage,1998.0,cum_cancers,862705.4714390323,858741.2784123867,866669.6644656782
Adolescent: 0.9 coverage,1999.0,cum_cancers,873483.0961270975,869642.7831590754,877323.4090951195
Adolescent: 0.9 coverage,1999.0,cum_cancers,885004.0051541924,883021.9036982937,886986.1066100912
Adolescent: 0.9 coverage,1999.0,cum_cancers,895533.8689081699,892436.8405699177,898630.897246422
Adolescent: 0.9 coverage,1999.0,cum_cancers,906187.6128176842,905320.4382164493,907054.7874189189
Adolescent: 0.9 coverage,2000.0,cum_cancers,917212.9977337546,913744.3282781882,920681.6671893208
Adolescent: 0.9 coverage,2000.0,cum_cancers,927742.8613908186,925389.1190806562,930096.603700981
Adolescent: 0.9 coverage,2000.0,cum_cancers,938024.9631861968,935795.101156174,940254.8252162195
Adolescent: 0.9 coverage,2000.0,cum_cancers,948554.8257910599,946201.083453208,950908.5681289118
Adolescent: 0.9 coverage,2001.0,cum_cancers,958713.0469740243,958341.3966499513,959084.6972980973
Adolescent: 0.9 coverage,2001.0,cum_cancers,972092.1668210054,971720.5332213908,972463.80042062
Adolescent: 0.9 coverage,2001.0,cum_cancers,982002.626474558,981383.2147595207,982622.0381895953
Adolescent: 0.9 coverage,2001.0,cum_cancers,993647.4161694457,993028.0039559975,994266.828382894
Adolescent: 0.9 coverage,2002.0,cum_cancers,1004548.9214145455,1004177.2874549673,1004920.5553741237
Adolescent: 0.9 coverage,2002.0,cum_cancers,1015326.545964163,1012848.9393507027,1017804.1525776233
Adolescent: 0.9 coverage,2002.0,cum_cancers,1025237.004980857,1023254.9213154624,1027219.0886462517
Adolescent: 0.9 coverage,2002.0,cum_cancers,1036138.5105582308,1032669.8572733329,1039607.1638431286
Adolescent: 0.9 coverage,2003.0,cum_cancers,1047287.7769450892,1046048.9764834553,1048526.5774067233
Adolescent: 0.9 coverage,2003.0,cum_cancers,1059551.9709757627,1058684.8127944018,1060419.1291571234
Adolescent: 0.9 coverage,2003.0,cum_cancers,1069957.953245107,1069834.0800950138,1070081.8263952003
Adolescent: 0.9 coverage,2003.0,cum_cancers,1079001.2472549784,1077762.432228667,1080240.0622812896
Adolescent: 0.9 coverage,2004.0,cum_cancers,1089778.8720814907,1088168.4151902488,1091389.3289727326
Adolescent: 0.9 coverage,2004.0,cum_cancers,1098946.0467314653,1097583.3512588772,1100308.7422040533
Adolescent: 0.9 coverage,2004.0,cum_cancers,1110962.4789281422,1109723.6637910728,1112201.2940652117
Adolescent: 0.9 coverage,2004.0,cum_cancers,1121492.3421975533,1121368.4537628554,1121616.230632251
Adolescent: 0.9 coverage,2005.0,cum_cancers,1133013.2510585114,1132765.497379073,1133261.0047379497
Adolescent: 0.9 coverage,2005.0,cum_cancers,1143914.75635899,1141684.9107211516,1146144.6019968283
Adolescent: 0.9 coverage,2005.0,cum_cancers,1155435.6657737382,1152586.4163539042,1158284.915193572
Adolescent: 0.9 coverage,2005.0,cum_cancers,1166213.2903787345,1162744.637647627,1169681.9431098423
Adolescent: 0.9 coverage,2006.0,cum_cancers,1179716.2905889237,1178353.6090995336,1181078.9720783136
Adolescent: 0.9 coverage,2006.0,cum_cancers,1189998.3920243382,1189750.6372096306,1190246.1468390462
Adolescent: 0.9 coverage,2006.0,cum_cancers,1201147.6586604025,1201147.652250283,1201147.6650705219
Adolescent: 0.9 coverage,2006.0,cum_cancers,1211553.641469692,1210067.0792709752,1213040.203668409
Adolescent: 0.9 coverage,2007.0,cum_cancers,1223570.073223337,1222455.153027998,1224684.9934186758
Adolescent: 0.9 coverage,2007.0,cum_cancers,1237692.4782123435,1237320.8297296222,1238064.1266950648
Adolescent: 0.9 coverage,2007.0,cum_cancers,1249956.6721876378,1247974.5741375475,1251938.770237728
Adolescent: 0.9 coverage,2007.0,cum_cancers,1262964.1496297428,1258876.0796872317,1267052.2195722542
Adolescent: 0.9 coverage,2008.0,cum_cancers,1273246.2518266188,1271016.392662459,1275476.1109907785
Adolescent: 0.9 coverage,2008.0,cum_cancers,1288607.4639365845,1285882.083208834,1291332.8446643348
Adolescent: 0.9 coverage,2008.0,cum_cancers,1301119.419192085,1298517.9191875064,1303720.919196664
Adolescent: 0.9 coverage,2008.0,cum_cancers,1312020.9248248376,1308923.9015952982,1315117.9480543772
Adolescent: 0.9 coverage,2009.0,cum_cancers,1322922.4308037092,1319329.88455688,1326514.9770505382
Adolescent: 0.9 coverage,2009.0,cum_cancers,1335186.6245574872,1332709.0049853404,1337664.2441296342
Adolescent: 0.9 coverage,2009.0,cum_cancers,1346335.8913043095,1342123.9410539689,1350547.84155465
Adolescent: 0.9 coverage,2009.0,cum_cancers,1360210.5343485614,1357237.3918283489,1363183.6768687742
Adolescent: 0.9 coverage,2010.0,cum_cancers,1372226.9667667544,1370120.9892533645,1374332.9442801443
Adolescent: 0.9 coverage,2010.0,cum_cancers,1383500.1148459173,1380526.9722149468,1386473.257476888
Adolescent: 0.9 coverage,2010.0,cum_cancers,1394525.501091084,1391676.239072527,1397374.7631096407
Adolescent: 0.9 coverage,2010.0,cum_cancers,1410010.5933704306,1407532.9724138088,1412488.2143270527
Adolescent: 0.9 coverage,2011.0,cum_cancers,1423761.3541962784,1421159.8521842104,1426362.856208346
Adolescent: 0.9 coverage,2011.0,cum_cancers,1436025.5478392984,1433547.9268272978,1438503.1688512992
Adolescent: 0.9 coverage,2011.0,cum_cancers,1447050.9338352594,1442219.578723033,1451882.2889474859
Adolescent: 0.9 coverage,2011.0,cum_cancers,1459810.6500663818,1457580.7902792084,1462040.5098535554
Adolescent: 0.9 coverage,2012.0,cum_cancers,1470464.3940866538,1467243.488791002,1473685.299382306
Adolescent: 0.9 coverage,2012.0,cum_cancers,1485082.3215253155,1484091.2696897862,1486073.3733608448
Adolescent: 0.9 coverage,2012.0,cum_cancers,1498709.2033447404,1497965.9126786594,1499452.4940108217
Adolescent: 0.9 coverage,2012.0,cum_cancers,1511840.5614961723,1508124.1341938977,1515556.988798447
Adolescent: 0.9 coverage,2013.0,cum_cancers,1525343.5625924254,1522989.8235219344,1527697.3016629166
Adolescent: 0.9 coverage,2013.0,cum_cancers,1539837.6089756414,1539094.3306313881,1540580.8873198945
Adolescent: 0.9 coverage,2013.0,cum_cancers,1553588.3705767947,1551730.1659455122,1555446.575208077
Adolescent: 0.9 coverage,2013.0,cum_cancers,1568454.0601817265,1567834.662948298,1569073.457415155
Adolescent: 0.9 coverage,2014.0,cum_cancers,1584558.555357005,1582700.3522763345,1586416.7584376754
Adolescent: 0.9 coverage,2014.0,cum_cancers,1597566.0336713295,1595831.7114799677,1599300.3558626913
Adolescent: 0.9 coverage,2014.0,cum_cancers,1613918.2909574993,1611936.2083719952,1615900.3735430033
Adolescent: 0.9 coverage,2014.0,cum_cancers,1628288.4567283012,1627545.1811529982,1629031.7323036043
Adolescent: 0.9 coverage,2015.0,cum_cancers,1642410.8604159013,1641915.3295624831,1642906.3912693195
Adolescent: 0.9 coverage,2015.0,cum_cancers,1659506.4007120053,1656285.494225705,1662727.3071983056
Adolescent: 0.9 coverage,2015.0,cum_cancers,1674372.089264736,1670655.6604395388,1678088.518089933
Adolescent: 0.9 coverage,2015.0,cum_cancers,1688618.373218631,1688494.500165451,1688742.246271811
Adolescent: 0.9 coverage,2016.0,cum_cancers,1705094.5120032788,1702864.6517038497,1707324.3723027078
Adolescent: 0.9 coverage,2016.0,cum_cancers,1719712.438777392,1716739.2951357549,1722685.5824190292
Adolescent: 0.9 coverage,2016.0,cum_cancers,1734206.4861020506,1729870.6540071138,1738542.3181969873
Adolescent: 0.9 coverage,2016.0,cum_cancers,1748452.7712050597,1743002.013099989,1753903.5293101307
Adolescent: 0.9 coverage,2017.0,cum_cancers,1762079.6516953888,1760840.8373474702,1763318.4660433074
Adolescent: 0.9 coverage,2017.0,cum_cancers,1777812.5049226682,1776449.809574683,1779175.2002706535
Adolescent: 0.9 coverage,2017.0,cum_cancers,1792925.9542571944,1791811.0364708418,1794040.8720435468
Adolescent: 0.9 coverage,2017.0,cum_cancers,1812746.8709614864,1811384.173730615,1814109.568192358
Adolescent: 0.9 coverage,2018.0,cum_cancers,1828603.6048565586,1828231.9519712068,1828975.2577419106
Adolescent: 0.9 coverage,2018.0,cum_cancers,1843964.8155820493,1843593.1631951085,1844336.46796899
Adolescent: 0.9 coverage,2018.0,cum_cancers,1861803.6406602152,1860193.1815399686,1863414.099780462
Adolescent: 0.9 coverage,2018.0,cum_cancers,1875802.1650368082,1873820.0638578043,1877784.266215812
Adolescent: 0.9 coverage,2019.0,cum_cancers,1890791.733343578,1890172.3399174558,1891411.1267697003
Adolescent: 0.9 coverage,2019.0,cum_cancers,1907515.632910021,1905781.3136952806,1909249.9521247614
Adolescent: 0.9 coverage,2019.0,cum_cancers,1922876.8448538496,1920894.7630298068,1924858.9266778925
Adolescent: 0.9 coverage,2019.0,cum_cancers,1937990.2946867864,1936255.973256886,1939724.616116687
Adolescent: 0.9 coverage,2020.0,cum_cancers,1952608.2218623976,1949635.093713036,1955581.3500117592
Adolescent: 0.9 coverage,2020.0,cum_cancers,1968217.1946434006,1965491.8280511403,1970942.5612356607
Adolescent: 0.9 coverage,2020.0,cum_cancers,1985188.8541609538,1981596.323060282,1988781.3852616257
Adolescent: 0.9 coverage,2020.0,cum_cancers,2004018.7262982107,2002656.047550081,2005381.40504634
Adolescent: 0.9 coverage,2021.0,cum_cancers,2021485.9094283779,2019999.3504554876,2022972.4684012681
Adolescent: 0.9 coverage,2021.0,cum_cancers,2037094.8834554078,2035360.56328538,2038829.203625436
Adolescent: 0.9 coverage,2021.0,cum_cancers,2055676.9933710154,2054685.9375205084,2056668.0492215224
Adolescent: 0.9 coverage,2021.0,cum_cancers,2072896.414556428,2070542.6710833064,2075250.1580295498
Adolescent: 0.9 coverage,2022.0,cum_cancers,2090363.5981296273,2085656.1218576864,2095071.074401568
Adolescent: 0.9 coverage,2022.0,cum_cancers,2106220.3329661423,2102751.66497812,2109689.000954165
Adolescent: 0.9 coverage,2022.0,cum_cancers,2121953.185695011,2118112.8758697473,2125793.495520275
Adolescent: 0.9 coverage,2022.0,cum_cancers,2138057.681091806,2135456.1773352996,2140659.184848312
Adolescent: 0.9 coverage,2023.0,cum_cancers,2155896.505394666,2152799.4784685783,2158993.5323207537
Adolescent: 0.9 coverage,2023.0,cum_cancers,2176832.3480814025,2171877.1096708807,2181787.5864919242
Adolescent: 0.9 coverage,2023.0,cum_cancers,2195662.2193879746,2188724.889572843,2202599.549203106
Adolescent: 0.9 coverage,2023.0,cum_cancers,2213624.9250785545,2206563.7151494203,2220686.135007689
Adolescent: 0.9 coverage,2024.0,cum_cancers,2229729.4208076233,2223163.732165185,2236295.1094500613
Adolescent: 0.9 coverage,2024.0,cum_cancers,2247568.246273442,2242736.886426311,2252399.606120573
Adolescent: 0.9 coverage,2024.0,cum_cancers,2265902.595296496,2260823.475332118,2270981.715260874
Adolescent: 0.9 coverage,2024.0,cum_cancers,2283369.778509732,2276184.68655602,2290554.870463444
Adolescent: 0.9 coverage,2025.0,cum_cancers,2299722.0359620387,2291298.137441158,2308145.9344829195
Adolescent: 0.9 coverage,2025.0,cum_cancers,2315950.411749731,2308393.677349609,2323507.1461498532
Adolescent: 0.9 coverage,2025.0,cum_cancers,2336762.37462705,2327966.832939832,2345557.916314268
Adolescent: 0.9 coverage,2025.0,cum_cancers,2357945.98100298,2349026.558537211,2366865.4034687486
Adolescent: 0.9 coverage,2026.0,cum_cancers,2377395.255260862,2368104.190902473,2386686.319619251
Adolescent: 0.9 coverage,2026.0,cum_cancers,2397216.171799017,2388420.629945662,2406011.7136523724
Adolescent: 0.9 coverage,2026.0,cum_cancers,2418647.5386244683,2411214.684892139,2426080.3923567976
Adolescent: 0.9 coverage,2026.0,cum_cancers,2436610.244370427,2428805.7484685825,2444414.740272272
Adolescent: 0.9 coverage,2027.0,cum_cancers,2457669.9685833314,2451104.2797470666,2464235.6574195963
Adolescent: 0.9 coverage,2027.0,cum_cancers,2478729.6929623727,2472164.004236866,2485295.381687879
Adolescent: 0.9 coverage,2027.0,cum_cancers,2497435.6833242564,2491737.1598270885,2503134.2068214244
Adolescent: 0.9 coverage,2027.0,cum_cancers,2518123.7650353713,2512549.1226490284,2523698.4074217146
Adolescent: 0.9 coverage,2028.0,cum_cancers,2535219.3058298863,2528901.379104513,2541537.23255526
Adolescent: 0.9 coverage,2028.0,cum_cancers,2554668.581915276,2551199.9114905773,2558137.2523399745
Adolescent: 0.9 coverage,2028.0,cum_cancers,2577214.8769106427,2573498.445205738,2580931.308615547
Adolescent: 0.9 coverage,2028.0,cum_cancers,2599017.8847980285,2594558.1684771986,2603477.601118859
Adolescent: 0.9 coverage,2029.0,cum_cancers,2617971.637381562,2614379.086178313,2621564.1885848115
Adolescent: 0.9 coverage,2029.0,cum_cancers,2636305.985130899,2632465.6717613796,2640146.2985004187
Adolescent: 0.9 coverage,2029.0,cum_cancers,2654516.4523232016,2650056.7346732756,2658976.1699731275
Adolescent: 0.9 coverage,2029.0,cum_cancers,2676938.864823268,2673841.8357373993,2680035.8939091368
Adolescent: 0.9 coverage,2030.0,cum_cancers,2697626.946866657,2694406.037888302,2700847.8558450122
Adolescent: 0.9 coverage,2030.0,cum_cancers,2720544.882757822,2719925.4687445564,2721164.2967710877
Adolescent: 0.9 coverage,2030.0,cum_cancers,2741728.4885799615,2739498.6439112555,2743958.333248668
Adolescent: 0.9 coverage,2030.0,cum_cancers,2762416.5699588023,2759319.5600617575,2765513.5798558476
Adolescent: 0.9 coverage,2031.0,cum_cancers,2783971.8168982565,2780379.2841085247,2787564.3496879884
Adolescent: 0.9 coverage,2031.0,cum_cancers,2804783.779609438,2797474.8241277337,2812092.7350911424
Adolescent: 0.9 coverage,2031.0,cum_cancers,2826710.6699367454,2815313.649925827,2838107.6899476633
Adolescent: 0.9 coverage,2031.0,cum_cancers,2848885.3202705416,2836868.896643765,2860901.7438973184
Adolescent: 0.9 coverage,2032.0,cum_cancers,2869449.52153538,2856194.29100916,2882704.7520615994
Adolescent: 0.9 coverage,2032.0,cum_cancers,2891995.8157000616,2876262.9705996495,2907728.6608004733
Adolescent: 0.9 coverage,2032.0,cum_cancers,2914046.585864476,2897818.2179821352,2930274.9537468166
Adolescent: 0.9 coverage,2032.0,cum_cancers,2935725.7137486176,2919621.2261464167,2951830.2013508184
Adolescent: 0.9 coverage,2033.0,cum_cancers,2955546.630342152,2938698.858179405,2972394.4025048986
Adolescent: 0.9 coverage,2033.0,cum_cancers,2979331.7317385506,2962979.4819147,2995683.9815624007
Adolescent: 0.9 coverage,2033.0,cum_cancers,3000019.813781939,2981809.3519475544,3018230.2756163236
Adolescent: 0.9 coverage,2033.0,cum_cancers,3021946.702835529,3003860.122001211,3040033.283669847
Adolescent: 0.9 coverage,2034.0,cum_cancers,3044369.1150033213,3025910.8919441095,3062827.3380625336
Adolescent: 0.9 coverage,2034.0,cum_cancers,3070755.7130815587,3055642.2707109414,3085869.155452176
Adolescent: 0.9 coverage,2034.0,cum_cancers,3094416.9318442093,3076701.9942592974,3112131.8694291217
Adolescent: 0.9 coverage,2034.0,cum_cancers,3115352.7755000796,3097513.9561951733,3133191.5948049854
Adolescent: 0.9 coverage,2035.0,cum_cancers,3138270.7111697276,3117087.11156388,3159454.310775575
Adolescent: 0.9 coverage,2035.0,cum_cancers,3159330.435327253,3137651.3124964447,3181009.558158061
Adolescent: 0.9 coverage,2035.0,cum_cancers,3181381.2054916676,3158711.036986244,3204051.3739970913
Adolescent: 0.9 coverage,2035.0,cum_cancers,3204546.9030506914,3180514.0465903785,3228579.759511004
Adolescent: 0.9 coverage,2036.0,cum_cancers,3227960.3621668164,3203060.3415303663,3252860.382803267
Adolescent: 0.9 coverage,2036.0,cum_cancers,3247905.159483522,3225111.110476443,3270699.2084906017
Adolescent: 0.9 coverage,2036.0,cum_cancers,3270203.6918695867,3243940.981949152,3296466.401790022
Adolescent: 0.9 coverage,2036.0,cum_cancers,3297209.691403901,3269212.6510267886,3325206.7317810133
Adolescent: 0.9 coverage,2037.0,cum_cancers,3323100.765149597,3292502.228865952,3353699.301433242
Adolescent: 0.9 coverage,2037.0,cum_cancers,3346390.342213454,3317526.136940277,3375254.547486631
Adolescent: 0.9 coverage,2037.0,cum_cancers,3372157.5351805994,3343293.3289106004,3401021.741450599
Adolescent: 0.9 coverage,2037.0,cum_cancers,3394951.5899055605,3362123.2001617933,3427779.9796493277
Adolescent: 0.9 coverage,2038.0,cum_cancers,3419603.8564749183,3389129.2009144453,3450078.5120353918
Adolescent: 0.9 coverage,2038.0,cum_cancers,3445494.9307744047,3418117.2936808765,3472872.5678679324
Adolescent: 0.9 coverage,2038.0,cum_cancers,3471138.242686104,3442645.679748579,3499630.8056236296
Adolescent: 0.9 coverage,2038.0,cum_cancers,3497029.3163764216,3470147.2027293704,3523911.4300234728
Adolescent: 0.9 coverage,2039.0,cum_cancers,3518708.4437067728,3489968.1199874524,3547448.767426093
Adolescent: 0.9 coverage,2039.0,cum_cancers,3544103.9936183393,3511027.8442557356,3577180.1429809425
Adolescent: 0.9 coverage,2039.0,cum_cancers,3569004.020194186,3535308.4686555783,3602699.571732794
Adolescent: 0.9 coverage,2039.0,cum_cancers,3592417.47831349,3558598.0463839844,3626236.9102429957
Adolescent: 0.9 coverage,2040.0,cum_cancers,3616450.340879337,3582630.9091159683,3650269.772642705
Adolescent: 0.9 coverage,2040.0,cum_cancers,3642465.295957373,3609884.671757995,3675045.920156751
Adolescent: 0.9 coverage,2040.0,cum_cancers,3669966.8192150593,3635404.1035003136,3704529.534929805
Adolescent: 0.9 coverage,2040.0,cum_cancers,3692017.589822506,3658693.682779331,3725341.496865681
Adolescent: 0.9 coverage,2041.0,cum_cancers,3715431.047831051,3681983.2600647043,3748878.8355973978
Adolescent: 0.9 coverage,2041.0,cum_cancers,3738596.744448632,3706263.884021515,3770929.6048757485
Adolescent: 0.9 coverage,2041.0,cum_cancers,3764363.9374711565,3733517.645334447,3795210.229607866
Adolescent: 0.9 coverage,2041.0,cum_cancers,3786910.230639016,3755568.4156096196,3818252.045668412
Adolescent: 0.9 coverage,2042.0,cum_cancers,3812677.4234954035,3781335.6082444913,3844019.2387463152
Adolescent: 0.9 coverage,2042.0,cum_cancers,3836834.1669505583,3808093.8473292836,3865574.4865718335
Adolescent: 0.9 coverage,2042.0,cum_cancers,3861362.552409092,3836834.17820634,3885890.9266118445
Adolescent: 0.9 coverage,2042.0,cum_cancers,3885395.414642665,3862353.609173352,3908437.2201119782
Adolescent: 0.9 coverage,2043.0,cum_cancers,3911410.3696653224,3889855.1325971745,3932965.60673347
Adolescent: 0.9 coverage,2043.0,cum_cancers,3932222.3337056,3910914.8580837958,3953529.809327404
Adolescent: 0.9 coverage,2043.0,cum_cancers,3956750.7196625443,3935443.243265434,3978058.196059655
Adolescent: 0.9 coverage,2043.0,cum_cancers,3978429.8473805487,3958237.2983226688,3998622.396438429
Adolescent: 0.9 coverage,2044.0,cum_cancers,4000976.1411021985,3979544.7842588113,4022407.4979455858
Adolescent: 0.9 coverage,2044.0,cum_cancers,4022531.3887615795,3999365.701627651,4045697.075895508
Adolescent: 0.9 coverage,2044.0,cum_cancers,4044706.039870682,4019682.142221453,4069729.9375199107
Adolescent: 0.9 coverage,2044.0,cum_cancers,4071216.5175645105,4045944.858745833,4096488.176383188
Adolescent: 0.9 coverage,2045.0,cum_cancers,4094134.4548955294,4069482.1989174043,4118786.7108736546
Adolescent: 0.9 coverage,2045.0,cum_cancers,4119034.4821359245,4097974.7683481164,4140094.1959237326
Adolescent: 0.9 coverage,2045.0,cum_cancers,4141952.418913153,4119777.778284526,4164127.0595417805
Adolescent: 0.9 coverage,2045.0,cum_cancers,4166852.4464858226,4144553.9260200877,4189150.9669515574
Adolescent: 0.9 coverage,2046.0,cum_cancers,4192371.8784496565,4170073.3569871,4214670.399912213
Adolescent: 0.9 coverage,2046.0,cum_cancers,4218015.189198397,4197079.354527771,4238951.023869025
Adolescent: 0.9 coverage,2046.0,cum_cancers,4243162.978660442,4222598.786380846,4263727.170940038
Adolescent: 0.9 coverage,2046.0,cum_cancers,4269673.455966618,4249357.02480109,4289989.887132145
Adolescent: 0.9 coverage,2047.0,cum_cancers,4293582.438252324,4271903.318744256,4315261.557760393
Adolescent: 0.9 coverage,2047.0,cum_cancers,4319349.630942576,4296927.227593888,4341772.034291263
Adolescent: 0.9 coverage,2047.0,cum_cancers,4340780.997768026,4321207.85143994,4360354.144096113
Adolescent: 0.9 coverage,2047.0,cum_cancers,4366672.071513723,4347222.803859785,4386121.33916766
Adolescent: 0.9 coverage,2048.0,cum_cancers,4391448.217532536,4372246.711048046,4410649.724017025
Adolescent: 0.9 coverage,2048.0,cum_cancers,4417834.813118717,4398509.425246508,4437160.200990926
Adolescent: 0.9 coverage,2048.0,cum_cancers,4441372.152238088,4422294.525756842,4460449.778719332
Adolescent: 0.9 coverage,2048.0,cum_cancers,4466024.418142897,4445584.103485248,4486464.732800546
Adolescent: 0.9 coverage,2049.0,cum_cancers,4490305.04198895,4466396.067636284,4514214.016341617
Adolescent: 0.9 coverage,2049.0,cum_cancers,4515948.353956029,4496127.442858859,4535769.265053199
Adolescent: 0.9 coverage,2049.0,cum_cancers,4536264.795048241,4519169.260470018,4553360.329626464
Adolescent: 0.9 coverage,2049.0,cum_cancers,4561164.822399395,4544688.692101577,4577640.952697212
Adolescent: 0.9 coverage,2050.0,cum_cancers,4583463.353954773,4567482.747269571,4599443.960639977
Adolescent: 0.9 coverage,2050.0,cum_cancers,4604770.840500086,4586560.3804101385,4622981.300590033
Adolescent: 0.9 coverage,2050.0,cum_cancers,4630290.271688614,4614805.187508444,4645775.355868783
Adolescent: 0.9 coverage,2050.0,cum_cancers,4655438.0612614155,4643297.757382188,4667578.365140644
Adolescent: 0.9 coverage,2051.0,cum_cancers,4677736.5930936895,4667578.38122824,4687894.804959139
Adolescent: 0.9 coverage,2051.0,cum_cancers,4700530.649590779,4693097.813081317,4707963.486100241
Adolescent: 0.9 coverage,2051.0,cum_cancers,4727041.12711847,4719856.05216611,4734226.20207083
Adolescent: 0.9 coverage,2051.0,cum_cancers,4747976.971438888,4739676.969645709,4756276.973232067
Adolescent: 0.9 coverage,2052.0,cum_cancers,4772753.118288385,4763957.5922734225,4781548.644303348
Adolescent: 0.9 coverage,2052.0,cum_cancers,4799139.713985326,4790963.590810915,4807315.837159735
Adolescent: 0.9 coverage,2052.0,cum_cancers,4825526.310014539,4817969.592117358,4833083.027911721
Adolescent: 0.9 coverage,2052.0,cum_cancers,4848444.246348736,4840763.648282173,4856124.844415299
Adolescent: 0.9 coverage,2053.0,cum_cancers,4870866.65895956,4865787.55569195,4875945.762227171
Adolescent: 0.9 coverage,2053.0,cum_cancers,4892421.907061974,4887095.041738851,4897748.772385096
Adolescent: 0.9 coverage,2053.0,cum_cancers,4913853.27355515,4906172.675100935,4921533.872009367
Adolescent: 0.9 coverage,2053.0,cum_cancers,4939248.823937438,4927480.162200036,4951017.48567484
Adolescent: 0.9 coverage,2054.0,cum_cancers,4961423.475711089,4949283.1708073495,4973563.780614829
Adolescent: 0.9 coverage,2054.0,cum_cancers,4983474.245764745,4971333.941304038,4995614.5502254525
Adolescent: 0.9 coverage,2054.0,cum_cancers,5007507.107278392,4995614.563488721,5019399.651068062
Adolescent: 0.9 coverage,2054.0,cum_cancers,5029929.520443006,5020390.7093413975,5039468.331544615
Adolescent: 0.9 coverage,2055.0,cum_cancers,5051484.768988452,5037981.77635134,5064987.761625564
Adolescent: 0.9 coverage,2055.0,cum_cancers,5075517.63028058,5059289.262065966,5091745.998495196
Adolescent: 0.9 coverage,2055.0,cum_cancers,5102028.106589934,5084560.931143602,5119495.282036266
Adolescent: 0.9 coverage,2055.0,cum_cancers,5122840.070297938,5108346.0319862105,5137334.108609666
Adolescent: 0.9 coverage,2056.0,cum_cancers,5144023.676563109,5127175.905120289,5160871.44800593
Adolescent: 0.9 coverage,2056.0,cum_cancers,5166074.447835105,5149474.4372848375,5182674.458385372
Adolescent: 0.9 coverage,2056.0,cum_cancers,5193947.61243162,5177471.483158315,5210423.741704926
Adolescent: 0.9 coverage,2056.0,cum_cancers,5219219.283170627,5201752.108887254,5236686.457454001
Adolescent: 0.9 coverage,2057.0,cum_cancers,5242261.100117238,5226280.492518281,5258241.707716195
Adolescent: 0.9 coverage,2057.0,cum_cancers,5263692.467274963,5248331.263125727,5279053.671424199
Adolescent: 0.9 coverage,2057.0,cum_cancers,5289335.777746808,5276823.829676731,5301847.725816885
Adolescent: 0.9 coverage,2057.0,cum_cancers,5309776.098676128,5296149.225038949,5323402.972313306
Adolescent: 0.9 coverage,2058.0,cum_cancers,5331455.227280196,5318199.995978669,5344710.458581723
Adolescent: 0.9 coverage,2058.0,cum_cancers,5353505.997056958,5339755.2435826715,5367256.750531245
Adolescent: 0.9 coverage,2058.0,cum_cancers,5374937.364159305,5366761.242230922,5383113.486087687
Adolescent: 0.9 coverage,2058.0,cum_cancers,5398598.584998668,5388564.250062929,5408632.919934408
Adolescent: 0.9 coverage,2059.0,cum_cancers,5426719.510930769,5415074.726815314,5438364.295046225
Adolescent: 0.9 coverage,2059.0,cum_cancers,5450628.491278211,5441089.6798997065,5460167.302656716
Adolescent: 0.9 coverage,2059.0,cum_cancers,5470944.932315044,5462892.687510198,5478997.17711989
Adolescent: 0.9 coverage,2059.0,cum_cancers,5496588.242233099,5489898.684497078,5503277.799969122
Adolescent: 0.9 coverage,2060.0,cum_cancers,5520744.984802191,5516904.682702296,5524585.286902086
Adolescent: 0.9 coverage,2060.0,cum_cancers,5541061.425728267,5536477.840175406,5545645.011281127
Adolescent: 0.9 coverage,2060.0,cum_cancers,5564722.644961639,5561749.509253042,5567695.780670237
Adolescent: 0.9 coverage,2060.0,cum_cancers,5585286.846226478,5580579.380947267,5589994.311505688
Adolescent: 0.9 coverage,2061.0,cum_cancers,5606098.810377514,5601639.105658582,5610558.515096446
Adolescent: 0.9 coverage,2061.0,cum_cancers,5630131.673386393,5629388.388313589,5630874.958459197
Adolescent: 0.9 coverage,2061.0,cum_cancers,5649209.307911435,5648466.024583075,5649952.591239796
Adolescent: 0.9 coverage,2061.0,cum_cancers,5675348.1430480955,5670269.034630241,5680427.25146595
Adolescent: 0.9 coverage,2062.0,cum_cancers,5699381.005946217,5690833.23755645,5707928.774335983
Adolescent: 0.9 coverage,2062.0,cum_cancers,5721431.775999873,5711397.439485837,5731466.112513909
Adolescent: 0.9 coverage,2062.0,cum_cancers,5745960.160959995,5734934.779768165,5756985.5421518255
Adolescent: 0.9 coverage,2062.0,cum_cancers,5764913.916090963,5754507.938570371,5775319.893611556
Adolescent: 0.9 coverage,2063.0,cum_cancers,5787088.567476961,5775319.902389132,5798857.232564789
Adolescent: 0.9 coverage,2063.0,cum_cancers,5810873.668928738,5794149.775190937,5827597.562666538
Adolescent: 0.9 coverage,2063.0,cum_cancers,5831809.513415293,5813722.932221014,5849896.094609572
Adolescent: 0.9 coverage,2063.0,cum_cancers,5854975.210531284,5841472.214432988,5868478.20662958
Adolescent: 0.9 coverage,2064.0,cum_cancers,5877273.742861969,5863027.462701538,5891520.0230224
Adolescent: 0.9 coverage,2064.0,cum_cancers,5899200.633078518,5887803.609440278,5910597.656716758
Adolescent: 0.9 coverage,2064.0,cum_cancers,5924100.660872703,5912827.518622182,5935373.803123225
Adolescent: 0.9 coverage,2064.0,cum_cancers,5948009.641718557,5934630.527561771,5961388.755875343
Adolescent: 0.9 coverage,2065.0,cum_cancers,5972538.028450808,5958415.630619539,5986660.426282076
Adolescent: 0.9 coverage,2065.0,cum_cancers,5994588.799113633,5979227.594327543,6009950.003899723
Adolescent: 0.9 coverage,2065.0,cum_cancers,6015896.28532667,6003508.217287531,6028284.353365809
Adolescent: 0.9 coverage,2065.0,cum_cancers,6038318.697826738,6026550.033680352,6050087.361973123
Adolescent: 0.9 coverage,2066.0,cum_cancers,6058759.018479161,6047114.234612916,6070403.802345407
Adolescent: 0.9 coverage,2066.0,cum_cancers,6082172.478038319,6068173.960542569,6096170.99553407
Adolescent: 0.9 coverage,2066.0,cum_cancers,6103975.487420938,6087499.35512948,6120451.619712396
Adolescent: 0.9 coverage,2066.0,cum_cancers,6124539.688796535,6105585.941709369,6143493.435883701
Adolescent: 0.9 coverage,2067.0,cum_cancers,6146962.101573496,6129866.56621997,6164057.636927023
Adolescent: 0.9 coverage,2067.0,cum_cancers,6170127.799354036,6151421.814377762,6188833.78433031
Adolescent: 0.9 coverage,2067.0,cum_cancers,6193169.615525341,6173968.106770315,6212371.124280365
Adolescent: 0.9 coverage,2067.0,cum_cancers,6217326.358039053,6197257.683944931,6237395.032133174
Adolescent: 0.9 coverage,2068.0,cum_cancers,6241606.9810544215,6223024.875250707,6260189.086858135
Adolescent: 0.9 coverage,2068.0,cum_cancers,6264524.915671868,6247801.020881867,6281248.81046187
Adolescent: 0.9 coverage,2068.0,cum_cancers,6286823.448002554,6272081.645170951,6301565.250834156
Adolescent: 0.9 coverage,2068.0,cum_cancers,6313457.805090458,6301069.736165255,6325845.874015661
Adolescent: 0.9 coverage,2069.0,cum_cancers,6339844.401396567,6328323.497921218,6351365.304871915
Adolescent: 0.9 coverage,2069.0,cum_cancers,6361399.649055947,6348887.699961362,6373911.598150532
Adolescent: 0.9 coverage,2069.0,cum_cancers,6384441.465559525,6372177.277911284,6396705.653207766
Adolescent: 0.9 coverage,2069.0,cum_cancers,6407483.281647761,6396705.663203681,6418260.900091842
Adolescent: 0.9 coverage,2070.0,cum_cancers,6430153.455871066,6421234.049049867,6439072.862692265
Adolescent: 0.9 coverage,2070.0,cum_cancers,6452823.63014975,6441550.488868362,6464096.771431138
Adolescent: 0.9 coverage,2070.0,cum_cancers,6479581.869013027,6467813.203509856,6491350.534516199
Adolescent: 0.9 coverage,2070.0,cum_cancers,6502375.923751833,6493084.873252042,6511666.974251625
Adolescent: 0.9 coverage,2071.0,cum_cancers,6524302.8134699715,6516126.689866378,6532478.937073565
Adolescent: 0.9 coverage,2071.0,cum_cancers,6547592.3921398185,6537929.699470513,6557255.084809125
Adolescent: 0.9 coverage,2071.0,cum_cancers,6571005.8513667025,6560228.232299608,6581783.470433796
Adolescent: 0.9 coverage,2071.0,cum_cancers,6591941.695354845,6579553.626000456,6604329.764709236
Adolescent: 0.9 coverage,2072.0,cum_cancers,6611886.493779132,6600365.590151492,6623407.397406772
Adolescent: 0.9 coverage,2072.0,cum_cancers,6635176.071119885,6622911.88287632,6647440.25936345
Adolescent: 0.9 coverage,2072.0,cum_cancers,6654996.988571793,6641741.75479206,6668252.222351527
Adolescent: 0.9 coverage,2072.0,cum_cancers,6675437.3090857705,6662801.479558754,6688073.138612787
Adolescent: 0.9 coverage,2073.0,cum_cancers,6696125.391627571,6682374.635592008,6709876.147663133
Adolescent: 0.9 coverage,2073.0,cum_cancers,6719414.968926788,6703929.883334458,6734900.054519119
Adolescent: 0.9 coverage,2073.0,cum_cancers,6744438.877333388,6726723.938059418,6762153.816607357
Adolescent: 0.9 coverage,2073.0,cum_cancers,6767976.215566694,6755959.790500065,6779992.640633322
Adolescent: 0.9 coverage,2074.0,cum_cancers,6791637.435866112,6780735.937349562,6802538.934382661
Adolescent: 0.9 coverage,2074.0,cum_cancers,6812573.27960505,6800061.330607379,6825085.228602721
Adolescent: 0.9 coverage,2074.0,cum_cancers,6837473.306817756,6823350.908114268,6851595.705521244
Adolescent: 0.9 coverage,2074.0,cum_cancers,6859771.838816166,6846144.963503776,6873398.714128557
Adolescent: 0.9 coverage,2075.0,cum_cancers,6881079.324087761,6868939.017896464,6893219.630279059
Adolescent: 0.9 coverage,2075.0,cum_cancers,6904988.305432025,6891237.550061012,6918739.060803039
Adolescent: 0.9 coverage,2075.0,cum_cancers,6928401.763274433,6915518.173131759,6941285.353417108
Adolescent: 0.9 coverage,2075.0,cum_cancers,6953549.552694945,6941780.889683829,6965318.21570606
Adolescent: 0.9 coverage,2076.0,cum_cancers,6976467.488336904,6965070.467190718,6987864.509483089
Adolescent: 0.9 coverage,2076.0,cum_cancers,6998394.377791991,6988360.044365334,7008428.7112186495
Adolescent: 0.9 coverage,2076.0,cum_cancers,7019825.744838959,7009667.530024582,7029983.959653336
Adolescent: 0.9 coverage,2076.0,cum_cancers,7041504.872640032,7033948.1529291915,7049061.592350872
Adolescent: 0.9 coverage,2077.0,cum_cancers,7064422.808129698,7057733.2537718,7071112.362487597
Adolescent: 0.9 coverage,2077.0,cum_cancers,7087340.74305173,7080775.069887725,7093906.416215735
Adolescent: 0.9 coverage,2077.0,cum_cancers,7113851.219194946,7106790.022972116,7120912.4154177755
Adolescent: 0.9 coverage,2077.0,cum_cancers,7136521.393155202,7129336.315613877,7143706.470696527
Adolescent: 0.9 coverage,2078.0,cum_cancers,7158943.805655269,7153121.416456485,7164766.194854052
Adolescent: 0.9 coverage,2078.0,cum_cancers,7182605.025331673,7175667.7100673765,7189542.34059597
Adolescent: 0.9 coverage,2078.0,cum_cancers,7209611.023813786,7202178.185712181,7217043.861915391
Adolescent: 0.9 coverage,2078.0,cum_cancers,7233767.767158184,7224476.7180982465,7243058.816218121
Adolescent: 0.9 coverage,2079.0,cum_cancers,7257800.629557894,7247766.296934232,7267834.962181555
Adolescent: 0.9 coverage,2079.0,cum_cancers,7278364.8315149695,7268578.260005376,7288151.403024562
Adolescent: 0.9 coverage,2079.0,cum_cancers,7304751.427073461,7293602.16708288,7315900.687064042
Adolescent: 0.9 coverage,2079.0,cum_cancers,7328288.7658328675,7315900.699275117,7340676.832390618
Adolescent: 0.9 coverage,2080.0,cum_cancers,7353436.553412027,7343154.459369712,7363718.647454342
Adolescent: 0.9 coverage,2080.0,cum_cancers,7379823.148416729,7367435.082108185,7392211.214725273
Adolescent: 0.9 coverage,2080.0,cum_cancers,7404599.294795505,7393450.0352479555,7415748.554343054
Adolescent: 0.9 coverage,2080.0,cum_cancers,7429127.679118769,7419960.511003519,7438294.847234019
Adolescent: 0.9 coverage,2081.0,cum_cancers,7453779.9445805475,7444488.895963642,7463070.993197452
Adolescent: 0.9 coverage,2081.0,cum_cancers,7476821.760682628,7470008.326044589,7483635.195320666
Adolescent: 0.9 coverage,2081.0,cum_cancers,7502588.952542193,7497509.848194695,7507668.05688969
Adolescent: 0.9 coverage,2081.0,cum_cancers,7531700.923844326,7526745.699749279,7536656.147939373
Adolescent: 0.9 coverage,2082.0,cum_cancers,7556972.593129633,7551521.84587885,7562423.340380417
Adolescent: 0.9 coverage,2082.0,cum_cancers,7579642.766300738,7574068.138769814,7585217.393831661
Adolescent: 0.9 coverage,2082.0,cum_cancers,7604418.911585779,7599835.33007559,7609002.493095968
Adolescent: 0.9 coverage,2082.0,cum_cancers,7629566.699594125,7625354.759602747,7633778.639585502
Adolescent: 0.9 coverage,2083.0,cum_cancers,7652484.635153015,7645423.438805584,7659545.831500446
Adolescent: 0.9 coverage,2083.0,cum_cancers,7676269.735497212,7667474.208969998,7685065.262024425
Adolescent: 0.9 coverage,2083.0,cum_cancers,7698816.029052725,7686799.603723047,7710832.454382402
Adolescent: 0.9 coverage,2083.0,cum_cancers,7723963.817393345,7715539.933326386,7732387.701460304
Adolescent: 0.9 coverage,2084.0,cum_cancers,7751589.220128175,7744032.500901902,7759145.939354448
Adolescent: 0.9 coverage,2084.0,cum_cancers,7778099.696437528,7768313.12391727,7787886.268957786
Adolescent: 0.9 coverage,2084.0,cum_cancers,7805972.860355651,7794080.315804524,7817865.404906779
Adolescent: 0.9 coverage,2084.0,cum_cancers,7831244.5287272055,7818856.461740268,7843632.595714143
Adolescent: 0.9 coverage,2085.0,cum_cancers,7856020.673956867,7845862.460250072,7866178.887663663
Adolescent: 0.9 coverage,2085.0,cum_cancers,7884265.480113729,7872372.935867187,7896158.024360271
Adolescent: 0.9 coverage,2085.0,cum_cancers,7909041.625218788,7896158.035131494,7921925.215306083
Adolescent: 0.9 coverage,2085.0,cum_cancers,7936667.027773637,7922420.750409846,7950913.3051374275
Adolescent: 0.9 coverage,2086.0,cum_cancers,7965655.117868031,7950170.033341747,7981140.202394316
Adolescent: 0.9 coverage,2086.0,cum_cancers,7993404.401062983,7978662.6016925685,8008146.200433398
Adolescent: 0.9 coverage,2086.0,cum_cancers,8020905.923060795,8004925.3170539895,8036886.529067602
Adolescent: 0.9 coverage,2086.0,cum_cancers,8046301.472266281,8032922.361764508,8059680.582768053
Adolescent: 0.9 coverage,2087.0,cum_cancers,8075165.681817485,8065874.635457274,8084456.7281776965
Adolescent: 0.9 coverage,2087.0,cum_cancers,8101056.754317153,8092137.350763315,8109976.157870991
Adolescent: 0.9 coverage,2087.0,cum_cancers,8128434.394802645,8121373.202041003,8135495.587564286
Adolescent: 0.9 coverage,2087.0,cum_cancers,8155688.15534027,8151104.577595852,8160271.733084688
Adolescent: 0.9 coverage,2088.0,cum_cancers,8181579.227396906,8178110.575690312,8185047.8791035
Adolescent: 0.9 coverage,2088.0,cum_cancers,8209080.749034757,8204125.528580879,8214035.969488635
Adolescent: 0.9 coverage,2088.0,cum_cancers,8236458.389769454,8228158.3899283875,8244758.38961052
Adolescent: 0.9 coverage,2088.0,cum_cancers,8262349.461936848,8256898.7180918725,8267800.205781824
Adolescent: 0.9 coverage,2089.0,cum_cancers,8289850.983062442,8282913.670760922,8296788.295363963
Adolescent: 0.9 coverage,2089.0,cum_cancers,8317476.38596341,8312397.284121812,8322555.487805007
Adolescent: 0.9 coverage,2089.0,cum_cancers,8345225.669324498,8340642.089835642,8349809.2488133535
Adolescent: 0.9 coverage,2089.0,cum_cancers,8370497.337917568,8364922.711881878,8376071.9639532585
Adolescent: 0.9 coverage,2090.0,cum_cancers,8400848.117448239,8391928.711194675,8409767.523701802
Adolescent: 0.9 coverage,2090.0,cum_cancers,8428473.519089334,8420916.800859883,8436030.237318786
Adolescent: 0.9 coverage,2090.0,cum_cancers,8457089.967374178,8450648.176414732,8463531.758333623
Adolescent: 0.9 coverage,2090.0,cum_cancers,8485830.295897625,8479636.266799867,8492024.324995385
Adolescent: 0.9 coverage,2091.0,cum_cancers,8517048.240850464,8511597.496950109,8522498.984750818
Adolescent: 0.9 coverage,2091.0,cum_cancers,8545540.808785941,8542319.917681161,8548761.699890722
Adolescent: 0.9 coverage,2091.0,cum_cancers,8572918.449686777,8572051.291740779,8573785.607632773
Adolescent: 0.9 coverage,2091.0,cum_cancers,8599676.687276337,8596827.423305668,8602525.951247005
Adolescent: 0.9 coverage,2092.0,cum_cancers,8627549.850889875,8624081.182846472,8631018.518933278
Adolescent: 0.9 coverage,2092.0,cum_cancers,8653936.446129937,8650096.135737035,8657776.756522838
Adolescent: 0.9 coverage,2092.0,cum_cancers,8682552.894179419,8681809.6013674,8683296.186991438
Adolescent: 0.9 coverage,2092.0,cum_cancers,8708567.84708383,8706337.986161385,8710797.708006276
Adolescent: 0.9 coverage,2093.0,cum_cancers,8739414.147665836,8735573.837522142,8743254.457809532
Adolescent: 0.9 coverage,2093.0,cum_cancers,8769145.52273612,8766296.258253194,8771994.787219044
Adolescent: 0.9 coverage,2093.0,cum_cancers,8797638.08953633,8794045.540492859,8801230.6385798
Adolescent: 0.9 coverage,2093.0,cum_cancers,8829475.436277516,8826254.529071286,8832696.343483746
Adolescent: 0.9 coverage,2094.0,cum_cancers,8859206.81084939,8856481.427103482,8861932.194595298
Adolescent: 0.9 coverage,2094.0,cum_cancers,8888194.901109923,8885469.517488616,8890920.284731228
Adolescent: 0.9 coverage,2094.0,cum_cancers,8915944.18423565,8909750.140559362,8922138.227911936
Adolescent: 0.9 coverage,2094.0,cum_cancers,8944436.751423512,8939977.037345529,8948896.465501495
Adolescent: 0.9 coverage,2095.0,cum_cancers,8968965.135594483,8966239.752236228,8971690.518952738
Adolescent: 0.9 coverage,2095.0,cum_cancers,8996838.299706433,8993245.751549026,9000430.84786384
Adolescent: 0.9 coverage,2095.0,cum_cancers,9027312.958201993,9025206.978404216,9029418.93799977
Adolescent: 0.9 coverage,2095.0,cum_cancers,9061504.039624885,9059893.582027558,9063114.497222213
Adolescent: 0.9 coverage,2096.0,cum_cancers,9090987.653221136,9089872.71858572,9092102.587856552
Adolescent: 0.9 coverage,2096.0,cum_cancers,9122825.001111437,9122081.724663917,9123568.277558958
Adolescent: 0.9 coverage,2096.0,cum_cancers,9150326.522500083,9148096.676806867,9152556.368193299
Adolescent: 0.9 coverage,2096.0,cum_cancers,9177704.163788568,9175845.960569454,9179562.367007684
Adolescent: 0.9 coverage,2097.0,cum_cancers,9211151.961038569,9209789.280269109,9212514.64180803
Adolescent: 0.9 coverage,2097.0,cum_cancers,9239768.410098717,9237290.787577637,9242246.032619799
Adolescent: 0.9 coverage,2097.0,cum_cancers,9270366.949968154,9267269.924385004,9273463.975551303
Adolescent: 0.9 coverage,2097.0,cum_cancers,9302328.178097062,9299726.676735695,9304929.679458428
Adolescent: 0.9 coverage,2098.0,cum_cancers,9332555.075492397,9330201.336241921,9334908.81474287
Adolescent: 0.9 coverage,2098.0,cum_cancers,9361667.046116136,9357702.857007552,9365631.23522472
Adolescent: 0.9 coverage,2098.0,cum_cancers,9396353.65163621,9392884.98687401,9399822.316398406
Adolescent: 0.9 coverage,2098.0,cum_cancers,9426704.43116688,9421625.315785112,9431783.546548648
Adolescent: 0.9 coverage,2099.0,cum_cancers,9459904.469213387,9454082.068385009,9465726.870041765
Adolescent: 0.9 coverage,2099.0,cum_cancers,9491370.175778704,9482326.874597248,9500413.47696016
Adolescent: 0.9 coverage,2099.0,cum_cancers,9522092.59613595,9512553.772629444,9531631.419642456
Adolescent: 0.9 coverage,2099.0,cum_cancers,9553682.183562886,9546992.618572213,9560371.74855356
Adolescent: 0.9 coverage,2100.0,cum_cancers,9582050.869501477,9574494.139337845,9589607.599665109
Infants: 0.528 efficacy,1960.0,cancers,0.0,0.0,0.0
Infants: 0.528 efficacy,1960.0,cancers,0.0,0.0,0.0
Infants: 0.528 efficacy,1960.0,cancers,0.0,0.0,0.0
Infants: 0.528 efficacy,1960.0,cancers,0.0,0.0,0.0
Infants: 0.528 efficacy,1961.0,cancers,0.0,0.0,0.0
Infants: 0.528 efficacy,1961.0,cancers,0.0,0.0,0.0
Infants: 0.528 efficacy,1961.0,cancers,0.0,0.0,0.0
Infants: 0.528 efficacy,1961.0,cancers,0.0,0.0,0.0
Infants: 0.528 efficacy,1962.0,cancers,0.0,0.0,0.0
Infants: 0.528 efficacy,1962.0,cancers,0.0,0.0,0.0
Infants: 0.528 efficacy,1962.0,cancers,0.0,0.0,0.0
Infants: 0.528 efficacy,1962.0,cancers,0.0,0.0,0.0
Infants: 0.528 efficacy,1963.0,cancers,247.76147403287825,0.0,495.5229480657565
Infants: 0.528 efficacy,1963.0,cancers,0.0,0.0,0.0
Infants: 0.528 efficacy,1963.0,cancers,247.76147403287825,0.0,495.5229480657565
Infants: 0.528 efficacy,1963.0,cancers,123.88073701643913,0.0,247.76147403287825
Infants: 0.528 efficacy,1964.0,cancers,0.0,0.0,0.0
Infants: 0.528 efficacy,1964.0,cancers,0.0,0.0,0.0
Infants: 0.528 efficacy,1964.0,cancers,247.76147403287825,247.76147403287825,247.76147403287825
Infants: 0.528 efficacy,1964.0,cancers,247.76147403287825,247.76147403287825,247.76147403287825
Infants: 0.528 efficacy,1965.0,cancers,371.6422110493174,247.76147403287825,495.5229480657565
Infants: 0.528 efficacy,1965.0,cancers,247.76147403287825,0.0,495.5229480657565
Infants: 0.528 efficacy,1965.0,cancers,371.6422110493174,247.76147403287825,495.5229480657565
Infants: 0.528 efficacy,1965.0,cancers,495.5229480657565,247.76147403287825,743.2844220986348
Infants: 0.528 efficacy,1966.0,cancers,371.6422110493174,247.76147403287825,495.5229480657565
Infants: 0.528 efficacy,1966.0,cancers,371.6422110493174,247.76147403287825,495.5229480657565
Infants: 0.528 efficacy,1966.0,cancers,867.1651591150738,495.5229480657565,1238.8073701643912
Infants: 0.528 efficacy,1966.0,cancers,371.6422110493174,247.76147403287825,495.5229480657565
Infants: 0.528 efficacy,1967.0,cancers,867.165159115074,743.2844220986348,991.045896131513
Infants: 0.528 efficacy,1967.0,cancers,619.4036850821956,495.5229480657565,743.2844220986348
Infants: 0.528 efficacy,1967.0,cancers,1486.56885804202,991.0459238210141,1982.091792263026
Infants: 0.528 efficacy,1967.0,cancers,991.0459099762635,495.5229480657565,1486.5688718867705
Infants: 0.528 efficacy,1968.0,cancers,743.2844082538843,247.76147403287825,1238.8073424748902
Infants: 0.528 efficacy,1968.0,cancers,619.4036850821956,495.5229480657565,743.2844220986348
Infants: 0.528 efficacy,1968.0,cancers,495.5229480657565,247.76147403287825,743.2844220986348
Infants: 0.528 efficacy,1968.0,cancers,1238.8073840091417,991.045896131513,1486.5688718867705
Infants: 0.528 efficacy,1969.0,cancers,619.4036850821956,495.5229480657565,743.2844220986348
Infants: 0.528 efficacy,1969.0,cancers,1114.9266469927027,991.0459238210141,1238.8073701643912
Infants: 0.528 efficacy,1969.0,cancers,1858.2110275570858,1238.8073978538923,2477.6146572602793
Infants: 0.528 efficacy,1969.0,cancers,1362.6881071808305,991.045896131513,1734.330318230148
Infants: 0.528 efficacy,1970.0,cancers,2353.7339340885906,2229.853210916902,2477.6146572602793
Infants: 0.528 efficacy,1970.0,cancers,2601.495408121469,2477.6146849497804,2725.3761312931574
Infants: 0.528 efficacy,1970.0,cancers,1486.5688580420199,1238.8073701643912,1734.3303459196486
Infants: 0.528 efficacy,1970.0,cancers,619.4036850821956,495.5229480657565,743.2844220986348
Infants: 0.528 efficacy,1971.0,cancers,1486.5688441972695,991.045896131513,1982.091792263026
Infants: 0.528 efficacy,1971.0,cancers,2105.9725154347143,743.2844220986348,3468.660608770794
Infants: 0.528 efficacy,1971.0,cancers,2477.6147126392816,1734.3303736091498,3220.899051669413
Infants: 0.528 efficacy,1971.0,cancers,2353.7340033123437,1982.0918199525272,2725.3761866721597
Infants: 0.528 efficacy,1972.0,cancers,2601.495408121469,2229.853183227401,2973.1376330155367
Infants: 0.528 efficacy,1972.0,cancers,4088.064238473988,2973.137660705038,5202.990816242938
Infants: 0.528 efficacy,1972.0,cancers,2973.1376330155367,2725.3761866721597,3220.8990793589137
Infants: 0.528 efficacy,1972.0,cancers,4459.706491057557,3964.1835568365505,4955.229425278563
Infants: 0.528 efficacy,1973.0,cancers,3220.899134737916,2973.1376883945386,3468.6605810812935
Infants: 0.528 efficacy,1973.0,cancers,2353.734017157094,2229.8532939854053,2477.6147403287823
Infants: 0.528 efficacy,1973.0,cancers,4211.9449893351775,3716.4220551141716,4707.467923556183
Infants: 0.528 efficacy,1973.0,cancers,2105.9725154347143,1982.091792263026,2229.853238606403
Infants: 0.528 efficacy,1974.0,cancers,3840.302819820112,2725.3761589826586,4955.229480657566
Infants: 0.528 efficacy,1974.0,cancers,5450.752290275816,4211.944975490427,6689.559605061206
Infants: 0.528 efficacy,1974.0,cancers,3097.018370031976,2973.1376330155367,3220.8991070484153
Infants: 0.528 efficacy,1974.0,cancers,6441.798144873078,5698.513764308695,7185.082525437461
Infants: 0.528 efficacy,1975.0,cancers,4088.0642800082396,3468.660608770794,4707.467951245685
Infants: 0.528 efficacy,1975.0,cancers,5450.752857910587,3716.4221658721763,7185.083549948999
Infants: 0.528 efficacy,1975.0,cancers,3716.422027424671,3716.4220274246704,3716.422027424671
Infants: 0.528 efficacy,1975.0,cancers,5202.990788553438,4707.467895866683,5698.5136812401915
Infants: 0.528 efficacy,1976.0,cancers,4459.706421833804,2477.61468494978,6441.798158717828
Infants: 0.528 efficacy,1976.0,cancers,3716.4220274246704,3716.4219997351693,3716.4220551141716
Infants: 0.528 efficacy,1976.0,cancers,3964.18352914705,2973.137660705038,4955.2293975890625
Infants: 0.528 efficacy,1976.0,cancers,4583.5871311607425,3964.183501457549,5202.990760863936
Infants: 0.528 efficacy,1977.0,cancers,5574.633096516009,5202.990982379944,5946.275210652072
Infants: 0.528 efficacy,1977.0,cancers,5946.275252186324,4211.944975490427,7680.60552888222
Infants: 0.528 efficacy,1977.0,cancers,3840.302750596359,3468.660525702291,4211.944975490427
Infants: 0.528 efficacy,1977.0,cancers,6937.321563660352,6441.798518681342,7432.8446086393615
Infants: 0.528 efficacy,1978.0,cancers,4707.467909711433,3716.4219720456686,5698.513847377198
Infants: 0.528 efficacy,1978.0,cancers,5079.110120760751,4211.944975490427,5946.275266031074
Infants: 0.528 efficacy,1978.0,cancers,5326.871553259378,4955.22934221006,5698.5137643086955
Infants: 0.528 efficacy,1978.0,cancers,6689.559618905957,5946.275293720576,7432.843944091338
Infants: 0.528 efficacy,1979.0,cancers,7432.844594794613,4707.467978935187,10158.22121065404
Infants: 0.528 efficacy,1979.0,cancers,6937.321079094085,5202.990760863936,8671.651397324233
Infants: 0.528 efficacy,1979.0,cancers,6070.155947668511,5946.27518296257,6194.036712374452
Infants: 0.528 efficacy,1979.0,cancers,9043.294619040338,8423.891058560896,9662.698179519779
Infants: 0.528 efficacy,1980.0,cancers,7185.082719263968,5202.990871621941,9167.174566905996
Infants: 0.528 efficacy,1980.0,cancers,7804.486971980936,7185.08330074349,8423.890643218381
Infants: 0.528 efficacy,1980.0,cancers,4831.348785175378,4211.945141627434,5450.752428723322
Infants: 0.528 efficacy,1980.0,cancers,5946.275196807321,4955.229342210059,6937.321051404582
Infants: 0.528 efficacy,1981.0,cancers,8176.128684619234,7185.082719263968,9167.1746499745
Infants: 0.528 efficacy,1981.0,cancers,6194.036670840199,5450.7522902758155,6937.321051404582
Infants: 0.528 efficacy,1981.0,cancers,7556.724736486779,6441.798158717829,8671.651314255729
Infants: 0.528 efficacy,1981.0,cancers,6689.559660440207,6441.798214096831,6937.321106783584
Infants: 0.528 efficacy,1982.0,cancers,9910.459570484152,8176.128947669493,11644.790193298812
Infants: 0.528 efficacy,1982.0,cancers,6317.91744939089,5698.5136812401915,6937.321217541588
Infants: 0.528 efficacy,1982.0,cancers,8547.77139407957,7185.08277464297,9910.460013516169
Infants: 0.528 efficacy,1982.0,cancers,7680.605736553478,7680.605390434715,7680.6060826722405
Infants: 0.528 efficacy,1983.0,cancers,8300.009227809165,7432.844054849342,9167.17440076899
Infants: 0.528 efficacy,1983.0,cancers,8423.890684752632,7432.844414812856,9414.936954692408
Infants: 0.528 efficacy,1983.0,cancers,7556.724722642028,5946.275266031074,9167.174179252981
Infants: 0.528 efficacy,1983.0,cancers,7928.366906001845,7432.844054849342,8423.889757154348
Infants: 0.528 efficacy,1984.0,cancers,9414.936511660391,7680.605722708728,11149.267300612057
Infants: 0.528 efficacy,1984.0,cancers,6441.798144873077,6441.798075649325,6441.79821409683
Infants: 0.528 efficacy,1984.0,cancers,7308.963414746156,6689.559660440207,7928.367169052104
Infants: 0.528 efficacy,1984.0,cancers,7928.367099828352,7432.843999470339,8423.890200186364
Infants: 0.528 efficacy,1985.0,cancers,7804.48629358816,7185.082525437461,8423.890061738859
Infants: 0.528 efficacy,1985.0,cancers,8547.770895668551,7680.605501192718,9414.936290144384
Infants: 0.528 efficacy,1985.0,cancers,8176.1284492584755,6689.559605061206,9662.697293455745
Infants: 0.528 efficacy,1985.0,cancers,6194.037113872217,5698.513819687697,6689.5604080567355
Infants: 0.528 efficacy,1986.0,cancers,9167.174566905996,9167.174290010988,9167.174843801007
Infants: 0.528 efficacy,1986.0,cancers,9662.69819336453,8423.890310944367,10901.50607578469
Infants: 0.528 efficacy,1986.0,cancers,9662.698151830276,8423.890283254867,10901.506020405686
Infants: 0.528 efficacy,1986.0,cancers,6937.321259075841,6194.036629305948,7680.605888845734
Infants: 0.528 efficacy,1987.0,cancers,9043.293705286804,6689.559660440207,11397.027750133399
Infants: 0.528 efficacy,1987.0,cancers,8919.413217475872,6441.79846330234,11397.027971649406
Infants: 0.528 efficacy,1987.0,cancers,9043.294314455825,8671.65217263026,9414.93645628139
Infants: 0.528 efficacy,1987.0,cancers,9291.055622351698,8671.652504904272,9910.458739799122
Infants: 0.528 efficacy,1988.0,cancers,9538.817359434834,7928.367529015617,11149.267189854052
Infants: 0.528 efficacy,1988.0,cancers,7680.605944224735,5946.275210652072,9414.936677797397
Infants: 0.528 efficacy,1988.0,cancers,7556.724971847538,6937.321494436599,8176.1284492584755
Infants: 0.528 efficacy,1988.0,cancers,10653.744269477798,9662.698124140776,11644.79041481482
Infants: 0.528 efficacy,1989.0,cancers,8671.651397324233,8176.128393879473,9167.17440076899
Infants: 0.528 efficacy,1989.0,cancers,9167.174636129748,8176.128393879473,10158.220878380025
Infants: 0.528 efficacy,1989.0,cancers,11520.908860958101,11397.02752861739,11644.790193298813
Infants: 0.528 efficacy,1989.0,cancers,9291.056065383713,8919.41395124765,9662.698179519777
Infants: 0.528 efficacy,1990.0,cancers,10529.863186342596,8423.890061738859,12635.836310946333
Infants: 0.528 efficacy,1990.0,cancers,8423.88986791235,7432.844110228343,9414.935625596358
Infants: 0.528 efficacy,1990.0,cancers,9291.055788488704,7185.082497747961,11397.029079229447
Infants: 0.528 efficacy,1990.0,cancers,9167.17440076899,7185.082940779977,11149.265860758003
Infants: 0.528 efficacy,1991.0,cancers,10529.863463237605,9662.69795800377,11397.028968471443
Infants: 0.528 efficacy,1991.0,cancers,11025.38630054536,9414.9367331764,12635.835867914318
Infants: 0.528 efficacy,1991.0,cancers,9414.93642859189,9167.175674486038,9662.69718269774
Infants: 0.528 efficacy,1991.0,cancers,8300.00962930693,5450.75240103382,11149.26685758004
Infants: 0.528 efficacy,1992.0,cancers,9043.293871423808,8919.412677530603,9167.175065317015
Infants: 0.528 efficacy,1992.0,cancers,8176.129155340752,7185.082553126962,9167.175757554542
Infants: 0.528 efficacy,1992.0,cancers,9786.578404280448,9167.174511526995,10405.982297033901
Infants: 0.528 efficacy,1992.0,cancers,10653.744186409294,10405.982518549908,10901.50585426868
Infants: 0.528 efficacy,1993.0,cancers,10158.220573795514,9167.174290010986,11149.266857580042
Infants: 0.528 efficacy,1993.0,cancers,9167.174677664001,8671.652061872257,9662.697293455745
Infants: 0.528 efficacy,1993.0,cancers,7556.7250410712895,6441.79818640733,8671.65189573525
Infants: 0.528 efficacy,1993.0,cancers,9910.459681242157,9910.459348968145,9910.460013516169
Infants: 0.528 efficacy,1994.0,cancers,8176.129376856759,7928.36733518911,8423.891418524408
Infants: 0.528 efficacy,1994.0,cancers,9167.175162230269,8671.651812666747,9662.69851179379
Infants: 0.528 efficacy,1994.0,cancers,8671.651729598245,7928.366947536097,9414.936511660393
Infants: 0.528 efficacy,1994.0,cancers,10034.340072139832,8671.651286566228,11397.028857713438
Infants: 0.528 efficacy,1995.0,cancers,10529.862189520558,6937.321051404582,14122.403327636535
Infants: 0.528 efficacy,1995.0,cancers,9910.459293589141,9662.698068761774,10158.22051841651
Infants: 0.528 efficacy,1995.0,cancers,11149.266414548027,9167.174179252983,13131.358649843069
Infants: 0.528 efficacy,1995.0,cancers,8176.128560016479,7432.844387123354,8919.412732909605
Infants: 0.528 efficacy,1996.0,cancers,10529.863366324353,9910.459653552656,11149.26707909605
Infants: 0.528 efficacy,1996.0,cancers,11520.909442437622,9910.459681242155,13131.359203633088
Infants: 0.528 efficacy,1996.0,cancers,12016.432501261383,9662.698567172793,14370.166435349973
Infants: 0.528 efficacy,1996.0,cancers,10653.74379875628,10405.982186275896,10901.505411236663
Infants: 0.528 efficacy,1997.0,cancers,11644.790525572826,11149.267079096051,12140.3139720496
Infants: 0.528 efficacy,1997.0,cancers,10282.101809222971,8671.652089561758,11892.551528884185
Infants: 0.528 efficacy,1997.0,cancers,10034.34001676083,9662.69773648776,10405.982297033901
Infants: 0.528 efficacy,1997.0,cancers,10777.624646530723,10158.22129372254,11397.027999338907
Infants: 0.528 efficacy,1998.0,cancers,10034.33973986582,8176.128615395481,11892.55086433616
Infants: 0.528 efficacy,1998.0,cancers,8795.532563527937,7680.605501192718,9910.459625863155
Infants: 0.528 efficacy,1998.0,cancers,8052.247726086785,7185.082497747959,8919.412954425612
Infants: 0.528 efficacy,1998.0,cancers,9043.294314455827,7928.368110495139,10158.220518416512
Infants: 0.528 efficacy,1999.0,cancers,10777.624688064974,10653.74462944131,10901.504746688639
Infants: 0.528 efficacy,1999.0,cancers,11520.909027095107,9662.697514971753,13379.120539218462
Infants: 0.528 efficacy,1999.0,cancers,10529.863753977366,9414.936871623906,11644.790636330828
Infants: 0.528 efficacy,1999.0,cancers,10653.743909514285,8423.890172496864,12883.597646531707
Infants: 0.528 efficacy,2000.0,cancers,11025.384916070307,8423.890061738859,13626.879770401756
Infants: 0.528 efficacy,2000.0,cancers,10529.863657064114,9414.936511660393,11644.790802467835
Infants: 0.528 efficacy,2000.0,cancers,10282.101795378221,10158.221515238549,10405.982075517893
Infants: 0.528 efficacy,2000.0,cancers,10529.862604863074,10405.982297033901,10653.742912692247
Infants: 0.528 efficacy,2001.0,cancers,10158.221182964537,8176.129169185502,12140.313196743571
Infants: 0.528 efficacy,2001.0,cancers,13379.119846980935,12635.835923293318,14122.403770668552
Infants: 0.528 efficacy,2001.0,cancers,9910.459653552656,8919.414338900664,10901.504968204648
Infants: 0.528 efficacy,2001.0,cancers,11644.789694887793,11644.789196476775,11644.790193298812
Infants: 0.528 efficacy,2002.0,cancers,10901.505245099659,9910.459072073136,11892.55141812618
Infants: 0.528 efficacy,2002.0,cancers,10777.624549617469,8671.65189573525,12883.597203499688
Infants: 0.528 efficacy,2002.0,cancers,9910.459016694133,9414.936068628376,10405.981964759889
Infants: 0.528 efficacy,2002.0,cancers,10901.505577373668,9414.93595787037,12388.075196876967
Infants: 0.528 efficacy,2003.0,cancers,11149.266386858522,8919.413563594635,13379.11921012241
Infants: 0.528 efficacy,2003.0,cancers,12264.194030673263,11892.551750400193,12635.836310946333
Infants: 0.528 efficacy,2003.0,cancers,10405.9822693444,9662.697238076742,11149.267300612059
Infants: 0.528 efficacy,2003.0,cancers,9043.294009871315,7680.6058334667305,10405.982186275898
Infants: 0.528 efficacy,2004.0,cancers,10777.624826512481,10405.982961581925,11149.266691443036
Infants: 0.528 efficacy,2004.0,cancers,9167.174649974499,8919.413231320623,9414.936068628376
Infants: 0.528 efficacy,2004.0,cancers,12016.432196676873,11892.551861158197,12140.312532195547
Infants: 0.528 efficacy,2004.0,cancers,10529.863269411098,9414.936567039395,11644.789971782802
Infants: 0.528 efficacy,2005.0,cancers,11520.908860958101,11149.266746822039,11892.550975094164
Infants: 0.528 efficacy,2005.0,cancers,10901.50530047866,8919.413342078627,12883.597258878692
Infants: 0.528 efficacy,2005.0,cancers,11520.909414748121,10901.505632752673,12140.31319674357
Infants: 0.528 efficacy,2005.0,cancers,10777.624604996472,10158.221293722541,11397.027916270403
Infants: 0.528 efficacy,2006.0,cancers,13503.000210189111,11397.028968471444,15608.971451906778
Infants: 0.528 efficacy,2006.0,cancers,10282.101435414708,9167.174760732503,11397.028110096911
Infants: 0.528 efficacy,2006.0,cancers,11149.266636064032,10901.505411236663,11397.027860891401
Infants: 0.528 efficacy,2006.0,cancers,10405.982809289671,8919.414200453159,11892.551418126182
Infants: 0.528 efficacy,2007.0,cancers,12016.431753644854,11644.789750266797,12388.073757022914
Infants: 0.528 efficacy,2007.0,cancers,14122.404989006594,12635.836310946332,15608.973667066857
Infants: 0.528 efficacy,2007.0,cancers,12264.19397529426,10653.744407925302,13874.64354266322
Infants: 0.528 efficacy,2007.0,cancers,13007.477442105112,10901.505549684169,15113.449334526053
Infants: 0.528 efficacy,2008.0,cancers,10282.102196875985,8423.891418524408,12140.312975227562
Infants: 0.528 efficacy,2008.0,cancers,15361.21210996548,14865.690546374773,15856.733673556184
Infants: 0.528 efficacy,2008.0,cancers,12511.95525550063,12388.074532328941,12635.835978672321
Infants: 0.528 efficacy,2008.0,cancers,10901.50563275267,10405.982407791904,11397.028857713438
Infants: 0.528 efficacy,2009.0,cancers,10901.505978871435,10405.982961581925,11397.028996160945
Infants: 0.528 efficacy,2009.0,cancers,12264.193753778254,11149.26707909605,13379.120428460457
Infants: 0.528 efficacy,2009.0,cancers,11149.266746822037,9414.936068628376,12883.597425015698
Infants: 0.528 efficacy,2009.0,cancers,13874.6430442522,12635.835314124295,15113.450774380104
Infants: 0.528 efficacy,2010.0,cancers,12016.432418192879,11149.267411370061,12883.597425015696
Infants: 0.528 efficacy,2010.0,cancers,11273.148079162747,10405.982961581925,12140.31319674357
Infants: 0.528 efficacy,2010.0,cancers,11025.386245166355,10901.505632752673,11149.26685758004
Infants: 0.528 efficacy,2010.0,cancers,15485.092279347147,15113.451217412121,15856.733341282172
Infants: 0.528 efficacy,2011.0,cancers,13750.760825847457,13626.879770401756,13874.641881293159
Infants: 0.528 efficacy,2011.0,cancers,12264.193643020248,12140.312642953548,12388.074643086948
Infants: 0.528 efficacy,2011.0,cancers,11025.385995960845,8671.65189573525,13379.120096186443
Infants: 0.528 efficacy,2011.0,cancers,12759.716231122491,10158.220906069526,15361.211556175456
Infants: 0.528 efficacy,2012.0,cancers,10653.744020272288,9662.698511793791,11644.789528750785
Infants: 0.528 efficacy,2012.0,cancers,14617.927438661334,12388.073978538923,16847.780898783745
Infants: 0.528 efficacy,2012.0,cancers,13626.88181942483,13379.120649976465,13874.642988873198
Infants: 0.528 efficacy,2012.0,cancers,13131.358151432049,10158.221515238549,16104.494787625548
Infants: 0.528 efficacy,2013.0,cancers,13503.001096253141,12140.312864469557,14865.689328036728
Infants: 0.528 efficacy,2013.0,cancers,14494.046383215635,11397.028968471444,17591.063797959825
Infants: 0.528 efficacy,2013.0,cancers,13750.761601153485,12635.835314124295,14865.687888182674
Infants: 0.528 efficacy,2013.0,cancers,14865.689604931737,13626.882207077846,16104.497002785629
Infants: 0.528 efficacy,2014.0,cancers,16104.495175278564,14865.68932803673,17343.301022520398
Infants: 0.528 efficacy,2014.0,cancers,13007.478314324393,12883.5974250157,13131.359203633087
Infants: 0.528 efficacy,2014.0,cancers,16352.257286169965,16104.496892027626,16600.017680312303
Infants: 0.528 efficacy,2014.0,cancers,14370.165770801948,13131.358760601071,15608.972781002827
Infants: 0.528 efficacy,2015.0,cancers,14122.40368760005,12883.597258878694,15361.210116321405
Infants: 0.528 efficacy,2015.0,cancers,17095.540296104045,14370.164663221905,19820.915928986185
Infants: 0.528 efficacy,2015.0,cancers,14865.688552730699,14370.166213833963,15361.210891627434
Infants: 0.528 efficacy,2015.0,cancers,14246.28395389497,10405.982075517893,18086.58583227205
Infants: 0.528 efficacy,2016.0,cancers,16476.138784647683,14122.405432038613,18829.872137256752
Infants: 0.528 efficacy,2016.0,cancers,14617.926774113308,13874.643431905215,15361.210116321403
Infants: 0.528 efficacy,2016.0,cancers,14494.04732465867,13131.358871359074,15856.735777958263
Infants: 0.528 efficacy,2016.0,cancers,14246.285103009262,13131.359092875084,15361.211113143441
Infants: 0.528 efficacy,2017.0,cancers,13626.880490328782,9414.9367331764,17838.824247481163
Infants: 0.528 efficacy,2017.0,cancers,15732.853227279506,15608.972227212806,15856.734227346204
Infants: 0.528 efficacy,2017.0,cancers,15113.449334526049,12635.836200188327,17591.062468863773
Infants: 0.528 efficacy,2017.0,cancers,19820.916704292216,17343.301687068422,22298.53172151601
Infants: 0.528 efficacy,2018.0,cancers,15856.733895072191,14865.689549552735,16847.778240591648
Infants: 0.528 efficacy,2018.0,cancers,15361.210725490428,15361.21022707941,15361.211223901446
Infants: 0.528 efficacy,2018.0,cancers,17838.825078166195,16600.018344860327,19077.631811472063
Infants: 0.528 efficacy,2018.0,cancers,13998.524376592912,13626.88231783585,14370.166435349973
Infants: 0.528 efficacy,2019.0,cancers,14989.568306769852,12388.073701643913,17591.06291189579
Infants: 0.528 efficacy,2019.0,cancers,16723.899566443033,15608.973777824864,17838.825355061206
Infants: 0.528 efficacy,2019.0,cancers,15361.211943828472,15113.449334526053,15608.974553130893
Infants: 0.528 efficacy,2019.0,cancers,15113.44983293707,14865.689438794732,15361.21022707941
Infants: 0.528 efficacy,2020.0,cancers,14617.927175611076,13379.120456149958,15856.733895072191
Infants: 0.528 efficacy,2020.0,cancers,15608.972781002827,15361.211223901446,15856.734338104208
Infants: 0.528 efficacy,2020.0,cancers,16971.659517553355,16104.495009141556,17838.824025965154
Infants: 0.528 efficacy,2020.0,cancers,18829.872137256752,16600.01978471438,21059.724489799122
Infants: 0.528 efficacy,2021.0,cancers,17467.183130167137,17343.30290540647,17591.063354927806
Infants: 0.528 efficacy,2021.0,cancers,15608.974027030374,15361.212829892505,15856.735224168242
Infants: 0.528 efficacy,2021.0,cancers,18582.109915607343,15856.733895072191,21307.485936142497
Infants: 0.528 efficacy,2021.0,cancers,17219.421185412742,15856.733562798181,18582.108808027304
Infants: 0.528 efficacy,2022.0,cancers,17467.183573199156,15113.450774380106,19820.916372018204
Infants: 0.528 efficacy,2022.0,cancers,15856.734836515227,14617.926552597302,17095.54312043315
Infants: 0.528 efficacy,2022.0,cancers,15732.852728868487,15361.210891627434,16104.49456610954
Infants: 0.528 efficacy,2022.0,cancers,16104.495396794573,14865.689328036728,17343.301465552417
Infants: 0.528 efficacy,2023.0,cancers,17838.824302860165,17343.3011332784,18334.347472441932
Infants: 0.528 efficacy,2023.0,cancers,20935.84268673689,19077.63120230304,22794.054171170745
Infants: 0.528 efficacy,2023.0,cancers,18829.87130657172,16847.77990196171,20811.96271118173
Infants: 0.528 efficacy,2023.0,cancers,17962.705690579878,17838.825576577212,18086.585804582544
Infants: 0.528 efficacy,2024.0,cancers,16104.495729068583,15608.974442372888,16600.01701576428
Infants: 0.528 efficacy,2024.0,cancers,17838.82546581921,16104.49667051162,19573.1542611268
Infants: 0.528 efficacy,2024.0,cancers,18334.34902305399,18086.58890580666,18582.109140301316
Infants: 0.528 efficacy,2024.0,cancers,17467.183213235643,15361.211223901446,19573.155202569837
Infants: 0.528 efficacy,2025.0,cancers,16352.25745230697,15113.450885138109,17591.06401947583
Infants: 0.528 efficacy,2025.0,cancers,16228.375787692246,15361.211666933463,17095.53990845103
Infants: 0.528 efficacy,2025.0,cancers,20811.962877318736,19573.15559022285,22050.770164414625
Infants: 0.528 efficacy,2025.0,cancers,21183.606375929852,21059.72559737916,21307.487154480543
Infants: 0.528 efficacy,2026.0,cancers,19449.27425788214,19077.632365262085,19820.916150502195
Infants: 0.528 efficacy,2026.0,cancers,19820.91653815521,19325.394033121465,20316.43904318895
Infants: 0.528 efficacy,2026.0,cancers,21431.366825451194,20068.678704425613,22794.054946476776
Infants: 0.528 efficacy,2026.0,cancers,18086.586358372566,17838.824801271185,18334.347915473947
Infants: 0.528 efficacy,2027.0,cancers,21059.72421290411,19820.91714732423,22298.531278483988
Infants: 0.528 efficacy,2027.0,cancers,21183.604991454802,21059.724268283113,21307.48571462649
Infants: 0.528 efficacy,2027.0,cancers,18705.990361884025,17838.825133545197,19573.15559022285
Infants: 0.528 efficacy,2027.0,cancers,20564.20109870135,20564.20060029033,20564.20159711237
Infants: 0.528 efficacy,2028.0,cancers,17095.540794515065,16352.256455484934,17838.825133545197
Infants: 0.528 efficacy,2028.0,cancers,19201.514528287826,16352.258116854993,22050.770939720656
Infants: 0.528 efficacy,2028.0,cancers,22422.414382952767,22050.772490332714,22794.056275572824
Infants: 0.528 efficacy,2028.0,cancers,20935.84360049043,20068.6783721516,21803.008828829254
Infants: 0.528 efficacy,2029.0,cancers,18829.871749603735,18086.58746595261,19573.156033254865
Infants: 0.528 efficacy,2029.0,cancers,18458.22902629865,18086.586801404585,18829.87125119272
Infants: 0.528 efficacy,2029.0,cancers,18334.34858002197,18086.587133678593,18582.11002636535
Infants: 0.528 efficacy,2029.0,cancers,22298.532330685033,20564.202150902387,24032.862510467676
Infants: 0.528 efficacy,2030.0,cancers,20440.320707803672,19573.156808560896,21307.48460704645
Infants: 0.528 efficacy,2030.0,cancers,22422.41316461472,20316.440926075018,24528.385403154425
Infants: 0.528 efficacy,2030.0,cancers,22794.054891097774,19573.155479464847,26014.9543027307
Infants: 0.528 efficacy,2030.0,cancers,21555.24721634887,20068.678704425613,23041.815728272126
Infants: 0.528 efficacy,2031.0,cancers,20811.962268149713,20316.439043188948,21307.485493110482
Infants: 0.528 efficacy,2031.0,cancers,22298.531389241994,16847.77857286566,27749.284205618333
Infants: 0.528 efficacy,2031.0,cancers,22670.174777095108,19573.15614401287,25767.193410177344
Infants: 0.528 efficacy,2031.0,cancers,22174.650887586315,22050.77049668864,22298.53127848399
Infants: 0.528 efficacy,2032.0,cancers,21555.247604001885,20316.440372284997,22794.054835718773
Infants: 0.528 efficacy,2032.0,cancers,23041.817001989177,20316.44070455901,25767.19329941934
Infants: 0.528 efficacy,2032.0,cancers,22917.934672826425,21555.246274905832,24280.623070747017
Infants: 0.528 efficacy,2032.0,cancers,21679.12716421453,20316.439043188948,23041.81528524011
Infants: 0.528 efficacy,2033.0,cancers,18334.347361683926,17838.82435823917,18829.870365128685
Infants: 0.528 efficacy,2033.0,cancers,22174.650887586315,21555.247382485875,22794.054392686754
Infants: 0.528 efficacy,2033.0,cancers,21926.889496621938,21307.484939320464,22546.294053923415
Infants: 0.528 efficacy,2033.0,cancers,20688.08143422002,20068.677486087567,21307.485382352475
Infants: 0.528 efficacy,2034.0,cancers,23908.981842674984,22546.293721649403,25271.66996370057
Infants: 0.528 efficacy,2034.0,cancers,25147.78924052888,23041.816946610175,27253.761534447585
Infants: 0.528 efficacy,2034.0,cancers,23908.98195343299,23041.816392820154,24776.147514045828
Infants: 0.528 efficacy,2034.0,cancers,22298.531832274013,22050.770939720656,22546.292724827366
Infants: 0.528 efficacy,2035.0,cancers,23908.981787295983,20564.20137559636,27253.76219899561
Infants: 0.528 efficacy,2035.0,cancers,22670.174444821096,21803.008828829254,23537.340060812934
Infants: 0.528 efficacy,2035.0,cancers,23785.100288818267,23289.577728405526,24280.622849231007
Infants: 0.528 efficacy,2035.0,cancers,23289.57817143754,22298.531943032016,24280.62439984307
Infants: 0.528 efficacy,2036.0,cancers,22917.934949721435,22546.293500133397,23289.576399309477
Infants: 0.528 efficacy,2036.0,cancers,21183.60465918079,20316.439707736972,22050.769610624604
Infants: 0.528 efficacy,2036.0,cancers,23413.45889460923,18086.585804582544,28740.331984635915
Infants: 0.528 efficacy,2036.0,cancers,27253.761645205588,26014.954081214688,28492.56920919649
Infants: 0.528 efficacy,2037.0,cancers,25519.432019212967,23289.578946743568,27749.285091682363
Infants: 0.528 efficacy,2037.0,cancers,23289.57761764752,22546.29294634338,24032.862288951663
Infants: 0.528 efficacy,2037.0,cancers,26138.83447211237,26014.953195150658,26262.71574907408
Infants: 0.528 efficacy,2037.0,cancers,26758.23864176083,23785.100621092282,29731.37666242938
Infants: 0.528 efficacy,2038.0,cancers,25147.78824370684,21555.24671793785,28740.329769475833
Infants: 0.528 efficacy,2038.0,cancers,25519.43179769696,22546.29327861739,28492.57031677653
Infants: 0.528 efficacy,2038.0,cancers,26510.476697006437,23537.338177926868,29483.615216086007
Infants: 0.528 efficacy,2038.0,cancers,25767.192634871313,24528.385403154425,27005.9998665882
Infants: 0.528 efficacy,2039.0,cancers,20440.320707803672,19573.155700980853,21307.48571462649
Infants: 0.528 efficacy,2039.0,cancers,25519.431077769932,25271.66841308851,25767.193742451353
Infants: 0.528 efficacy,2039.0,cancers,24156.743455155367,21803.00905034526,26510.47785996548
Infants: 0.528 efficacy,2039.0,cancers,24280.624732117078,23785.101064124294,24776.14840010986
Infants: 0.528 efficacy,2040.0,cancers,25395.550963767266,22298.532718338043,28492.56920919649
Infants: 0.528 efficacy,2040.0,cancers,27625.404590026686,26014.954967278725,29235.854212774644
Infants: 0.528 efficacy,2040.0,cancers,29855.257330222066,28244.80720906309,31465.707451381044
Infants: 0.528 efficacy,2040.0,cancers,24776.146406465785,24032.86162440364,25519.431188527935
Infants: 0.528 efficacy,2041.0,cancers,26386.597247551792,25023.908960389206,27749.28553471438
Infants: 0.528 efficacy,2041.0,cancers,24280.62323688402,20811.962268149717,27749.28420561833
Infants: 0.528 efficacy,2041.0,cancers,27006.000032725206,25271.67062824859,28740.32943720182
Infants: 0.528 efficacy,2041.0,cancers,27501.52375609699,25271.66996370057,29731.377548493416
Infants: 0.528 efficacy,2042.0,cancers,27377.642368377277,25023.908295841182,29731.376440913373
Infants: 0.528 efficacy,2042.0,cancers,27253.762088237607,25023.908295841182,29483.615880634028
Infants: 0.528 efficacy,2042.0,cancers,27873.165980991056,24032.86350728971,31713.468454692407
Infants: 0.528 efficacy,2042.0,cancers,23908.981842674984,20811.962268149713,27006.001417200256
Infants: 0.528 efficacy,2043.0,cancers,27501.522759274954,27501.52275927495,27501.522759274958
Infants: 0.528 efficacy,2043.0,cancers,27873.16620250707,27253.762531269625,28492.569873744513
Infants: 0.528 efficacy,2043.0,cancers,25147.789351286883,24776.146849497807,25519.43185307596
Infants: 0.528 efficacy,2043.0,cancers,24652.266126326118,22298.53205379002,27006.000198862213
Infants: 0.528 efficacy,2044.0,cancers,24528.38562467043,23537.33873171688,25519.432517623984
Infants: 0.528 efficacy,2044.0,cancers,23041.817223505182,22546.295604535473,23537.338842474892
Infants: 0.528 efficacy,2044.0,cancers,27873.165039548025,27253.760869899565,28492.56920919649
Infants: 0.528 efficacy,2044.0,cancers,27997.046538025745,26758.237534180793,29235.855541870693
Infants: 0.528 efficacy,2045.0,cancers,23785.1011748823,22546.294275439424,25023.908074325176
Infants: 0.528 efficacy,2045.0,cancers,26758.23947244586,25519.431410043944,27997.047534847778
Infants: 0.528 efficacy,2045.0,cancers,28120.92720581843,27749.284980924363,28492.569430712498
Infants: 0.528 efficacy,2045.0,cancers,27377.6429221673,25767.192856387323,28988.092987947275
Infants: 0.528 efficacy,2046.0,cancers,26262.715749074076,24280.623292263022,28244.80820588513
Infants: 0.528 efficacy,2046.0,cancers,27377.64275603029,26262.716413622104,28492.569098438482
Infants: 0.528 efficacy,2046.0,cancers,24032.86295349969,22794.054614202763,25271.67129279662
Infants: 0.528 efficacy,2046.0,cancers,27873.165482580043,26758.238198728817,28988.092766431266
Infants: 0.528 efficacy,2047.0,cancers,27625.403482446643,27501.52187321092,27749.285091682366
Infants: 0.528 efficacy,2047.0,cancers,28864.210160373514,26262.714863010046,31465.705457736978
Infants: 0.528 efficacy,2047.0,cancers,23165.696617580823,22050.770053656623,24280.623181505023
Infants: 0.528 efficacy,2047.0,cancers,27253.761700584593,26262.71508452605,28244.808316643135
Infants: 0.528 efficacy,2048.0,cancers,23289.57783916353,23041.816282062147,23537.33939626491
Infants: 0.528 efficacy,2048.0,cancers,30474.660890701507,27501.520544114872,33447.80123728814
Infants: 0.528 efficacy,2048.0,cancers,24404.504846119744,22546.293278617388,26262.7164136221
Infants: 0.528 efficacy,2048.0,cancers,28616.450430779194,27749.2859777464,29483.61488381199
Infants: 0.528 efficacy,2049.0,cancers,29607.496271531705,26758.238863276838,32456.753679786572
Infants: 0.528 efficacy,2049.0,cancers,27005.999478935184,22794.054835718773,31217.9441221516
Infants: 0.528 efficacy,2049.0,cancers,25147.789462044886,24032.862288951663,26262.71663513811
Infants: 0.528 efficacy,2049.0,cancers,27377.642146861268,26014.95297363465,28740.33132008789
Infants: 0.528 efficacy,2050.0,cancers,25271.67062824859,24528.38540315443,26014.955853342755
Infants: 0.528 efficacy,2050.0,cancers,23289.57861446956,21059.72415752511,25519.43307141401
Infants: 0.528 efficacy,2050.0,cancers,28740.33109857188,26510.47763844947,30970.184558694295
Infants: 0.528 efficacy,2050.0,cancers,26634.357697073137,26262.71552755807,27005.9998665882
Infants: 0.528 efficacy,2051.0,cancers,26138.834361354362,24280.622849231007,27997.045873477717
Infants: 0.528 efficacy,2051.0,cancers,28120.92565520637,24528.385292396422,31713.46601801632
Infants: 0.528 efficacy,2051.0,cancers,25519.43240686598,25271.67217886065,25767.192634871313
Infants: 0.528 efficacy,2051.0,cancers,23908.981565779977,22794.054835718773,25023.908295841182
Infants: 0.528 efficacy,2052.0,cancers,29235.854212774644,27501.52342382298,30970.18500172631
Infants: 0.528 efficacy,2052.0,cancers,28616.450486158195,26510.47785996548,30722.423112350916
Infants: 0.528 efficacy,2052.0,cancers,30722.422226286886,27253.763085059643,34191.081367514125
Infants: 0.528 efficacy,2052.0,cancers,29359.73571125236,26758.23974934087,31961.231673163853
Infants: 0.528 efficacy,2053.0,cancers,28864.21237553359,27501.525195951042,30226.899555116135
Infants: 0.528 efficacy,2053.0,cancers,29855.258050149096,29235.85376974263,30474.662330555566
Infants: 0.528 efficacy,2053.0,cancers,24404.50551066777,24280.625175149096,24528.385846186444
Infants: 0.528 efficacy,2053.0,cancers,26758.23886327684,24032.86273198368,29483.614994569998
Infants: 0.528 efficacy,2054.0,cancers,28120.92670740741,27006.00141720026,29235.85199761456
Infants: 0.528 efficacy,2054.0,cancers,28616.449378578152,27997.045873477717,29235.85288367859
Infants: 0.528 efficacy,2054.0,cancers,26262.71475225204,25023.908074325176,27501.521430178906
Infants: 0.528 efficacy,2054.0,cancers,20192.55887380728,18334.34802623195,22050.76972138261
Infants: 0.528 efficacy,2055.0,cancers,27625.402485624603,26758.23598356873,28492.568987680475
Infants: 0.528 efficacy,2055.0,cancers,26138.83480438638,25519.432739139997,26758.236869632765
Infants: 0.528 efficacy,2055.0,cancers,26758.23830948682,25271.67062824859,28244.805990725046
Infants: 0.528 efficacy,2055.0,cancers,27873.16570409605,26510.476973901445,29235.85443429065
Infants: 0.528 efficacy,2056.0,cancers,25643.31229935264,25023.909181905216,26262.715416800063
Infants: 0.528 efficacy,2056.0,cancers,29359.733717608287,28740.330877055872,29979.136558160702
Infants: 0.528 efficacy,2056.0,cancers,25395.549856187223,23289.576953099495,27501.522759274954
Infants: 0.528 efficacy,2056.0,cancers,26758.23886327684,24280.62417832706,29235.85354822662
Infants: 0.528 efficacy,2057.0,cancers,26510.477970723485,26014.95541031074,27006.000531136226
Infants: 0.528 efficacy,2057.0,cancers,30598.540561672162,30474.659340089456,30722.421783254864
Infants: 0.528 efficacy,2057.0,cancers,27253.76053762555,26262.71530604206,28244.805769209037
Infants: 0.528 efficacy,2057.0,cancers,25891.07169667294,24032.861402887633,27749.28199045825
Infants: 0.528 efficacy,2058.0,cancers,28988.091105061205,28740.32844037978,29235.853769742625
Infants: 0.528 efficacy,2058.0,cancers,30350.779392223794,30226.900441180172,30474.658343267416
Infants: 0.528 efficacy,2058.0,cancers,25643.311357909606,24776.146295707786,26510.476420111427
Infants: 0.528 efficacy,2058.0,cancers,30598.54006326114,27997.0454304457,33200.03469607658
Infants: 0.528 efficacy,2059.0,cancers,25643.31180094162,25271.668191572502,26014.955410310737
Infants: 0.528 efficacy,2059.0,cancers,28120.9263751334,27006.002303264293,29235.850447002504
Infants: 0.528 efficacy,2059.0,cancers,23908.98029206293,23785.099070480224,24032.861513645636
Infants: 0.528 efficacy,2059.0,cancers,24776.146517223795,23289.576399309477,26262.71663513811
Infants: 0.528 efficacy,2060.0,cancers,26014.953970456685,23041.817389642187,28988.090551271183
Infants: 0.528 efficacy,2060.0,cancers,30103.01650602636,28492.56632948838,31713.466682564344
Infants: 0.528 efficacy,2060.0,cancers,26138.83369680634,23289.57728537351,28988.090108239172
Infants: 0.528 efficacy,2060.0,cancers,27749.284316376332,26758.23753418079,28740.331098571878
Infants: 0.528 efficacy,2061.0,cancers,28244.80643375706,24528.384295574386,31961.228571939737
Infants: 0.528 efficacy,2061.0,cancers,26014.953195150658,24776.146849497803,27253.759540803512
Infants: 0.528 efficacy,2061.0,cancers,26262.714198462018,24032.860627581602,28492.567769342437
Infants: 0.528 efficacy,2061.0,cancers,27997.044765897677,27749.284870166357,28244.804661628998
Infants: 0.528 efficacy,2062.0,cancers,26758.237035769773,26262.714530736033,27253.759540803512
Infants: 0.528 efficacy,2062.0,cancers,27005.99837135514,25271.668634604517,28740.32810810577
Infants: 0.528 efficacy,2062.0,cancers,26510.4758663214,24528.384738606404,28492.566994036402
Infants: 0.528 efficacy,2062.0,cancers,26882.118478868488,25767.192191839298,27997.044765897677
Infants: 0.528 efficacy,2063.0,cancers,25767.192468734305,24776.14884314188,26758.236094326734
Infants: 0.528 efficacy,2063.0,cancers,22794.05538950879,20068.679368973637,25519.431410043944
Infants: 0.528 efficacy,2063.0,cancers,25643.310637982577,25023.906634471117,26262.714641494036
Infants: 0.528 efficacy,2063.0,cancers,30474.658620162423,29483.61300092592,31465.704239398925
Infants: 0.528 efficacy,2064.0,cancers,31589.585239465625,30970.18156822818,32208.988910703072
Infants: 0.528 efficacy,2064.0,cancers,27625.401433423565,24776.144191305706,30474.658675541425
Infants: 0.528 efficacy,2064.0,cancers,24156.74295674435,24032.863175015696,24280.622738473005
Infants: 0.528 efficacy,2064.0,cancers,25767.191028880254,24776.14452357972,26758.237534180793
Infants: 0.528 efficacy,2065.0,cancers,26510.476973901445,25023.908295841182,27997.045651961707
Infants: 0.528 efficacy,2065.0,cancers,25519.430136326897,23041.8150637241,27997.04520892969
Infants: 0.528 efficacy,2065.0,cancers,25147.787579158816,23537.338510200876,26758.236648116756
Infants: 0.528 efficacy,2065.0,cancers,24280.624344464064,22298.53349364407,26262.715195284058
Infants: 0.528 efficacy,2066.0,cancers,28120.92587672238,26510.47785996548,29731.37389347928
Infants: 0.528 efficacy,2066.0,cancers,26386.59558618173,24280.62506439109,28492.566107972372
Infants: 0.528 efficacy,2066.0,cancers,28988.09044051318,27501.52076563088,30474.66011539548
Infants: 0.528 efficacy,2066.0,cancers,24032.860406065593,22298.53017090395,25767.190641227236
Infants: 0.528 efficacy,2067.0,cancers,27377.640540870212,22546.291506489324,32208.989575251097
Infants: 0.528 efficacy,2067.0,cancers,26014.952419844627,25519.42841957783,26510.476420111423
Infants: 0.528 efficacy,2067.0,cancers,28492.567326310418,28244.805990725043,28740.328661895794
Infants: 0.528 efficacy,2067.0,cancers,27129.879205284837,23289.576842341492,30970.18156822818
Infants: 0.528 efficacy,2068.0,cancers,24280.624455222067,23289.579057501574,25271.669852942563
Infants: 0.528 efficacy,2068.0,cancers,24900.026852742463,22546.294275439424,27253.759430045506
Infants: 0.528 efficacy,2068.0,cancers,24032.86118137162,23289.576510067476,24776.145852675767
Infants: 0.528 efficacy,2068.0,cancers,28368.68610472771,27749.28287652228,28988.089332933137
Infants: 0.528 efficacy,2069.0,cancers,25767.192025702294,23785.101507156312,27749.28254424827
Infants: 0.528 efficacy,2069.0,cancers,25271.668579225516,23537.33939626491,27005.99776218612
Infants: 0.528 efficacy,2069.0,cancers,28492.567769342437,28492.565886456367,28492.569652228507
Infants: 0.528 efficacy,2069.0,cancers,24900.02718501648,22794.055721782803,27005.998648250155
Infants: 0.528 efficacy,2070.0,cancers,26138.83470747313,26014.9543027307,26262.715112215556
Infants: 0.528 efficacy,2070.0,cancers,23537.340005433933,22546.294496955434,24528.38551391243
Infants: 0.528 efficacy,2070.0,cancers,26510.475921700407,24776.14696025581,28244.804883145003
Infants: 0.528 efficacy,2070.0,cancers,29731.375665607346,28988.09176960923,30474.659561605462
Infants: 0.528 efficacy,2071.0,cancers,27873.16481803202,27749.283098038293,27997.04653802574
Infants: 0.528 efficacy,2071.0,cancers,25147.789129770877,24528.385292396422,25767.19296714533
Infants: 0.528 efficacy,2071.0,cancers,27377.640762386218,27005.998426734146,27749.283098038293
Infants: 0.528 efficacy,2071.0,cancers,24652.26546177809,23041.81617130414,26262.71475225204
Infants: 0.528 efficacy,2072.0,cancers,27873.16531644303,25767.19307790333,29979.13755498274
Infants: 0.528 efficacy,2072.0,cancers,31713.467014838356,31713.466239532325,31713.467790144387
Infants: 0.528 efficacy,2072.0,cancers,26634.35786321014,25271.670739006597,27997.044987413683
Infants: 0.528 efficacy,2072.0,cancers,26882.117869699465,25023.907077503136,28740.328661895794
Infants: 0.528 efficacy,2073.0,cancers,24528.38568004944,24280.624067569053,24776.147292529822
Infants: 0.528 efficacy,2073.0,cancers,27129.879482179844,25767.190862743246,28492.568101616445
Infants: 0.528 efficacy,2073.0,cancers,30350.778672296765,27253.76219899561,33447.79514559792
Infants: 0.528 efficacy,2073.0,cancers,30846.303115595576,25767.193188661335,35925.41304252982
Infants: 0.528 efficacy,2074.0,cancers,27253.761479068584,25767.19407472537,28740.3288834118
Infants: 0.528 efficacy,2074.0,cancers,23785.100178060264,23537.33828868487,24032.862067435657
Infants: 0.528 efficacy,2074.0,cancers,25891.073745696016,25271.66918839454,26510.478302997493
Infants: 0.528 efficacy,2074.0,cancers,25891.07413334903,25767.19363169335,26014.95463500471
Infants: 0.528 efficacy,2075.0,cancers,26510.47788765498,23041.81822032722,29979.13755498274
Infants: 0.528 efficacy,2075.0,cancers,26014.955050347227,24032.86375649522,27997.046344199232
Infants: 0.528 efficacy,2075.0,cancers,23537.33961778092,21307.48704372254,25767.192191839298
Infants: 0.528 efficacy,2075.0,cancers,26014.953416666667,25519.430634737917,26510.476198595417
Infants: 0.528 efficacy,2076.0,cancers,27006.00025424121,25519.431520801947,28492.56898768048
Infants: 0.528 efficacy,2076.0,cancers,28368.68782147678,28244.80554769303,28492.570095260522
Infants: 0.528 efficacy,2076.0,cancers,27377.642451445783,27006.00042037822,27749.284482513343
Infants: 0.528 efficacy,2076.0,cancers,26138.83563507141,25519.43240686598,26758.23886327684
Infants: 0.528 efficacy,2077.0,cancers,24280.623569158037,23289.57761764752,25271.66952066855
Infants: 0.528 efficacy,2077.0,cancers,26758.238392555322,26758.2378664548,26758.238918655843
Infants: 0.528 efficacy,2077.0,cancers,26758.239804719873,23785.102614736352,29731.376994703394
Infants: 0.528 efficacy,2077.0,cancers,27873.165094927026,26510.47730617546,29235.852883678595
Infants: 0.528 efficacy,2078.0,cancers,31713.46712559636,31217.94301457156,32208.991236621157
Infants: 0.528 efficacy,2078.0,cancers,27006.00030962022,26014.954967278725,27997.04565196171
Infants: 0.528 efficacy,2078.0,cancers,27501.523368443977,24776.148732383874,30226.89800450408
Infants: 0.528 efficacy,2078.0,cancers,26510.477859965475,24776.147735561837,28244.807984369116
Infants: 0.528 efficacy,2079.0,cancers,24032.86235817542,23289.577949921535,24776.1467664293
Infants: 0.528 efficacy,2079.0,cancers,26758.238974034844,26014.9543027307,27501.523645338988
Infants: 0.528 efficacy,2079.0,cancers,29235.853880500632,28492.569430712498,29979.13833028877
Infants: 0.528 efficacy,2079.0,cancers,29111.972382022916,26758.23875251884,31465.706011526992
Infants: 0.528 efficacy,2080.0,cancers,27997.04698105776,25519.432960656006,30474.661001459513
Infants: 0.528 efficacy,2080.0,cancers,24776.14726484032,24528.384960122414,25023.90956955823
Infants: 0.528 efficacy,2080.0,cancers,26014.95485652072,25023.909514179228,27006.00019886221
Infants: 0.528 efficacy,2080.0,cancers,26758.238392555322,24776.146129570778,28740.330655539867
Infants: 0.528 efficacy,2081.0,cancers,29607.494942435656,28492.56876616447,30722.421118706843
Infants: 0.528 efficacy,2081.0,cancers,26758.238697139834,25271.670572869592,28244.806821410075
Infants: 0.528 efficacy,2081.0,cancers,24528.384973967164,24280.62362453704,24776.146323397286
Infants: 0.528 efficacy,2081.0,cancers,29359.73427139831,25271.670849764603,33447.797693032015
Infants: 0.528 efficacy,2082.0,cancers,25891.07323344025,23785.100482644775,27997.045984235723
Infants: 0.528 efficacy,2082.0,cancers,26014.95330590866,25519.430302463905,26510.47630935342
Infants: 0.528 efficacy,2082.0,cancers,26262.714904544293,26014.954441178204,26510.475367910385
Infants: 0.528 efficacy,2082.0,cancers,25395.549468534213,23785.10062109228,27005.998315976143
Infants: 0.528 efficacy,2083.0,cancers,26758.238600226578,26014.953998146186,27501.52320230697
Infants: 0.528 efficacy,2083.0,cancers,27253.76131293158,23785.09973502825,30722.422890834907
Infants: 0.528 efficacy,2083.0,cancers,28740.329063393554,26014.952530602633,31465.705596184478
Infants: 0.528 efficacy,2083.0,cancers,30846.302021860283,30474.65989387947,31217.9441498411
Infants: 0.528 efficacy,2084.0,cancers,27873.164707274012,26014.95374894068,29731.375665607346
Infants: 0.528 efficacy,2084.0,cancers,28492.568281598204,27501.522759274954,29483.613803921453
Infants: 0.528 efficacy,2084.0,cancers,27377.64239606678,24528.38523701742,30226.89955511614
Infants: 0.528 efficacy,2084.0,cancers,27129.880451312383,25519.431465422946,28740.32943720182
Infants: 0.528 efficacy,2085.0,cancers,30103.01783512241,27997.0454304457,32208.99023979912
Infants: 0.528 efficacy,2085.0,cancers,29483.613693163446,29483.613610094944,29483.613776231952
Infants: 0.528 efficacy,2085.0,cancers,28120.9263751334,27501.522454690443,28740.330295576354
Infants: 0.528 efficacy,2085.0,cancers,29855.255862678518,26758.237644938796,32952.27408041824
Infants: 0.528 efficacy,2086.0,cancers,28616.44843713512,25023.907742051164,32208.98913221908
Infants: 0.528 efficacy,2086.0,cancers,31341.82541295806,29731.375637917845,32952.275187998275
Infants: 0.528 efficacy,2086.0,cancers,25271.669520668554,22794.055278750788,27749.283762586318
Infants: 0.528 efficacy,2086.0,cancers,31589.586263977166,29979.136336644693,33200.036191309635
Infants: 0.528 efficacy,2087.0,cancers,29359.733136128765,27997.045596582706,30722.420675674824
Infants: 0.528 efficacy,2087.0,cancers,28120.925184484855,24776.145797296766,31465.70457167294
Infants: 0.528 efficacy,2087.0,cancers,26634.356049547823,24776.145160438242,28492.566938657405
Infants: 0.528 efficacy,2087.0,cancers,28492.568143150696,27749.28354107031,29235.85274523109
Infants: 0.528 efficacy,2088.0,cancers,26014.95320899541,26014.953084392655,26014.953333598165
Infants: 0.528 efficacy,2088.0,cancers,28988.091146595456,27253.76109141557,30722.421201775345
Infants: 0.528 efficacy,2088.0,cancers,31217.94463440737,30226.89742302456,32208.99184579018
Infants: 0.528 efficacy,2088.0,cancers,28740.328786498547,27253.760149972535,30226.89742302456
Infants: 0.528 efficacy,2089.0,cancers,29731.375167196325,27749.283928723322,31713.466405669333
Infants: 0.528 efficacy,2089.0,cancers,29607.494291732382,27997.045070482185,31217.94351298258
Infants: 0.528 efficacy,2089.0,cancers,27749.284164084078,22546.293084790883,32952.27524337728
Infants: 0.528 efficacy,2089.0,cancers,28740.329506425573,27501.522593137946,29979.1364197132
Infants: 0.528 efficacy,2090.0,cancers,29731.375194885826,28988.090772787193,30474.659616984463
Infants: 0.528 efficacy,2090.0,cancers,30474.659616984463,29731.375665607346,31217.94356836158
Infants: 0.528 efficacy,2090.0,cancers,28616.4479110346,27997.04437824466,29235.85144382454
Infants: 0.528 efficacy,2090.0,cancers,31961.228364268478,25519.429527157874,38403.02720137908
Infants: 0.528 efficacy,2091.0,cancers,32085.108145997132,30474.65870323093,33695.55758876334
Infants: 0.528 efficacy,2091.0,cancers,30846.301121951503,29235.851277687536,32456.750966215473
Infants: 0.528 efficacy,2091.0,cancers,29607.49440249039,28244.806738341573,30970.1820666392
Infants: 0.528 efficacy,2091.0,cancers,30350.778215419996,29979.13600437068,30722.420426469314
Infants: 0.528 efficacy,2092.0,cancers,30722.42046800357,29483.61294554692,31961.227990460215
Infants: 0.528 efficacy,2092.0,cancers,30970.1820666392,29731.374834922313,32208.989298356086
Infants: 0.528 efficacy,2092.0,cancers,29235.85226066482,27501.521679384412,30970.18284194523
Infants: 0.528 efficacy,2092.0,cancers,28492.567312465668,25271.668856120526,31713.465768810813
Infants: 0.528 efficacy,2093.0,cancers,28368.686686207235,28244.80643375706,28492.566938657405
Infants: 0.528 efficacy,2093.0,cancers,29235.851776098556,28244.80587996704,30226.89767223007
Infants: 0.528 efficacy,2093.0,cancers,27873.163502780717,26510.47600476891,29235.851000792525
Infants: 0.528 efficacy,2093.0,cancers,29235.852108372565,27253.759928456526,31217.944288288607
Infants: 0.528 efficacy,2094.0,cancers,29979.13689043472,28492.56812930595,31465.705651563483
Infants: 0.528 efficacy,2094.0,cancers,29235.85194223556,25271.66946528955,33200.03441918157
Infants: 0.528 efficacy,2094.0,cancers,31341.82448535978,29731.37475185381,32952.27421886574
Infants: 0.528 efficacy,2094.0,cancers,32085.10950278268,30226.897146129548,33943.32185943582
Infants: 0.528 efficacy,2095.0,cancers,29359.73198701447,28492.566827899398,30226.897146129548
Infants: 0.528 efficacy,2095.0,cancers,32952.27457882925,32208.988716876567,33695.56044078194
Infants: 0.528 efficacy,2095.0,cancers,30722.420204953305,27749.282987280287,33695.55742262633
Infants: 0.528 efficacy,2095.0,cancers,32456.750495493954,30970.182094328702,33943.318896659206
Infants: 0.528 efficacy,2096.0,cancers,31713.46635029033,29731.3744472693,33695.55825331136
Infants: 0.528 efficacy,2096.0,cancers,33076.15485896893,30474.659284710448,35677.650433227405
Infants: 0.528 efficacy,2096.0,cancers,31217.943139174313,29483.612807099416,32952.27347124921
Infants: 0.528 efficacy,2096.0,cancers,34810.4858694366,34191.083167331686,35429.88857154151
Infants: 0.528 efficacy,2097.0,cancers,31837.347087306767,29979.136779676708,33695.557394936826
Infants: 0.528 efficacy,2097.0,cancers,31341.82494223654,28988.089914412663,33695.55997006042
Infants: 0.528 efficacy,2097.0,cancers,31961.228211976224,28492.567132483913,35429.889291468535
Infants: 0.528 efficacy,2097.0,cancers,31094.062845189896,28740.329769475833,33447.795920903955
Infants: 0.528 efficacy,2098.0,cancers,28244.805686140535,27749.283236485797,28740.328135795273
Infants: 0.528 efficacy,2098.0,cancers,31589.58523946563,31217.943402224573,31961.227076706684
Infants: 0.528 efficacy,2098.0,cancers,31961.22789354696,29483.61402543746,34438.84176165646
Infants: 0.528 efficacy,2098.0,cancers,31837.346713498504,30226.897727609066,33447.79569938794
Infants: 0.528 efficacy,2099.0,cancers,38526.908450651295,37411.98255127512,39641.83435002747
Infants: 0.528 efficacy,2099.0,cancers,32828.39294190403,29979.136336644693,35677.64954716337
Infants: 0.528 efficacy,2099.0,cancers,30598.540201708645,29979.13628126569,31217.944122151603
Infants: 0.528 efficacy,2099.0,cancers,32085.109862746194,31465.70512546296,32704.51460002943
Infants: 0.528 efficacy,2100.0,cancers,30474.661236820277,26014.95358280367,34934.36889083688
Infants: 0.528 efficacy,1960.0,cancer_deaths,0.0,0.0,0.0
Infants: 0.528 efficacy,1960.0,cancer_deaths,0.0,0.0,0.0
Infants: 0.528 efficacy,1960.0,cancer_deaths,0.0,0.0,0.0
Infants: 0.528 efficacy,1960.0,cancer_deaths,0.0,0.0,0.0
Infants: 0.528 efficacy,1961.0,cancer_deaths,0.0,0.0,0.0
Infants: 0.528 efficacy,1961.0,cancer_deaths,0.0,0.0,0.0
Infants: 0.528 efficacy,1961.0,cancer_deaths,0.0,0.0,0.0
Infants: 0.528 efficacy,1961.0,cancer_deaths,0.0,0.0,0.0
Infants: 0.528 efficacy,1962.0,cancer_deaths,0.0,0.0,0.0
Infants: 0.528 efficacy,1962.0,cancer_deaths,0.0,0.0,0.0
Infants: 0.528 efficacy,1962.0,cancer_deaths,0.0,0.0,0.0
Infants: 0.528 efficacy,1962.0,cancer_deaths,0.0,0.0,0.0
Infants: 0.528 efficacy,1963.0,cancer_deaths,0.0,0.0,0.0
Infants: 0.528 efficacy,1963.0,cancer_deaths,0.0,0.0,0.0
Infants: 0.528 efficacy,1963.0,cancer_deaths,0.0,0.0,0.0
Infants: 0.528 efficacy,1963.0,cancer_deaths,0.0,0.0,0.0
Infants: 0.528 efficacy,1964.0,cancer_deaths,0.0,0.0,0.0
Infants: 0.528 efficacy,1964.0,cancer_deaths,0.0,0.0,0.0
Infants: 0.528 efficacy,1964.0,cancer_deaths,0.0,0.0,0.0
Infants: 0.528 efficacy,1964.0,cancer_deaths,0.0,0.0,0.0
Infants: 0.528 efficacy,1965.0,cancer_deaths,0.0,0.0,0.0
Infants: 0.528 efficacy,1965.0,cancer_deaths,0.0,0.0,0.0
Infants: 0.528 efficacy,1965.0,cancer_deaths,0.0,0.0,0.0
Infants: 0.528 efficacy,1965.0,cancer_deaths,0.0,0.0,0.0
Infants: 0.528 efficacy,1966.0,cancer_deaths,0.0,0.0,0.0
Infants: 0.528 efficacy,1966.0,cancer_deaths,0.0,0.0,0.0
Infants: 0.528 efficacy,1966.0,cancer_deaths,0.0,0.0,0.0
Infants: 0.528 efficacy,1966.0,cancer_deaths,0.0,0.0,0.0
Infants: 0.528 efficacy,1967.0,cancer_deaths,123.88073701643913,0.0,247.76147403287825
Infants: 0.528 efficacy,1967.0,cancer_deaths,0.0,0.0,0.0
Infants: 0.528 efficacy,1967.0,cancer_deaths,0.0,0.0,0.0
Infants: 0.528 efficacy,1967.0,cancer_deaths,123.88073701643913,0.0,247.76147403287825
Infants: 0.528 efficacy,1968.0,cancer_deaths,0.0,0.0,0.0
Infants: 0.528 efficacy,1968.0,cancer_deaths,0.0,0.0,0.0
Infants: 0.528 efficacy,1968.0,cancer_deaths,0.0,0.0,0.0
Infants: 0.528 efficacy,1968.0,cancer_deaths,0.0,0.0,0.0
Infants: 0.528 efficacy,1969.0,cancer_deaths,123.88073701643913,0.0,247.76147403287825
Infants: 0.528 efficacy,1969.0,cancer_deaths,0.0,0.0,0.0
Infants: 0.528 efficacy,1969.0,cancer_deaths,0.0,0.0,0.0
Infants: 0.528 efficacy,1969.0,cancer_deaths,247.76147403287825,0.0,495.5229480657565
Infants: 0.528 efficacy,1970.0,cancer_deaths,0.0,0.0,0.0
Infants: 0.528 efficacy,1970.0,cancer_deaths,123.88073701643913,0.0,247.76147403287825
Infants: 0.528 efficacy,1970.0,cancer_deaths,247.76147403287825,0.0,495.5229480657565
Infants: 0.528 efficacy,1970.0,cancer_deaths,371.6422110493174,247.76147403287825,495.5229480657565
Infants: 0.528 efficacy,1971.0,cancer_deaths,0.0,0.0,0.0
Infants: 0.528 efficacy,1971.0,cancer_deaths,123.88073701643913,0.0,247.76147403287825
Infants: 0.528 efficacy,1971.0,cancer_deaths,371.6422248940679,0.0,743.2844497881358
Infants: 0.528 efficacy,1971.0,cancer_deaths,123.88073701643913,0.0,247.76147403287825
Infants: 0.528 efficacy,1972.0,cancer_deaths,123.88073701643913,0.0,247.76147403287825
Infants: 0.528 efficacy,1972.0,cancer_deaths,495.5229480657565,247.76147403287825,743.2844220986348
Infants: 0.528 efficacy,1972.0,cancer_deaths,247.76147403287825,0.0,495.5229480657565
Infants: 0.528 efficacy,1972.0,cancer_deaths,123.88073701643913,0.0,247.76147403287825
Infants: 0.528 efficacy,1973.0,cancer_deaths,371.6422110493174,247.76147403287825,495.5229480657565
Infants: 0.528 efficacy,1973.0,cancer_deaths,0.0,0.0,0.0
Infants: 0.528 efficacy,1973.0,cancer_deaths,371.6422110493174,0.0,743.2844220986348
Infants: 0.528 efficacy,1973.0,cancer_deaths,991.0459099762636,991.045896131513,991.0459238210141
Infants: 0.528 efficacy,1974.0,cancer_deaths,247.76147403287825,247.76147403287825,247.76147403287825
Infants: 0.528 efficacy,1974.0,cancer_deaths,371.6422110493174,247.76147403287825,495.5229480657565
Infants: 0.528 efficacy,1974.0,cancer_deaths,867.1651729598244,743.2844497881358,991.045896131513
Infants: 0.528 efficacy,1974.0,cancer_deaths,743.2844359433852,495.5229480657565,991.0459238210141
Infants: 0.528 efficacy,1975.0,cancer_deaths,743.2844359433852,743.2844220986348,743.2844497881358
Infants: 0.528 efficacy,1975.0,cancer_deaths,867.165159115074,743.2844220986348,991.045896131513
Infants: 0.528 efficacy,1975.0,cancer_deaths,867.165159115074,743.2844220986348,991.045896131513
Infants: 0.528 efficacy,1975.0,cancer_deaths,867.1651729598244,743.2844497881358,991.045896131513
Infants: 0.528 efficacy,1976.0,cancer_deaths,2229.853210916902,743.2844220986348,3716.4219997351693
Infants: 0.528 efficacy,1976.0,cancer_deaths,1362.6880656465787,495.5229480657565,2229.853183227401
Infants: 0.528 efficacy,1976.0,cancer_deaths,1114.926633147952,743.2844220986348,1486.5688441972695
Infants: 0.528 efficacy,1976.0,cancer_deaths,1734.330318230148,1486.5688441972695,1982.091792263026
Infants: 0.528 efficacy,1977.0,cancer_deaths,1362.6880794913295,495.5229480657565,2229.8532109169023
Infants: 0.528 efficacy,1977.0,cancer_deaths,991.0459099762636,743.2844220986348,1238.8073978538923
Infants: 0.528 efficacy,1977.0,cancer_deaths,1610.4495812137086,1486.5688718867705,1734.3302905406467
Infants: 0.528 efficacy,1977.0,cancer_deaths,1238.8073840091417,991.0459238210141,1486.5688441972693
Infants: 0.528 efficacy,1978.0,cancer_deaths,1734.3303597643994,1238.8073978538923,2229.8533216749065
Infants: 0.528 efficacy,1978.0,cancer_deaths,1114.926633147952,743.2844220986348,1486.5688441972695
Infants: 0.528 efficacy,1978.0,cancer_deaths,1114.9266193032017,743.2844220986348,1486.5688165077686
Infants: 0.528 efficacy,1978.0,cancer_deaths,1858.2110275570858,1486.5688441972695,2229.853210916902
Infants: 0.528 efficacy,1979.0,cancer_deaths,2105.9725292794656,1982.0918199525272,2229.8532386064035
Infants: 0.528 efficacy,1979.0,cancer_deaths,1982.0917645735249,1486.5688718867705,2477.6146572602793
Infants: 0.528 efficacy,1979.0,cancer_deaths,2725.3761728274094,991.045896131513,4459.706449523306
Infants: 0.528 efficacy,1979.0,cancer_deaths,3716.42201357992,2973.137633015537,4459.706394144303
Infants: 0.528 efficacy,1980.0,cancer_deaths,1858.2110552465867,1238.8073701643912,2477.6147403287823
Infants: 0.528 efficacy,1980.0,cancer_deaths,2353.7340310018444,1982.0918476420281,2725.3762143616605
Infants: 0.528 efficacy,1980.0,cancer_deaths,1734.3303043853973,1238.8073978538923,2229.8532109169023
Infants: 0.528 efficacy,1980.0,cancer_deaths,3716.422055114172,3220.899051669413,4211.945058558931
Infants: 0.528 efficacy,1981.0,cancer_deaths,2229.853252451154,1982.091792263026,2477.6147126392816
Infants: 0.528 efficacy,1981.0,cancer_deaths,2229.853252451154,1982.091792263026,2477.6147126392816
Infants: 0.528 efficacy,1981.0,cancer_deaths,4583.587172694994,3964.1835291470497,5202.990816242937
Infants: 0.528 efficacy,1981.0,cancer_deaths,3097.018397721477,2973.137660705038,3220.899134737916
Infants: 0.528 efficacy,1982.0,cancer_deaths,5574.633027292256,3716.4220551141716,7432.84399947034
Infants: 0.528 efficacy,1982.0,cancer_deaths,3097.0184115662278,2229.8532939854053,3964.1835291470497
Infants: 0.528 efficacy,1982.0,cancer_deaths,3716.4220551141716,3468.6605810812935,3964.18352914705
Infants: 0.528 efficacy,1982.0,cancer_deaths,3964.183584526052,2973.13771608404,4955.229452968064
Infants: 0.528 efficacy,1983.0,cancer_deaths,2849.2569236885993,1982.0917645735249,3716.422082803673
Infants: 0.528 efficacy,1983.0,cancer_deaths,4335.825754041118,3220.8991901169184,5450.752317965317
Infants: 0.528 efficacy,1983.0,cancer_deaths,3716.42201357992,3220.8990793589137,4211.9449478009265
Infants: 0.528 efficacy,1983.0,cancer_deaths,4583.587214229246,3964.183501457549,5202.990927000942
Infants: 0.528 efficacy,1984.0,cancer_deaths,3468.660636460296,2973.13771608404,3964.1835568365514
Infants: 0.528 efficacy,1984.0,cancer_deaths,4088.064321542491,3220.8991624274177,4955.229480657565
Infants: 0.528 efficacy,1984.0,cancer_deaths,3592.5412904082314,3468.6606087707946,3716.4219720456686
Infants: 0.528 efficacy,1984.0,cancer_deaths,5202.990843932439,5202.990816242938,5202.99087162194
Infants: 0.528 efficacy,1985.0,cancer_deaths,5079.110037692248,4459.706421833805,5698.51365355069
Infants: 0.528 efficacy,1985.0,cancer_deaths,4211.94505855893,3964.183584526052,4459.706532591808
Infants: 0.528 efficacy,1985.0,cancer_deaths,4831.348646727873,3964.1835291470497,5698.513764308695
Infants: 0.528 efficacy,1985.0,cancer_deaths,5326.871580948879,4955.229397589062,5698.513764308695
Infants: 0.528 efficacy,1986.0,cancer_deaths,4459.706449523305,4211.944975490427,4707.467923556183
Infants: 0.528 efficacy,1986.0,cancer_deaths,6194.036629305948,5450.752262586315,6937.320996025581
Infants: 0.528 efficacy,1986.0,cancer_deaths,5698.513764308695,5698.513764308695,5698.513764308695
Infants: 0.528 efficacy,1986.0,cancer_deaths,5822.394542859385,5698.513902756199,5946.275182962571
Infants: 0.528 efficacy,1987.0,cancer_deaths,5450.752290275817,4707.467868177182,6194.036712374452
Infants: 0.528 efficacy,1987.0,cancer_deaths,3468.6605395470415,3468.660525702291,3468.660553391792
Infants: 0.528 efficacy,1987.0,cancer_deaths,7061.2018576447745,6937.321051404583,7185.082663884966
Infants: 0.528 efficacy,1987.0,cancer_deaths,6565.67951874804,5698.5136812401915,7432.845356255889
Infants: 0.528 efficacy,1988.0,cancer_deaths,6441.79820025208,5698.513875066699,7185.082525437461
Infants: 0.528 efficacy,1988.0,cancer_deaths,5946.275321410076,4955.229480657565,6937.321162162587
Infants: 0.528 efficacy,1988.0,cancer_deaths,7804.4863074329105,7432.844054849342,8176.128560016479
Infants: 0.528 efficacy,1988.0,cancer_deaths,5822.394902822899,4707.467951245685,6937.321854400113
Infants: 0.528 efficacy,1989.0,cancer_deaths,6194.036795442955,5698.513819687698,6689.559771198212
Infants: 0.528 efficacy,1989.0,cancer_deaths,6689.559660440207,6441.798158717827,6937.321162162587
Infants: 0.528 efficacy,1989.0,cancer_deaths,7432.84399947034,5946.275210652072,8919.412788288608
Infants: 0.528 efficacy,1989.0,cancer_deaths,4583.587145005493,4459.706421833805,4707.467868177182
Infants: 0.528 efficacy,1990.0,cancer_deaths,7432.844345589103,6441.798158717829,8423.890532460377
Infants: 0.528 efficacy,1990.0,cancer_deaths,5326.871580948879,4459.706449523305,6194.036712374451
Infants: 0.528 efficacy,1990.0,cancer_deaths,4583.587200384495,4211.945003179928,4955.2293975890625
Infants: 0.528 efficacy,1990.0,cancer_deaths,6070.155961513262,5202.990927000943,6937.320996025581
Infants: 0.528 efficacy,1991.0,cancer_deaths,6937.321065249333,6194.03668468495,7680.605445813716
Infants: 0.528 efficacy,1991.0,cancer_deaths,5202.990843932439,4459.706477212806,5946.275210652071
Infants: 0.528 efficacy,1991.0,cancer_deaths,6317.917518614643,5946.275376789079,6689.559660440207
Infants: 0.528 efficacy,1991.0,cancer_deaths,6689.559618905956,6441.798158717827,6937.321079094084
Infants: 0.528 efficacy,1992.0,cancer_deaths,6937.321079094084,6689.559632750706,7185.082525437461
Infants: 0.528 efficacy,1992.0,cancer_deaths,7185.08302384848,5946.275321410076,8423.890726286883
Infants: 0.528 efficacy,1992.0,cancer_deaths,6937.321162162587,5946.275210652072,7928.367113673101
Infants: 0.528 efficacy,1992.0,cancer_deaths,7185.082525437461,5698.513764308695,8671.651286566228
Infants: 0.528 efficacy,1993.0,cancer_deaths,5574.633068826507,4955.229425278563,6194.036712374451
Infants: 0.528 efficacy,1993.0,cancer_deaths,6937.321079094084,5946.275321410076,7928.366836778092
Infants: 0.528 efficacy,1993.0,cancer_deaths,6689.55999271422,5698.513875066699,7680.606110361741
Infants: 0.528 efficacy,1993.0,cancer_deaths,6689.559632750706,6441.798158717829,6937.321106783585
Infants: 0.528 efficacy,1994.0,cancer_deaths,5946.275293720575,3716.422027424671,8176.128560016478
Infants: 0.528 efficacy,1994.0,cancer_deaths,6441.798103338826,6441.798047959824,6441.798158717829
Infants: 0.528 efficacy,1994.0,cancer_deaths,9786.5784181252,9662.697514971755,9910.459321278646
Infants: 0.528 efficacy,1994.0,cancer_deaths,8300.009864667689,8176.129335322507,8423.890394012871
Infants: 0.528 efficacy,1995.0,cancer_deaths,6441.798283320582,5946.27515527307,6937.321411368096
Infants: 0.528 efficacy,1995.0,cancer_deaths,5202.990843932439,4211.944975490427,6194.036712374452
Infants: 0.528 efficacy,1995.0,cancer_deaths,6937.321245231091,6689.55971581921,7185.08277464297
Infants: 0.528 efficacy,1995.0,cancer_deaths,6565.678854200016,5698.513764308695,7432.843944091337
Infants: 0.528 efficacy,1996.0,cancer_deaths,7680.605418124216,7432.843971780839,7928.366864467593
Infants: 0.528 efficacy,1996.0,cancer_deaths,9291.05545621469,8671.651508082236,9910.459404347146
Infants: 0.528 efficacy,1996.0,cancer_deaths,8547.77193402484,5450.752262586315,11644.791605463366
Infants: 0.528 efficacy,1996.0,cancer_deaths,7556.724722642029,6441.798158717829,8671.651286566228
Infants: 0.528 efficacy,1997.0,cancer_deaths,7680.6060826722405,7185.082525437461,8176.12963990702
Infants: 0.528 efficacy,1997.0,cancer_deaths,4707.4679650904345,4459.706449523305,4955.229480657565
Infants: 0.528 efficacy,1997.0,cancer_deaths,9043.293968337062,7680.605971914236,10405.981964759889
Infants: 0.528 efficacy,1997.0,cancer_deaths,7185.082719263968,6937.321051404582,7432.844387123354
Infants: 0.528 efficacy,1998.0,cancer_deaths,6565.679311076783,5946.275293720575,7185.083328432991
Infants: 0.528 efficacy,1998.0,cancer_deaths,5698.513778153445,4459.706449523305,6937.321106783585
Infants: 0.528 efficacy,1998.0,cancer_deaths,6813.440812799163,4211.94505855893,9414.936567039395
Infants: 0.528 efficacy,1998.0,cancer_deaths,9043.29385757906,7680.605418124215,10405.982297033903
Infants: 0.528 efficacy,1999.0,cancer_deaths,9043.294328300575,4955.22934221006,13131.359314391091
Infants: 0.528 efficacy,1999.0,cancer_deaths,8423.890172496864,8176.128615395482,8671.651729598245
Infants: 0.528 efficacy,1999.0,cancer_deaths,6565.678854200016,6441.798103338826,6689.559605061206
Infants: 0.528 efficacy,1999.0,cancer_deaths,10034.339795244823,8919.412732909605,11149.266857580042
Infants: 0.528 efficacy,2000.0,cancer_deaths,7556.725387190052,7432.843999470339,7680.606774909766
Infants: 0.528 efficacy,2000.0,cancer_deaths,5326.871580948879,5202.990843932439,5450.752317965317
Infants: 0.528 efficacy,2000.0,cancer_deaths,8671.652089561758,7928.36788897913,9414.936290144384
Infants: 0.528 efficacy,2000.0,cancer_deaths,8423.89087857914,7928.367612084121,8919.414145074157
Infants: 0.528 efficacy,2001.0,cancer_deaths,7432.844054849342,5946.275376789078,8919.412732909605
Infants: 0.528 efficacy,2001.0,cancer_deaths,9043.293760665805,8671.651729598245,9414.935791733365
Infants: 0.528 efficacy,2001.0,cancer_deaths,9167.174511526993,9167.174400768989,9167.174622284998
Infants: 0.528 efficacy,2001.0,cancer_deaths,8052.248612150819,7928.36788897913,8176.129335322508
Infants: 0.528 efficacy,2002.0,cancer_deaths,7308.963442435657,6689.55971581921,7928.367169052104
Infants: 0.528 efficacy,2002.0,cancer_deaths,5946.275252186324,5450.752345654819,6441.798158717828
Infants: 0.528 efficacy,2002.0,cancer_deaths,6689.559632750706,6194.036656995449,7185.082608505963
Infants: 0.528 efficacy,2002.0,cancer_deaths,7928.367529015618,7185.083328432991,8671.651729598245
Infants: 0.528 efficacy,2003.0,cancer_deaths,8052.248335255808,7928.368332011147,8176.128338500471
Infants: 0.528 efficacy,2003.0,cancer_deaths,7308.963940846675,5698.513764308695,8919.414117384655
Infants: 0.528 efficacy,2003.0,cancer_deaths,7061.201788421022,6689.559521992702,7432.844054849342
Infants: 0.528 efficacy,2003.0,cancer_deaths,8919.413286699626,6689.55971581921,11149.266857580042
Infants: 0.528 efficacy,2004.0,cancer_deaths,8671.651674219243,7432.844719397366,9910.458629041119
Infants: 0.528 efficacy,2004.0,cancer_deaths,8919.41368819739,7928.367972047634,9910.459404347148
Infants: 0.528 efficacy,2004.0,cancer_deaths,9662.697681108759,7928.366836778092,11397.028525439428
Infants: 0.528 efficacy,2004.0,cancer_deaths,9414.936179386379,8671.651508082236,10158.220850690524
Infants: 0.528 efficacy,2005.0,cancer_deaths,7556.724750331529,7432.843999470339,7680.605501192719
Infants: 0.528 efficacy,2005.0,cancer_deaths,9043.294591350836,8423.890394012871,9662.6987886888
Infants: 0.528 efficacy,2005.0,cancer_deaths,6565.6788403552655,5946.27518296257,7185.08249774796
Infants: 0.528 efficacy,2005.0,cancer_deaths,9662.698262588281,8671.651895735251,10653.744629441311
Infants: 0.528 efficacy,2006.0,cancer_deaths,9167.17518991977,7680.605639640224,10653.744740199314
Infants: 0.528 efficacy,2006.0,cancer_deaths,10282.1012415882,9414.936068628376,11149.266414548023
Infants: 0.528 efficacy,2006.0,cancer_deaths,7928.3670998283515,7185.082525437461,8671.651674219242
Infants: 0.528 efficacy,2006.0,cancer_deaths,9291.056259210221,8176.129556838516,10405.982961581925
Infants: 0.528 efficacy,2007.0,cancer_deaths,7680.605971914237,6441.798158717829,8919.413785110644
Infants: 0.528 efficacy,2007.0,cancer_deaths,11644.789279545279,7680.605778087729,15608.972781002827
Infants: 0.528 efficacy,2007.0,cancer_deaths,7928.367930513383,6689.55999271422,9167.175868312544
Infants: 0.528 efficacy,2007.0,cancer_deaths,7680.605736553477,6937.321051404582,8423.890421702372
Infants: 0.528 efficacy,2008.0,cancer_deaths,8176.128643084982,8176.128449258475,8176.12883691149
Infants: 0.528 efficacy,2008.0,cancer_deaths,8547.771380234819,6937.321106783584,10158.221653686054
Infants: 0.528 efficacy,2008.0,cancer_deaths,8176.128504637478,7432.844054849342,8919.412954425614
Infants: 0.528 efficacy,2008.0,cancer_deaths,8671.651341945231,7928.366947536097,9414.935736354364
Infants: 0.528 efficacy,2009.0,cancer_deaths,9786.578570417456,8423.890837044888,11149.266303790022
Infants: 0.528 efficacy,2009.0,cancer_deaths,10158.22096144853,9662.697293455745,10653.744629441311
Infants: 0.528 efficacy,2009.0,cancer_deaths,6441.798144873077,5202.99087162194,7680.605418124215
Infants: 0.528 efficacy,2009.0,cancer_deaths,8052.247989137046,7185.082553126962,8919.41342514713
Infants: 0.528 efficacy,2010.0,cancer_deaths,9291.055857712456,7928.3673074996095,10653.744407925302
Infants: 0.528 efficacy,2010.0,cancer_deaths,7804.486639706923,7680.606442635753,7928.366836778092
Infants: 0.528 efficacy,2010.0,cancer_deaths,10282.101823067722,9167.175120696018,11397.028525439428
Infants: 0.528 efficacy,2010.0,cancer_deaths,7185.082553126962,6937.321162162587,7432.843944091337
Infants: 0.528 efficacy,2011.0,cancer_deaths,11025.385995960845,9910.459182831139,12140.312809090554
Infants: 0.528 efficacy,2011.0,cancer_deaths,10653.74269117624,8176.128393879473,13131.356988473006
Infants: 0.528 efficacy,2011.0,cancer_deaths,10034.339906002828,8919.41284366761,11149.266968338045
Infants: 0.528 efficacy,2011.0,cancer_deaths,7928.3675843946185,6937.321051404582,8919.414117384655
Infants: 0.528 efficacy,2012.0,cancer_deaths,8423.889950980854,8176.128393879473,8671.651508082236
Infants: 0.528 efficacy,2012.0,cancer_deaths,8671.652089561758,6441.798103338826,10901.50607578469
Infants: 0.528 efficacy,2012.0,cancer_deaths,8795.532812733447,7680.605833466732,9910.459792000162
Infants: 0.528 efficacy,2012.0,cancer_deaths,7432.8442902101,5946.275182962571,8919.413397457629
Infants: 0.528 efficacy,2013.0,cancer_deaths,10034.340584395602,8671.65297562579,11397.028193165414
Infants: 0.528 efficacy,2013.0,cancer_deaths,9167.174248476735,8423.889867912352,9910.458629041119
Infants: 0.528 efficacy,2013.0,cancer_deaths,7928.367196741605,7432.8443317443525,8423.890061738857
Infants: 0.528 efficacy,2013.0,cancer_deaths,10034.34001676083,9414.936511660391,10653.74352186127
Infants: 0.528 efficacy,2014.0,cancer_deaths,10901.505078962651,10901.505078962651,10901.505078962651
Infants: 0.528 efficacy,2014.0,cancer_deaths,9538.817096384577,7680.6059996037375,11397.028193165415
Infants: 0.528 efficacy,2014.0,cancer_deaths,11025.386023650348,10901.504968204648,11149.267079096047
Infants: 0.528 efficacy,2014.0,cancer_deaths,9414.936040938876,7432.844165607346,11397.027916270403
Infants: 0.528 efficacy,2015.0,cancer_deaths,11768.670473438484,9662.697625729757,13874.64332114721
Infants: 0.528 efficacy,2015.0,cancer_deaths,9291.055428525191,8671.651397324233,9910.45945972615
Infants: 0.528 efficacy,2015.0,cancer_deaths,9167.175522193782,8919.41395124765,9414.937093139913
Infants: 0.528 efficacy,2015.0,cancer_deaths,8795.53292349145,8176.129556838517,9414.936290144384
Infants: 0.528 efficacy,2016.0,cancer_deaths,9662.697847245765,8176.128781532488,11149.266912959043
Infants: 0.528 efficacy,2016.0,cancer_deaths,12511.955200121629,11149.266746822037,13874.643653421223
Infants: 0.528 efficacy,2016.0,cancer_deaths,8919.413494370883,7432.844525570859,10405.982463170907
Infants: 0.528 efficacy,2016.0,cancer_deaths,11768.670861091497,11644.7898610248,11892.551861158196
Infants: 0.528 efficacy,2017.0,cancer_deaths,11520.909428592873,11149.267439059564,11892.55141812618
Infants: 0.528 efficacy,2017.0,cancer_deaths,9786.578376590947,9414.936234765382,10158.22051841651
Infants: 0.528 efficacy,2017.0,cancer_deaths,8423.89008942836,8176.128781532488,8671.651397324233
Infants: 0.528 efficacy,2017.0,cancer_deaths,10529.863269411098,9414.936788555402,11644.789750266795
Infants: 0.528 efficacy,2018.0,cancer_deaths,10901.505812734427,10901.505771200178,10901.505854268678
Infants: 0.528 efficacy,2018.0,cancer_deaths,10653.743577240271,8671.652283388265,12635.834871092278
Infants: 0.528 efficacy,2018.0,cancer_deaths,13379.119043985404,10405.982075517893,16352.256012452915
Infants: 0.528 efficacy,2018.0,cancer_deaths,9291.055290077686,7432.844054849342,11149.26652530603
Infants: 0.528 efficacy,2019.0,cancer_deaths,9414.93648397089,8176.128892290491,10653.74407565129
Infants: 0.528 efficacy,2019.0,cancer_deaths,10777.62510340749,9414.937342345424,12140.312864469557
Infants: 0.528 efficacy,2019.0,cancer_deaths,10405.98251854991,10405.982297033901,10405.982740065918
Infants: 0.528 efficacy,2019.0,cancer_deaths,10653.744020272288,9414.936400902388,11892.551639642188
Infants: 0.528 efficacy,2020.0,cancer_deaths,11520.908639442092,9910.458629041117,13131.358649843067
Infants: 0.528 efficacy,2020.0,cancer_deaths,11025.385691376336,9167.174290010986,12883.597092741686
Infants: 0.528 efficacy,2020.0,cancer_deaths,12511.955033984623,11397.028414681421,13626.881653287825
Infants: 0.528 efficacy,2020.0,cancer_deaths,10158.221376791043,7680.606442635753,12635.836310946332
Infants: 0.528 efficacy,2021.0,cancer_deaths,11025.386092874101,8919.412982115115,13131.359203633088
Infants: 0.528 efficacy,2021.0,cancer_deaths,10529.863297100599,9662.698068761772,11397.028525439426
Infants: 0.528 efficacy,2021.0,cancer_deaths,11025.385192965317,10158.220407658508,11892.549978272127
Infants: 0.528 efficacy,2021.0,cancer_deaths,11273.14788533624,9167.17523145402,13379.12053921846
Infants: 0.528 efficacy,2022.0,cancer_deaths,12883.597646531707,11892.551750400195,13874.643542663218
Infants: 0.528 efficacy,2022.0,cancer_deaths,11025.38605133985,10405.982352412902,11644.789750266797
Infants: 0.528 efficacy,2022.0,cancer_deaths,11644.79047019382,10158.22157061755,13131.359369770093
Infants: 0.528 efficacy,2022.0,cancer_deaths,11149.267189854054,9662.698179519777,12635.836200188329
Infants: 0.528 efficacy,2023.0,cancer_deaths,15856.735611821254,12635.836310946332,19077.634912696176
Infants: 0.528 efficacy,2023.0,cancer_deaths,15980.615781202923,14617.926552597302,17343.305009808544
Infants: 0.528 efficacy,2023.0,cancer_deaths,13998.522604464848,12635.835203366292,15361.210005563402
Infants: 0.528 efficacy,2023.0,cancer_deaths,14494.045787891362,12140.313445949081,16847.77812983364
Infants: 0.528 efficacy,2024.0,cancer_deaths,15980.614064453861,13874.642435083178,18086.58569382454
Infants: 0.528 efficacy,2024.0,cancer_deaths,12140.311923026522,10405.982407791906,13874.64143826114
Infants: 0.528 efficacy,2024.0,cancer_deaths,12388.07475384495,9662.698733309797,15113.450774380106
Infants: 0.528 efficacy,2024.0,cancer_deaths,14370.16632459197,14122.404213700567,14617.928435483373
Infants: 0.528 efficacy,2025.0,cancer_deaths,11025.386134408353,10158.22073993252,11892.551528884185
Infants: 0.528 efficacy,2025.0,cancer_deaths,15856.734504241216,14122.404878248593,17591.064130233837
Infants: 0.528 efficacy,2025.0,cancer_deaths,13503.000667065877,11149.267411370061,15856.733922761692
Infants: 0.528 efficacy,2025.0,cancer_deaths,13626.882096319841,12388.074753844952,14865.689438794732
Infants: 0.528 efficacy,2026.0,cancer_deaths,13874.64276735719,12883.59720349969,14865.688331214691
Infants: 0.528 efficacy,2026.0,cancer_deaths,12388.074698465949,11892.551861158197,12883.597535773702
Infants: 0.528 efficacy,2026.0,cancer_deaths,13626.882207077846,12635.836643220346,14617.927770935346
Infants: 0.528 efficacy,2026.0,cancer_deaths,14494.045995562617,13131.358649843067,15856.73334128217
Infants: 0.528 efficacy,2027.0,cancer_deaths,12264.193172298732,11892.550144409133,12635.836200188329
Infants: 0.528 efficacy,2027.0,cancer_deaths,14122.404989006596,12883.5975357737,15361.212442239492
Infants: 0.528 efficacy,2027.0,cancer_deaths,13750.762044185503,12140.312532195547,15361.211556175458
Infants: 0.528 efficacy,2027.0,cancer_deaths,14122.404767490589,13626.88121025581,14617.928324725366
Infants: 0.528 efficacy,2028.0,cancer_deaths,13503.000874737136,13379.120871492474,13626.880877981797
Infants: 0.528 efficacy,2028.0,cancer_deaths,12511.955089363626,11397.028082407409,13626.882096319841
Infants: 0.528 efficacy,2028.0,cancer_deaths,12264.194113741767,11892.551750400193,12635.83647708334
Infants: 0.528 efficacy,2028.0,cancer_deaths,13379.119099364407,12883.596760467673,13874.64143826114
Infants: 0.528 efficacy,2029.0,cancer_deaths,12264.193366125237,11149.267300612057,13379.119431638419
Infants: 0.528 efficacy,2029.0,cancer_deaths,12759.716701844009,12388.074532328941,13131.358871359076
Infants: 0.528 efficacy,2029.0,cancer_deaths,14989.568500596359,14122.403881426555,15856.733119766162
Infants: 0.528 efficacy,2029.0,cancer_deaths,14370.16654610798,13874.64354266322,14865.689549552737
Infants: 0.528 efficacy,2030.0,cancer_deaths,14741.807580353501,13874.643265768209,15608.971894938793
Infants: 0.528 efficacy,2030.0,cancer_deaths,13874.64165977715,12883.596538951664,14865.686780602633
Infants: 0.528 efficacy,2030.0,cancer_deaths,17838.82601960923,16104.495009141556,19573.157030076905
Infants: 0.528 efficacy,2030.0,cancer_deaths,15608.97311327684,15113.451881960147,16104.494344593533
Infants: 0.528 efficacy,2031.0,cancer_deaths,12264.193587641246,11892.55141812618,12635.835757156312
Infants: 0.528 efficacy,2031.0,cancer_deaths,13502.9999332941,11892.55086433616,15113.44900225204
Infants: 0.528 efficacy,2031.0,cancer_deaths,14617.92627570229,11892.550753578154,17343.301797826425
Infants: 0.528 efficacy,2031.0,cancer_deaths,13255.239040740742,10653.744186409294,15856.73389507219
Infants: 0.528 efficacy,2032.0,cancer_deaths,16971.66090202841,16847.781452573763,17095.54035148305
Infants: 0.528 efficacy,2032.0,cancer_deaths,15732.85494402857,14865.689660310742,16600.020227746398
Infants: 0.528 efficacy,2032.0,cancer_deaths,14989.568832870373,14865.688220456686,15113.449445284057
Infants: 0.528 efficacy,2032.0,cancer_deaths,15732.852618110483,15361.210891627434,16104.494344593533
Infants: 0.528 efficacy,2033.0,cancer_deaths,14989.568722112366,14617.926552597302,15361.210891627432
Infants: 0.528 efficacy,2033.0,cancer_deaths,17095.541071410076,15361.209784047393,18829.872358772758
Infants: 0.528 efficacy,2033.0,cancer_deaths,16476.137289414626,16352.25601245292,16600.018566376337
Infants: 0.528 efficacy,2033.0,cancer_deaths,19820.918254904274,19325.395805249533,20316.440704559012
Infants: 0.528 efficacy,2034.0,cancer_deaths,18086.58646913057,16104.49456610954,20068.678372151597
Infants: 0.528 efficacy,2034.0,cancer_deaths,17962.705358305866,16847.77945892969,19077.631257682042
Infants: 0.528 efficacy,2034.0,cancer_deaths,16600.017957207314,15856.733673556184,17343.302240858444
Infants: 0.528 efficacy,2034.0,cancer_deaths,14122.403992184558,13626.882207077846,14617.925777291272
Infants: 0.528 efficacy,2035.0,cancer_deaths,17467.183019409134,15361.210670111424,19573.155368706844
Infants: 0.528 efficacy,2035.0,cancer_deaths,16352.25844912901,14370.16554928594,18334.35134897208
Infants: 0.528 efficacy,2035.0,cancer_deaths,18334.34830312696,15856.73356279818,20811.96304345574
Infants: 0.528 efficacy,2035.0,cancer_deaths,17343.3038468495,17343.30268389046,17343.305009808544
Infants: 0.528 efficacy,2036.0,cancer_deaths,19077.63203298807,16600.017680312303,21555.24638566384
Infants: 0.528 efficacy,2036.0,cancer_deaths,14494.04793382769,9910.46006889517,19077.63579876021
Infants: 0.528 efficacy,2036.0,cancer_deaths,17838.824579755175,17838.824358239166,17838.824801271185
Infants: 0.528 efficacy,2036.0,cancer_deaths,15113.449085320543,12883.596594330666,17343.30157631042
Infants: 0.528 efficacy,2037.0,cancer_deaths,18582.110746292376,14122.404989006596,23041.816503578153
Infants: 0.528 efficacy,2037.0,cancer_deaths,17962.70602285389,16847.779791203702,19077.63225450408
Infants: 0.528 efficacy,2037.0,cancer_deaths,17343.30318230148,16600.020670778416,18086.58569382454
Infants: 0.528 efficacy,2037.0,cancer_deaths,17343.302296237445,15113.449223768048,19573.155368706844
Infants: 0.528 efficacy,2038.0,cancer_deaths,17343.30273926946,14617.926774113308,20068.678704425613
Infants: 0.528 efficacy,2038.0,cancer_deaths,18829.87291256278,17838.828234769313,19820.917590356246
Infants: 0.528 efficacy,2038.0,cancer_deaths,20440.320984698683,19820.917258082238,21059.724711315128
Infants: 0.528 efficacy,2038.0,cancer_deaths,24280.62340302103,23785.100399576273,24776.146406465785
Infants: 0.528 efficacy,2039.0,cancer_deaths,17962.70513678986,17343.3011332784,18582.109140301316
Infants: 0.528 efficacy,2039.0,cancer_deaths,18458.229856983682,16352.256898516951,20564.20281545041
Infants: 0.528 efficacy,2039.0,cancer_deaths,17219.42063162272,16600.01679424827,17838.824468997173
Infants: 0.528 efficacy,2039.0,cancer_deaths,19201.512977675768,16600.01790182831,21803.008053523223
Infants: 0.528 efficacy,2040.0,cancer_deaths,17219.421185412742,16847.77857286566,17591.063797959825
Infants: 0.528 efficacy,2040.0,cancer_deaths,20068.67864904661,18582.109583333335,21555.247714759887
Infants: 0.528 efficacy,2040.0,cancer_deaths,23041.81644819915,19325.39403312147,26758.238863276834
Infants: 0.528 efficacy,2040.0,cancer_deaths,22794.05483571877,18829.871251192715,26758.238420244823
Infants: 0.528 efficacy,2041.0,cancer_deaths,18705.99025112602,16104.495009141556,21307.485493110482
Infants: 0.528 efficacy,2041.0,cancer_deaths,17219.422348371787,14865.689549552735,19573.155147190835
Infants: 0.528 efficacy,2041.0,cancer_deaths,20192.559510665804,18086.586136856557,22298.53288447505
Infants: 0.528 efficacy,2041.0,cancer_deaths,21926.889330484933,19820.916150502195,24032.862510467676
Infants: 0.528 efficacy,2042.0,cancer_deaths,20068.6783167726,19573.156587044887,20564.20004650031
Infants: 0.528 efficacy,2042.0,cancer_deaths,18458.228860161642,14865.68777742467,22050.769942898616
Infants: 0.528 efficacy,2042.0,cancer_deaths,20811.96420641479,18086.58890580666,23537.339507022916
Infants: 0.528 efficacy,2042.0,cancer_deaths,20068.67809525659,18829.870918918707,21307.485271594476
Infants: 0.528 efficacy,2043.0,cancer_deaths,20564.201929386378,19820.91847642028,21307.48538235248
Infants: 0.528 efficacy,2043.0,cancer_deaths,20316.439375462964,18829.87014361268,21803.008607313248
Infants: 0.528 efficacy,2043.0,cancer_deaths,21059.724046767107,19820.917258082234,22298.530835451977
Infants: 0.528 efficacy,2043.0,cancer_deaths,21183.605822139834,20811.96315421375,21555.248490065915
Infants: 0.528 efficacy,2044.0,cancer_deaths,19325.393423952446,18086.58591534055,20564.20093256434
Infants: 0.528 efficacy,2044.0,cancer_deaths,16476.137843204648,14122.404989006598,18829.870697402697
Infants: 0.528 efficacy,2044.0,cancer_deaths,20068.67887056262,18829.87047588669,21307.48726523855
Infants: 0.528 efficacy,2044.0,cancer_deaths,20935.842659047394,19573.15470415882,22298.530613935967
Infants: 0.528 efficacy,2045.0,cancer_deaths,19201.51253464375,17343.30135479441,21059.72371449309
Infants: 0.528 efficacy,2045.0,cancer_deaths,22917.935337374453,22050.76994289862,23785.100731850285
Infants: 0.528 efficacy,2045.0,cancer_deaths,23537.340060812934,23041.816835852165,24032.863285773703
Infants: 0.528 efficacy,2045.0,cancer_deaths,22917.935725027462,22050.77105047866,23785.10039957627
Infants: 0.528 efficacy,2046.0,cancer_deaths,23537.338897853893,21307.485825384494,25767.19197032329
Infants: 0.528 efficacy,2046.0,cancer_deaths,22174.650389175295,21803.007610491208,22546.29316785938
Infants: 0.528 efficacy,2046.0,cancer_deaths,22050.76966600361,22050.76861380257,22050.770718204647
Infants: 0.528 efficacy,2046.0,cancer_deaths,20440.320320150655,19077.631589956054,21803.00905034526
Infants: 0.528 efficacy,2047.0,cancer_deaths,19820.91709194523,16352.25579093691,23289.57839295355
Infants: 0.528 efficacy,2047.0,cancer_deaths,22670.174721716103,21059.725154347147,24280.62428908506
Infants: 0.528 efficacy,2047.0,cancer_deaths,18953.750922163366,16847.778683623663,21059.723160703074
Infants: 0.528 efficacy,2047.0,cancer_deaths,24776.146627981798,21555.247825517894,27997.0454304457
Infants: 0.528 efficacy,2048.0,cancer_deaths,24280.62417832706,21803.010157925302,26758.238198728817
Infants: 0.528 efficacy,2048.0,cancer_deaths,19697.03653491055,18829.870808160704,20564.20226166039
Infants: 0.528 efficacy,2048.0,cancer_deaths,22050.770385930635,17343.30190858443,26758.23886327684
Infants: 0.528 efficacy,2048.0,cancer_deaths,23661.2202301946,22050.770939720653,25271.669520668547
Infants: 0.528 efficacy,2049.0,cancer_deaths,20440.32087394068,19820.917479598247,21059.724268283113
Infants: 0.528 efficacy,2049.0,cancer_deaths,18953.75119905838,17343.301797826425,20564.200600290333
Infants: 0.528 efficacy,2049.0,cancer_deaths,23908.981178126967,21307.4859361425,26510.47642011143
Infants: 0.528 efficacy,2049.0,cancer_deaths,21803.008275039232,21803.00794276522,21803.008607313248
Infants: 0.528 efficacy,2050.0,cancer_deaths,21679.128437931577,20811.961825117698,22546.295050745455
Infants: 0.528 efficacy,2050.0,cancer_deaths,24900.02607743644,23537.33873171689,26262.71342315599
Infants: 0.528 efficacy,2050.0,cancer_deaths,23908.981178126964,22794.054171170745,25023.908185083183
Infants: 0.528 efficacy,2050.0,cancer_deaths,19325.393977742468,17838.824025965154,20811.963929519778
Infants: 0.528 efficacy,2051.0,cancer_deaths,23413.45889460923,22546.293500133397,24280.624289085063
Infants: 0.528 efficacy,2051.0,cancer_deaths,19697.036479531544,18582.110247881355,20811.96271118173
Infants: 0.528 efficacy,2051.0,cancer_deaths,23537.338510200876,23289.577063857498,23785.09995654425
Infants: 0.528 efficacy,2051.0,cancer_deaths,20564.202427797398,19820.91703656623,21307.487819028567
Infants: 0.528 efficacy,2052.0,cancer_deaths,19697.036258015534,19325.39381160546,20068.678704425613
Infants: 0.528 efficacy,2052.0,cancer_deaths,22050.770109035628,19573.155922496862,24528.38429557439
Infants: 0.528 efficacy,2052.0,cancer_deaths,20811.96315421375,19325.395140701512,22298.531167725985
Infants: 0.528 efficacy,2052.0,cancer_deaths,25519.43118852794,24280.623513779035,26758.238863276838
Infants: 0.528 efficacy,2053.0,cancer_deaths,22794.05428192875,22546.292614069363,23041.815949788135
Infants: 0.528 efficacy,2053.0,cancer_deaths,25891.073136526993,23041.81473145009,28740.331541603897
Infants: 0.528 efficacy,2053.0,cancer_deaths,20440.320320150655,19820.916482776203,21059.724157525106
Infants: 0.528 efficacy,2053.0,cancer_deaths,26758.23825410782,24528.384849364407,28988.091658851226
Infants: 0.528 efficacy,2054.0,cancer_deaths,20811.96320959275,17095.540683757063,24528.385735428437
Infants: 0.528 efficacy,2054.0,cancer_deaths,25023.908849631203,24776.147735561837,25271.66996370057
Infants: 0.528 efficacy,2054.0,cancer_deaths,22050.769887519615,20068.67815063559,24032.86162440364
Infants: 0.528 efficacy,2054.0,cancer_deaths,24900.026963500473,22794.054060412742,27005.9998665882
Infants: 0.528 efficacy,2055.0,cancer_deaths,22670.174223305083,21307.485714626488,24032.86273198368
Infants: 0.528 efficacy,2055.0,cancer_deaths,23289.57817143754,22546.29383240741,24032.862510467672
Infants: 0.528 efficacy,2055.0,cancer_deaths,22917.936278817484,19325.393922363466,26510.478635271505
Infants: 0.528 efficacy,2055.0,cancer_deaths,23041.815395998114,22546.292060279346,23537.33873171688
Infants: 0.528 efficacy,2056.0,cancer_deaths,23165.69678371783,22546.29405392342,23785.09951351224
Infants: 0.528 efficacy,2056.0,cancer_deaths,20440.322424552738,18582.11246304144,22298.532386064035
Infants: 0.528 efficacy,2056.0,cancer_deaths,20935.843766627433,18334.347915473947,23537.33961778092
Infants: 0.528 efficacy,2056.0,cancer_deaths,21555.246828695854,19820.916372018204,23289.577285373507
Infants: 0.528 efficacy,2057.0,cancer_deaths,21679.129268616605,21059.72504358914,22298.533493644074
Infants: 0.528 efficacy,2057.0,cancer_deaths,22546.294718471443,21555.248047033903,23537.341389908986
Infants: 0.528 efficacy,2057.0,cancer_deaths,25395.550465356246,24280.62417832706,26510.476752385435
Infants: 0.528 efficacy,2057.0,cancer_deaths,26882.12019561755,25271.670074458572,28492.570316776528
Infants: 0.528 efficacy,2058.0,cancer_deaths,24776.147071013813,24032.862510467672,25519.431631559954
Infants: 0.528 efficacy,2058.0,cancer_deaths,23413.45944839925,21307.48704372254,25519.431853075963
Infants: 0.528 efficacy,2058.0,cancer_deaths,25023.90696674513,23537.338067168857,26510.4758663214
Infants: 0.528 efficacy,2058.0,cancer_deaths,22422.412943098716,21555.24849006592,23289.577396131514
Infants: 0.528 efficacy,2059.0,cancer_deaths,22546.29405392342,20564.201818628375,24528.38628921846
Infants: 0.528 efficacy,2059.0,cancer_deaths,25519.431576180952,24280.624953633087,26758.238198728817
Infants: 0.528 efficacy,2059.0,cancer_deaths,23041.81639282015,21307.48660069052,24776.14618494978
Infants: 0.528 efficacy,2059.0,cancer_deaths,19449.275420841182,17591.065791603898,21307.485050078467
Infants: 0.528 efficacy,2060.0,cancer_deaths,23165.697559023858,23041.81572827213,23289.579389775587
Infants: 0.528 efficacy,2060.0,cancer_deaths,23537.339507022913,23289.57817143754,23785.100842608284
Infants: 0.528 efficacy,2060.0,cancer_deaths,20316.440483043003,17591.06446250785,23041.816503578157
Infants: 0.528 efficacy,2060.0,cancer_deaths,26510.47658624843,24032.86184591965,28988.09132657721
Infants: 0.528 efficacy,2061.0,cancer_deaths,22546.295106124457,20068.68136261771,25023.908849631203
Infants: 0.528 efficacy,2061.0,cancer_deaths,20935.84409890145,19077.63336208412,22794.054835718773
Infants: 0.528 efficacy,2061.0,cancer_deaths,21679.129767027625,18334.35068442405,25023.908849631203
Infants: 0.528 efficacy,2061.0,cancer_deaths,23165.69811281388,22546.295383019467,23785.10084260829
Infants: 0.528 efficacy,2062.0,cancer_deaths,21307.4859915215,17591.06346568581,25023.90851735719
Infants: 0.528 efficacy,2062.0,cancer_deaths,26138.835745829412,25767.193520935347,26510.47797072348
Infants: 0.528 efficacy,2062.0,cancer_deaths,23165.697946676868,22298.531389241994,24032.864504111745
Infants: 0.528 efficacy,2062.0,cancer_deaths,21183.605323728814,20316.43937546296,22050.771271994665
Infants: 0.528 efficacy,2063.0,cancer_deaths,19077.63441428516,18582.112241525432,19573.156587044887
Infants: 0.528 efficacy,2063.0,cancer_deaths,20440.32092931968,18334.34824774796,22546.293610891404
Infants: 0.528 efficacy,2063.0,cancer_deaths,24156.74339977637,21059.724046767107,27253.76275278563
Infants: 0.528 efficacy,2063.0,cancer_deaths,20688.082707937072,20316.44203365506,21059.72338221908
Infants: 0.528 efficacy,2064.0,cancer_deaths,20811.962323528718,19573.154925674826,22050.76972138261
Infants: 0.528 efficacy,2064.0,cancer_deaths,20192.560867451353,19325.39680207157,21059.724932831137
Infants: 0.528 efficacy,2064.0,cancer_deaths,24156.74400894539,22298.53216454802,26014.95585334276
Infants: 0.528 efficacy,2064.0,cancer_deaths,26262.71691203312,22546.294496955434,29979.139327110806
Infants: 0.528 efficacy,2065.0,cancer_deaths,20688.0834832431,20068.680365795673,21307.486600690525
Infants: 0.528 efficacy,2065.0,cancer_deaths,23413.45728861817,22546.2908419413,24280.62373529504
Infants: 0.528 efficacy,2065.0,cancer_deaths,21431.367711515228,17343.303569954493,25519.431853075963
Infants: 0.528 efficacy,2065.0,cancer_deaths,25147.787856053827,23041.816503578157,27253.759208529496
Infants: 0.528 efficacy,2066.0,cancer_deaths,22050.770053656623,18829.872469530765,25271.66763778248
Infants: 0.528 efficacy,2066.0,cancer_deaths,23537.339783917923,20316.441147591027,26758.238420244823
Infants: 0.528 efficacy,2066.0,cancer_deaths,22298.531167725985,22298.530835451973,22298.531499999997
Infants: 0.528 efficacy,2066.0,cancer_deaths,19077.633805116137,18829.873355594795,19325.39425463748
Infants: 0.528 efficacy,2067.0,cancer_deaths,22174.651662892342,20811.965037099817,23537.33828868487
Infants: 0.528 efficacy,2067.0,cancer_deaths,23785.100510334276,23289.57794992153,24280.623070747017
Infants: 0.528 efficacy,2067.0,cancer_deaths,25767.192856387323,24032.861181371623,27501.524531403018
Infants: 0.528 efficacy,2067.0,cancer_deaths,24652.26485260907,24032.861956677654,25271.667748540487
Infants: 0.528 efficacy,2068.0,cancer_deaths,22794.05428192875,21059.72526510515,24528.38329875235
Infants: 0.528 efficacy,2068.0,cancer_deaths,24404.50335088669,24280.622849231007,24528.38385254237
Infants: 0.528 efficacy,2068.0,cancer_deaths,23537.3391747489,22298.530835451973,24776.147514045828
Infants: 0.528 efficacy,2068.0,cancer_deaths,20688.083594001102,20316.441590623042,21059.725597379165
Infants: 0.528 efficacy,2069.0,cancer_deaths,18334.349438396504,15856.735944095268,20811.96293269774
Infants: 0.528 efficacy,2069.0,cancer_deaths,22670.174832474106,21803.010268683305,23537.33939626491
Infants: 0.528 efficacy,2069.0,cancer_deaths,22917.935946543475,22050.771936542693,23785.099956544254
Infants: 0.528 efficacy,2069.0,cancer_deaths,22050.769333729593,20068.678261393594,24032.860406065596
Infants: 0.528 efficacy,2070.0,cancer_deaths,22917.933842141396,22546.291506489324,23289.576177793468
Infants: 0.528 efficacy,2070.0,cancer_deaths,22546.293721649403,22298.531056967982,22794.056386330827
Infants: 0.528 efficacy,2070.0,cancer_deaths,22422.412721582707,22298.531832274013,22546.2936108914
Infants: 0.528 efficacy,2070.0,cancer_deaths,18582.112241525436,18086.588684290655,19077.635798760213
Infants: 0.528 efficacy,2071.0,cancer_deaths,20192.560313661335,19077.632697536093,21307.487929786574
Infants: 0.528 efficacy,2071.0,cancer_deaths,18334.349244569996,17591.064905539864,19077.633583600127
Infants: 0.528 efficacy,2071.0,cancer_deaths,21926.88921972693,21803.007610491208,22050.770828962653
Infants: 0.528 efficacy,2071.0,cancer_deaths,22422.412333929693,22050.770718204647,22794.053949654735
Infants: 0.528 efficacy,2072.0,cancer_deaths,21183.605046833807,18086.587133678597,24280.622959989014
Infants: 0.528 efficacy,2072.0,cancer_deaths,22050.76988751962,20316.440040010988,23785.09973502825
Infants: 0.528 efficacy,2072.0,cancer_deaths,21803.00988103029,20811.964594067802,22794.05516799278
Infants: 0.528 efficacy,2072.0,cancer_deaths,21307.48466242545,20564.1998249843,22050.7694998666
Infants: 0.528 efficacy,2073.0,cancer_deaths,21679.12771800455,21555.24616414783,21803.009271861272
Infants: 0.528 efficacy,2073.0,cancer_deaths,20068.679701247653,19077.63469118017,21059.72471131513
Infants: 0.528 efficacy,2073.0,cancer_deaths,24280.62367991604,23041.817721916203,25519.429637915877
Infants: 0.528 efficacy,2073.0,cancer_deaths,23785.100787229283,23041.81805419021,24528.38352026836
Infants: 0.528 efficacy,2074.0,cancer_deaths,24900.02676967396,22794.05466958176,27005.99886976616
Infants: 0.528 efficacy,2074.0,cancer_deaths,19573.15726543766,18334.351127456066,20811.963403419257
Infants: 0.528 efficacy,2074.0,cancer_deaths,20564.20162480187,20068.676876918544,21059.726372685192
Infants: 0.528 efficacy,2074.0,cancer_deaths,21555.2479916549,21307.48682220653,21803.009161103266
Infants: 0.528 efficacy,2075.0,cancer_deaths,21803.008994966258,19573.155811738856,24032.86217819366
Infants: 0.528 efficacy,2075.0,cancer_deaths,19697.036977942567,19325.39425463748,20068.679701247653
Infants: 0.528 efficacy,2075.0,cancer_deaths,20811.964151035783,18582.112573799444,23041.815728272126
Infants: 0.528 efficacy,2075.0,cancer_deaths,24280.623181505023,22794.05428192875,25767.192081081295
Infants: 0.528 efficacy,2076.0,cancer_deaths,20192.559427597298,19573.15647628688,20811.96237890772
Infants: 0.528 efficacy,2076.0,cancer_deaths,23785.101008745296,22050.77016441463,25519.431853075963
Infants: 0.528 efficacy,2076.0,cancer_deaths,24280.622904610012,23041.816392820154,25519.42941639987
Infants: 0.528 efficacy,2076.0,cancer_deaths,19820.91709194523,18086.587133678593,21555.247050211863
Infants: 0.528 efficacy,2077.0,cancer_deaths,21307.486656069526,19820.917701114253,22794.0556110248
Infants: 0.528 efficacy,2077.0,cancer_deaths,22794.05367275973,22050.769832140613,23537.337513378843
Infants: 0.528 efficacy,2077.0,cancer_deaths,20688.082264905053,17838.82568733522,23537.338842474892
Infants: 0.528 efficacy,2077.0,cancer_deaths,20688.08320634809,18829.873798626813,22546.292614069363
Infants: 0.528 efficacy,2078.0,cancer_deaths,23041.815894409134,19820.91703656623,26262.71475225204
Infants: 0.528 efficacy,2078.0,cancer_deaths,19820.917701114253,19325.396026765542,20316.439375462964
Infants: 0.528 efficacy,2078.0,cancer_deaths,20935.84365586943,19077.632919052103,22794.054392686754
Infants: 0.528 efficacy,2078.0,cancer_deaths,21183.60582213983,20316.44103683302,22050.77060744664
Infants: 0.528 efficacy,2079.0,cancer_deaths,22670.175552401135,21307.489037366613,24032.862067435657
Infants: 0.528 efficacy,2079.0,cancer_deaths,16476.13813394441,16352.25634472693,16600.019923161886
Infants: 0.528 efficacy,2079.0,cancer_deaths,22298.53210916902,21555.247382485875,23041.816835852165
Infants: 0.528 efficacy,2079.0,cancer_deaths,20688.08160035703,17343.30268389046,24032.8605168236
Infants: 0.528 efficacy,2080.0,cancer_deaths,20688.082264905053,19573.15536870684,21803.009161103262
Infants: 0.528 efficacy,2080.0,cancer_deaths,19449.27464553515,18829.870365128685,20068.67892594162
Infants: 0.528 efficacy,2080.0,cancer_deaths,21555.24850391067,19325.39458691149,23785.102420909847
Infants: 0.528 efficacy,2080.0,cancer_deaths,18953.751918985407,18334.34824774796,19573.15559022285
Infants: 0.528 efficacy,2081.0,cancer_deaths,20811.962766560737,18334.34769395794,23289.577839163532
Infants: 0.528 efficacy,2081.0,cancer_deaths,21803.008994966258,20316.439707736972,23289.578282195544
Infants: 0.528 efficacy,2081.0,cancer_deaths,21926.89010579096,21803.0100471673,22050.770164414625
Infants: 0.528 efficacy,2081.0,cancer_deaths,21803.008108902228,21059.723492977086,22546.29272482737
Infants: 0.528 efficacy,2082.0,cancer_deaths,24900.026437399953,22546.29278020637,27253.760094593534
Infants: 0.528 efficacy,2082.0,cancer_deaths,19573.155230259334,19325.39386698446,19820.91659353421
Infants: 0.528 efficacy,2082.0,cancer_deaths,20192.560272127084,18829.872358772758,21555.248185481407
Infants: 0.528 efficacy,2082.0,cancer_deaths,22917.935863474973,21307.48565924749,24528.386067702453
Infants: 0.528 efficacy,2083.0,cancer_deaths,22917.93530968495,21803.007942765224,24032.86267660468
Infants: 0.528 efficacy,2083.0,cancer_deaths,20316.43965235797,19573.154482642807,21059.724822073134
Infants: 0.528 efficacy,2083.0,cancer_deaths,20688.081766494033,20068.67781836158,21307.48571462649
Infants: 0.528 efficacy,2083.0,cancer_deaths,24900.02693581097,20811.962046633707,28988.09182498823
Infants: 0.528 efficacy,2084.0,cancer_deaths,22670.17408485758,21307.48516083647,24032.863008878692
Infants: 0.528 efficacy,2084.0,cancer_deaths,21555.246468732345,20564.200711048336,22546.29222641635
Infants: 0.528 efficacy,2084.0,cancer_deaths,18458.22786333961,15856.732344460133,21059.723382219083
Infants: 0.528 efficacy,2084.0,cancer_deaths,20688.081988010046,20316.439486220967,21059.724489799122
Infants: 0.528 efficacy,2085.0,cancer_deaths,19944.798285838435,15856.73251059714,24032.86406107973
Infants: 0.528 efficacy,2085.0,cancer_deaths,20811.963098834745,18829.871195813714,22794.055001855777
Infants: 0.528 efficacy,2085.0,cancer_deaths,21926.890175014712,20068.6783998411,23785.101950188327
Infants: 0.528 efficacy,2085.0,cancer_deaths,22050.769582935107,20316.439707736972,23785.099458133238
Infants: 0.528 efficacy,2086.0,cancer_deaths,19325.39388082921,17095.540379172548,21555.247382485875
Infants: 0.528 efficacy,2086.0,cancer_deaths,25147.789572802893,25023.908074325176,25271.67107128061
Infants: 0.528 efficacy,2086.0,cancer_deaths,23289.577742250276,20564.200627979833,26014.95485652072
Infants: 0.528 efficacy,2086.0,cancer_deaths,21555.24742402013,20068.678206014596,23041.816642025664
Infants: 0.528 efficacy,2087.0,cancer_deaths,20935.844361951706,18086.58646913057,23785.102254772843
Infants: 0.528 efficacy,2087.0,cancer_deaths,24156.74290136535,23041.816060546138,25271.66974218456
Infants: 0.528 efficacy,2087.0,cancer_deaths,20688.082223370802,18334.347777026444,23041.81666971516
Infants: 0.528 efficacy,2087.0,cancer_deaths,19944.7972613269,16847.779458929694,23041.815063724105
Infants: 0.528 efficacy,2088.0,cancer_deaths,22174.652188992863,20564.202206281392,23785.102171704337
Infants: 0.528 efficacy,2088.0,cancer_deaths,22917.936444954496,21555.24849006592,24280.62439984307
Infants: 0.528 efficacy,2088.0,cancer_deaths,22670.174707871352,22050.770884341655,23289.578531401054
Infants: 0.528 efficacy,2088.0,cancer_deaths,19449.27456246665,18829.87125119272,20068.677873740584
Infants: 0.528 efficacy,2089.0,cancer_deaths,21679.12766262555,20811.963043455744,22546.29228179535
Infants: 0.528 efficacy,2089.0,cancer_deaths,20316.43986002923,20316.439403152464,20316.440316905995
Infants: 0.528 efficacy,2089.0,cancer_deaths,22174.65051377805,21307.48518852597,23041.815839030132
Infants: 0.528 efficacy,2089.0,cancer_deaths,21059.724946675888,20068.679258215634,22050.770635136145
Infants: 0.528 efficacy,2090.0,cancer_deaths,21431.36649317718,20564.201486354363,22298.531499999997
Infants: 0.528 efficacy,2090.0,cancer_deaths,19697.035953431026,18086.585306171528,21307.486600690525
Infants: 0.528 efficacy,2090.0,cancer_deaths,22422.412333929693,21307.486240727012,23537.338427132374
Infants: 0.528 efficacy,2090.0,cancer_deaths,23041.81553444562,21059.72415752511,25023.90691136613
Infants: 0.528 efficacy,2091.0,cancer_deaths,21803.008538089493,19325.39414387947,24280.622932299513
Infants: 0.528 efficacy,2091.0,cancer_deaths,19697.036770271305,18829.871721914235,20564.20181862838
Infants: 0.528 efficacy,2091.0,cancer_deaths,20935.84336512967,18334.347721647442,23537.339008611896
Infants: 0.528 efficacy,2091.0,cancer_deaths,25147.787925277582,24776.145824986266,25519.430025568894
Infants: 0.528 efficacy,2092.0,cancer_deaths,23661.218928788054,20564.200766427337,26758.237091148774
Infants: 0.528 efficacy,2092.0,cancer_deaths,22174.650873741564,21059.724739004632,23289.5770084785
Infants: 0.528 efficacy,2092.0,cancer_deaths,21555.247105590868,20564.20209552339,22546.292115658347
Infants: 0.528 efficacy,2092.0,cancer_deaths,22050.77023363838,21307.485493110486,22794.054974166276
Infants: 0.528 efficacy,2093.0,cancer_deaths,22422.412638514204,21059.724766694133,23785.100510334276
Infants: 0.528 efficacy,2093.0,cancer_deaths,19573.1556040676,19325.394891496002,19820.916316639203
Infants: 0.528 efficacy,2093.0,cancer_deaths,21183.605337573565,21059.724628246626,21307.486046900503
Infants: 0.528 efficacy,2093.0,cancer_deaths,20935.843725093182,20068.67856597811,21803.008884208255
Infants: 0.528 efficacy,2094.0,cancer_deaths,21926.889731982697,21307.485770005493,22546.293693959902
Infants: 0.528 efficacy,2094.0,cancer_deaths,19077.632392951586,16847.778988208174,21307.485797694993
Infants: 0.528 efficacy,2094.0,cancer_deaths,24280.623403021033,24032.861624403642,24528.38518163842
Infants: 0.528 efficacy,2094.0,cancer_deaths,23413.45749628943,18582.109306438324,28244.805686140535
Infants: 0.528 efficacy,2095.0,cancer_deaths,24900.02721270598,22546.293417064895,27253.761008347068
Infants: 0.528 efficacy,2095.0,cancer_deaths,23537.339008611896,19573.15564560185,27501.52237162194
Infants: 0.528 efficacy,2095.0,cancer_deaths,23041.81531292961,23041.81528524011,23041.815340619112
Infants: 0.528 efficacy,2095.0,cancer_deaths,22794.05511261378,22546.293693959902,23041.816531267657
Infants: 0.528 efficacy,2096.0,cancer_deaths,22422.411904742425,19077.631977609068,25767.191831875785
Infants: 0.528 efficacy,2096.0,cancer_deaths,27377.641413089492,24280.623762984545,30474.659063194442
Infants: 0.528 efficacy,2096.0,cancer_deaths,22050.770081346123,18334.34827543746,25767.191887254787
Infants: 0.528 efficacy,2096.0,cancer_deaths,23413.458174682204,21555.24693945386,25271.669409910548
Infants: 0.528 efficacy,2097.0,cancer_deaths,21431.36617474792,20068.67862135711,22794.05372813873
Infants: 0.528 efficacy,2097.0,cancer_deaths,22917.93525430595,19573.156005565368,26262.714503046533
Infants: 0.528 efficacy,2097.0,cancer_deaths,25395.549786963475,20811.96307114525,29979.1365027817
Infants: 0.528 efficacy,2097.0,cancer_deaths,24280.62363838179,21803.00902265576,26758.238254107815
Infants: 0.528 efficacy,2098.0,cancer_deaths,22050.769278350595,22050.769167592593,22050.7693891086
Infants: 0.528 efficacy,2098.0,cancer_deaths,24404.503904676712,20811.96362493527,27997.044184418155
Infants: 0.528 efficacy,2098.0,cancer_deaths,22794.054544979008,20811.963403419257,24776.145686538763
Infants: 0.528 efficacy,2098.0,cancer_deaths,20688.08158651228,19573.15473184832,21803.00844117624
Infants: 0.528 efficacy,2099.0,cancer_deaths,25891.072375065716,25023.907437466652,26758.23731266478
Infants: 0.528 efficacy,2099.0,cancer_deaths,20935.842922097654,19077.631756093062,22794.054088102243
Infants: 0.528 efficacy,2099.0,cancer_deaths,23289.577493044766,22546.293195548886,24032.861790540646
Infants: 0.528 efficacy,2099.0,cancer_deaths,21307.485770005493,20068.67862135711,22546.292918653875
Infants: 0.528 efficacy,2100.0,cancer_deaths,24776.145229661994,22298.53047548846,27253.759983835527
Infants: 0.528 efficacy,1960.0,cum_cancers,0.0,0.0,0.0
Infants: 0.528 efficacy,1960.0,cum_cancers,0.0,0.0,0.0
Infants: 0.528 efficacy,1960.0,cum_cancers,0.0,0.0,0.0
Infants: 0.528 efficacy,1960.0,cum_cancers,0.0,0.0,0.0
Infants: 0.528 efficacy,1961.0,cum_cancers,0.0,0.0,0.0
Infants: 0.528 efficacy,1961.0,cum_cancers,0.0,0.0,0.0
Infants: 0.528 efficacy,1961.0,cum_cancers,0.0,0.0,0.0
Infants: 0.528 efficacy,1961.0,cum_cancers,0.0,0.0,0.0
Infants: 0.528 efficacy,1962.0,cum_cancers,0.0,0.0,0.0
Infants: 0.528 efficacy,1962.0,cum_cancers,0.0,0.0,0.0
Infants: 0.528 efficacy,1962.0,cum_cancers,0.0,0.0,0.0
Infants: 0.528 efficacy,1962.0,cum_cancers,0.0,0.0,0.0
Infants: 0.528 efficacy,1963.0,cum_cancers,247.76147403287825,0.0,495.5229480657565
Infants: 0.528 efficacy,1963.0,cum_cancers,247.76147403287825,0.0,495.5229480657565
Infants: 0.528 efficacy,1963.0,cum_cancers,495.5229480657565,495.5229480657565,495.5229480657565
Infants: 0.528 efficacy,1963.0,cum_cancers,619.4036850821956,495.5229480657565,743.2844220986348
Infants: 0.528 efficacy,1964.0,cum_cancers,619.4036850821956,495.5229480657565,743.2844220986348
Infants: 0.528 efficacy,1964.0,cum_cancers,619.4036850821956,495.5229480657565,743.2844220986348
Infants: 0.528 efficacy,1964.0,cum_cancers,867.165159115074,743.2844220986348,991.045896131513
Infants: 0.528 efficacy,1964.0,cum_cancers,1114.926633147952,991.045896131513,1238.8073701643912
Infants: 0.528 efficacy,1965.0,cum_cancers,1486.5688441972693,1238.8073701643912,1734.3303182301477
Infants: 0.528 efficacy,1965.0,cum_cancers,1734.3303182301477,1238.8073701643912,2229.853266295904
Infants: 0.528 efficacy,1965.0,cum_cancers,2105.9725292794647,1486.5688441972693,2725.3762143616605
Infants: 0.528 efficacy,1965.0,cum_cancers,2601.495477345221,2229.8532662959037,2973.1376883945386
Infants: 0.528 efficacy,1966.0,cum_cancers,2973.1376883945386,2725.3762143616605,3220.8991624274167
Infants: 0.528 efficacy,1966.0,cum_cancers,3344.779899443856,2973.1376883945386,3716.422110493173
Infants: 0.528 efficacy,1966.0,cum_cancers,4211.945058558929,3468.660636460295,4955.229480657564
Infants: 0.528 efficacy,1966.0,cum_cancers,4583.587269608246,3716.422110493173,5450.75242872332
Infants: 0.528 efficacy,1967.0,cum_cancers,5450.752428723321,4707.4680066246865,6194.036850821955
Infants: 0.528 efficacy,1967.0,cum_cancers,6070.156113805517,5202.990954690443,6937.32127292059
Infants: 0.528 efficacy,1967.0,cum_cancers,7556.724971847536,7185.082746953469,7928.367196741604
Infants: 0.528 efficacy,1967.0,cum_cancers,8547.770881823799,7680.605695019224,9414.936068628374
Infants: 0.528 efficacy,1968.0,cum_cancers,9291.055290077684,8919.413037494116,9662.697542661252
Infants: 0.528 efficacy,1968.0,cum_cancers,9910.45897515988,9414.935985559872,10405.981964759887
Infants: 0.528 efficacy,1968.0,cum_cancers,10405.981923225634,10158.220407658506,10653.743438792764
Infants: 0.528 efficacy,1968.0,cum_cancers,11644.789307234778,11149.26630379002,12140.312310679536
Infants: 0.528 efficacy,1969.0,cum_cancers,12264.192992316972,11644.789251855775,12883.59673277817
Infants: 0.528 efficacy,1969.0,cum_cancers,13379.119639309674,12635.835175676788,14122.40410294256
Infants: 0.528 efficacy,1969.0,cum_cancers,15237.330666866761,15113.449832937069,15361.211500796453
Infants: 0.528 efficacy,1969.0,cum_cancers,16600.01877404759,16352.257396927966,16847.780151167215
Infants: 0.528 efficacy,1970.0,cum_cancers,18953.752708136184,18829.872054188247,19077.633362084118
Infants: 0.528 efficacy,1970.0,cum_cancers,21555.24811625765,21555.2480470339,21555.248185481407
Infants: 0.528 efficacy,1970.0,cum_cancers,23041.81697429967,22794.05555564579,23289.578392953546
Infants: 0.528 efficacy,1970.0,cum_cancers,23661.220659381863,23289.57850371155,24032.86281505218
Infants: 0.528 efficacy,1971.0,cum_cancers,25147.789503579137,25023.908711183696,25271.670295974574
Infants: 0.528 efficacy,1971.0,cum_cancers,27253.76201901385,26014.95471807321,28492.56931995449
Infants: 0.528 efficacy,1971.0,cum_cancers,29731.376731653134,27749.285091682366,31713.4683716239
Infants: 0.528 efficacy,1971.0,cum_cancers,32085.110734965474,29731.376911634892,34438.844558296056
Infants: 0.528 efficacy,1972.0,cum_cancers,34686.606143086945,32704.514544650425,36668.69774152346
Infants: 0.528 efficacy,1972.0,cum_cancers,38774.670381560936,35677.652205355465,41871.6885577664
Infants: 0.528 efficacy,1972.0,cum_cancers,41747.80801457647,38898.55128471438,44597.064744438554
Infants: 0.528 efficacy,1972.0,cum_cancers,46207.514505634026,43853.78070999295,48561.24830127511
Infants: 0.528 efficacy,1973.0,cum_cancers,49428.413640371946,47322.44129107424,51534.38598966965
Infants: 0.528 efficacy,1973.0,cum_cancers,51782.14765752904,49800.05603140303,53764.23928365506
Infants: 0.528 efficacy,1973.0,cum_cancers,55994.092646864214,53516.47808651719,58471.707207211235
Infants: 0.528 efficacy,1973.0,cum_cancers,58100.065162298924,55498.56987878021,60701.56044581764
Infants: 0.528 efficacy,1974.0,cum_cancers,61940.367982119045,58223.94603776288,65656.7899264752
Infants: 0.528 efficacy,1974.0,cum_cancers,67391.12027239485,62435.891013253306,72346.34953153641
Infants: 0.528 efficacy,1974.0,cum_cancers,70488.13864242684,65656.79012030172,75319.48716455195
Infants: 0.528 efficacy,1974.0,cum_cancers,76929.93678729991,72841.87264573917,81018.00092886065
Infants: 0.528 efficacy,1975.0,cum_cancers,81018.00106730816,76310.53325450998,85725.46888010633
Infants: 0.528 efficacy,1975.0,cum_cancers,86468.75392521874,83495.61680445897,89441.89104597851
Infants: 0.528 efficacy,1975.0,cum_cancers,90185.17595264342,87212.03883188365,93158.31307340317
Infants: 0.528 efficacy,1975.0,cum_cancers,95388.16674119685,91919.50672775033,98856.82675464338
Infants: 0.528 efficacy,1976.0,cum_cancers,99847.87316303066,94397.12141270011,105298.62491336119
Infants: 0.528 efficacy,1976.0,cum_cancers,103564.29519045532,98113.54346781428,109015.04691309636
Infants: 0.528 efficacy,1976.0,cum_cancers,107528.47871960237,103068.77286540334,111988.18457380141
Infants: 0.528 efficacy,1976.0,cum_cancers,112112.06585076312,107032.95636686089,117191.17533466533
Infants: 0.528 efficacy,1977.0,cum_cancers,117686.69894727912,112979.23157751295,122394.16631704528
Infants: 0.528 efficacy,1977.0,cum_cancers,123632.97419946545,120659.83710639519,126606.1112925357
Infants: 0.528 efficacy,1977.0,cum_cancers,127473.2769500618,124871.78208188561,130074.77181823799
Infants: 0.528 efficacy,1977.0,cum_cancers,134410.59851372213,132304.62669052495,136516.57033691934
Infants: 0.528 efficacy,1978.0,cum_cancers,139118.0664234336,138003.14053790216,140232.992308965
Infants: 0.528 efficacy,1978.0,cum_cancers,144197.17654419434,143949.41580393325,144444.93728445543
Infants: 0.528 efficacy,1978.0,cum_cancers,149524.04809745372,148904.6451461433,150143.45104876414
Infants: 0.528 efficacy,1978.0,cum_cancers,156213.60771635966,154850.9204398639,157576.29499285546
Infants: 0.528 efficacy,1979.0,cum_cancers,163646.45231115428,159558.38841879903,167734.51620350953
Infants: 0.528 efficacy,1979.0,cum_cancers,170583.77339024836,164761.379179663,176406.16760083375
Infants: 0.528 efficacy,1979.0,cum_cancers,176653.9293379169,170955.41589203745,182352.44278379634
Infants: 0.528 efficacy,1979.0,cum_cancers,185697.22395695726,179379.30695059837,192015.14096331614
Infants: 0.528 efficacy,1980.0,cum_cancers,192882.3066762212,184582.29782222028,201182.3155302221
Infants: 0.528 efficacy,1980.0,cum_cancers,200686.79364820215,193006.18846543867,208367.39883096563
Infants: 0.528 efficacy,1980.0,cum_cancers,205518.1424333775,198456.940894162,212579.34397259305
Infants: 0.528 efficacy,1980.0,cum_cancers,211464.41763018485,203412.17023637207,219516.66502399763
Infants: 0.528 efficacy,1981.0,cum_cancers,219640.54631480406,210597.252955636,228683.83967397214
Infants: 0.528 efficacy,1981.0,cum_cancers,225834.5829856443,217534.57400704062,234134.59196424796
Infants: 0.528 efficacy,1981.0,cum_cancers,233391.30772213108,223976.37216575845,242806.24327850368
Infants: 0.528 efficacy,1981.0,cum_cancers,240080.86738257128,230913.693272542,249248.04149260055
Infants: 0.528 efficacy,1982.0,cum_cancers,249991.32695305542,239089.8222202115,260892.83168589935
Infants: 0.528 efficacy,1982.0,cum_cancers,256309.24440244632,246027.14343775308,266591.34536713955
Infants: 0.528 efficacy,1982.0,cum_cancers,264857.01579652587,253212.22621239608,276501.8053806556
Infants: 0.528 efficacy,1982.0,cum_cancers,272537.62153307936,260892.8316028308,284182.41146332794
Infants: 0.528 efficacy,1983.0,cum_cancers,280837.63076088857,268325.67565768014,293349.58586409694
Infants: 0.528 efficacy,1983.0,cum_cancers,289261.5214456412,275758.520072493,302764.52281878935
Infants: 0.528 efficacy,1983.0,cum_cancers,296818.24616828316,284925.694251746,308710.7980848204
Infants: 0.528 efficacy,1983.0,cum_cancers,304746.61307428504,293349.58400890033,316143.64213966974
Infants: 0.528 efficacy,1984.0,cum_cancers,314161.54958594544,301030.1897316091,327292.9094402818
Infants: 0.528 efficacy,1984.0,cum_cancers,320603.34773081855,307471.98794570594,333734.70751593116
Infants: 0.528 efficacy,1984.0,cum_cancers,327912.31114556466,314161.54760614614,341663.07468498324
Infants: 0.528 efficacy,1984.0,cum_cancers,335840.67824539304,321594.3916056165,350086.9648851696
Infants: 0.528 efficacy,1985.0,cum_cancers,343645.16453898116,330018.28166735533,357272.047410607
Infants: 0.528 efficacy,1985.0,cum_cancers,352192.9354346497,337698.887168548,366686.9837007514
Infants: 0.528 efficacy,1985.0,cum_cancers,360369.0638839082,347361.5844620038,373376.54330581264
Infants: 0.528 efficacy,1985.0,cum_cancers,366563.1009977804,353060.0982816915,380066.1037138693
Infants: 0.528 efficacy,1986.0,cum_cancers,375730.2755646864,362227.27312549244,389233.2780038804
Infants: 0.528 efficacy,1986.0,cum_cancers,385392.97375805094,370651.16343643685,400134.784079665
Infants: 0.528 efficacy,1986.0,cum_cancers,395055.6719098812,381552.66945684253,408558.6743629199
Infants: 0.528 efficacy,1986.0,cum_cancers,401992.993168957,389233.2753456882,414752.7109922258
Infants: 0.528 efficacy,1987.0,cum_cancers,411036.2868742439,395922.83500612853,426149.7387423592
Infants: 0.528 efficacy,1987.0,cum_cancers,419955.70009171974,407319.8629777779,432591.5372056616
Infants: 0.528 efficacy,1987.0,cum_cancers,428998.99440617557,415991.51515040814,442006.47366194293
Infants: 0.528 efficacy,1987.0,cum_cancers,438290.0500285273,425901.9738902073,450678.12616684724
Infants: 0.528 efficacy,1988.0,cum_cancers,447828.86738796206,437051.24108006136,458606.4936958628
Infants: 0.528 efficacy,1988.0,cum_cancers,455509.4733321868,446466.17775785876,464552.7689065149
Infants: 0.528 efficacy,1988.0,cum_cancers,463066.1983040343,454642.3062071172,471490.09040095145
Infants: 0.528 efficacy,1988.0,cum_cancers,473719.9425735122,464305.00433125807,483134.8808157663
Infants: 0.528 efficacy,1989.0,cum_cancers,482391.59397083643,472481.1327251375,492302.05521653534
Infants: 0.528 efficacy,1989.0,cum_cancers,491558.7686069661,480657.26111901697,502460.27609491535
Infants: 0.528 efficacy,1989.0,cum_cancers,503079.6774679243,492054.28864763444,514105.0662882142
Infants: 0.528 efficacy,1989.0,cum_cancers,512370.733533308,500973.702598882,523767.76446773397
Infants: 0.528 efficacy,1990.0,cum_cancers,522900.5967196506,513609.5389098284,532191.6545294728
Infants: 0.528 efficacy,1990.0,cum_cancers,531324.4865875631,523024.47453542484,539624.4986397013
Infants: 0.528 efficacy,1990.0,cum_cancers,540615.5423760517,530209.5570331728,551021.5277189306
Infants: 0.528 efficacy,1990.0,cum_cancers,549782.7167768208,541358.8228939308,558206.6106597107
Infants: 0.528 efficacy,1991.0,cum_cancers,560312.5802400582,551021.5208519346,569603.639628182
Infants: 0.528 efficacy,1991.0,cum_cancers,571337.9665406037,563657.3567198488,579018.5763613585
Infants: 0.528 efficacy,1991.0,cum_cancers,580752.9029691955,573320.0539025465,588185.7520358445
Infants: 0.528 efficacy,1991.0,cum_cancers,589052.9125985025,578770.8063035804,599335.0188934245
Infants: 0.528 efficacy,1992.0,cum_cancers,598096.2064699263,587937.9813688975,608254.4315709552
Infants: 0.528 efficacy,1992.0,cum_cancers,606272.3356252671,595123.0639220243,617421.6073285098
Infants: 0.528 efficacy,1992.0,cum_cancers,616058.9140295475,604290.2384335514,627827.5896255437
Infants: 0.528 efficacy,1992.0,cum_cancers,626712.6582159568,615191.74428782,638233.5721440935
Infants: 0.528 efficacy,1993.0,cum_cancers,636870.8787897523,624358.9185778311,649382.8390016735
Infants: 0.528 efficacy,1993.0,cum_cancers,646038.0534674162,634021.6158712867,658054.4910635458
Infants: 0.528 efficacy,1993.0,cum_cancers,653594.7785084876,640463.4140576941,666726.1429592811
Infants: 0.528 efficacy,1993.0,cum_cancers,663505.2381897297,650373.8734066623,676636.6029727972
Infants: 0.528 efficacy,1994.0,cum_cancers,671681.3675665866,658302.2407418515,685060.4943913217
Infants: 0.528 efficacy,1994.0,cum_cancers,680848.5427288169,666973.8925545182,694723.1929031154
Infants: 0.528 efficacy,1994.0,cum_cancers,689520.194458415,674902.2595020543,704138.1294147758
Infants: 0.528 efficacy,1994.0,cum_cancers,699554.5345305549,683573.9107886206,715535.1582724892
Infants: 0.528 efficacy,1995.0,cum_cancers,710084.3967200754,697696.314116257,722472.4793238938
Infants: 0.528 efficacy,1995.0,cum_cancers,719994.8560136646,707854.5346346736,732135.1773926556
Infants: 0.528 efficacy,1995.0,cum_cancers,731144.1224282125,717021.7088139266,745266.5360424987
Infants: 0.528 efficacy,1995.0,cum_cancers,739320.2509882291,725941.1215468361,752699.380429622
Infants: 0.528 efficacy,1996.0,cum_cancers,749850.1143545534,735851.5812003887,763848.647508718
Infants: 0.528 efficacy,1996.0,cum_cancers,761371.023796991,748982.9404040219,773759.1071899602
Infants: 0.528 efficacy,1996.0,cum_cancers,773387.4562982523,763353.1068393717,783421.8057571329
Infants: 0.528 efficacy,1996.0,cum_cancers,784041.2000970086,774254.6122506085,793827.7879434088
Infants: 0.528 efficacy,1997.0,cum_cancers,795685.9906225814,785403.8793297046,805968.1019154583
Infants: 0.528 efficacy,1997.0,cum_cancers,805968.0924318044,797296.4308585887,814639.75400502
Infants: 0.528 efficacy,1997.0,cum_cancers,816002.4324485653,807702.4131556225,824302.451741508
Infants: 0.528 efficacy,1997.0,cum_cancers,826780.057095096,817860.6344493452,835699.4797408469
Infants: 0.528 efficacy,1998.0,cum_cancers,836814.3968349618,829753.1853136813,843875.6083562425
Infants: 0.528 efficacy,1998.0,cum_cancers,845609.9293984898,839663.6449395445,851556.213857435
Infants: 0.528 efficacy,1998.0,cum_cancers,853662.1771245766,848583.0578939702,858741.296355183
Infants: 0.528 efficacy,1998.0,cum_cancers,862705.4714390323,858741.2784123867,866669.6644656782
Infants: 0.528 efficacy,1999.0,cum_cancers,873483.0961270975,869642.7831590754,877323.4090951195
Infants: 0.528 efficacy,1999.0,cum_cancers,885004.0051541924,883021.9036982937,886986.1066100912
Infants: 0.528 efficacy,1999.0,cum_cancers,895533.8689081699,892436.8405699177,898630.897246422
Infants: 0.528 efficacy,1999.0,cum_cancers,906187.6128176842,905320.4382164493,907054.7874189189
Infants: 0.528 efficacy,2000.0,cum_cancers,917212.9977337546,913744.3282781882,920681.6671893208
Infants: 0.528 efficacy,2000.0,cum_cancers,927742.8613908186,925389.1190806562,930096.603700981
Infants: 0.528 efficacy,2000.0,cum_cancers,938024.9631861968,935795.101156174,940254.8252162195
Infants: 0.528 efficacy,2000.0,cum_cancers,948554.8257910599,946201.083453208,950908.5681289118
Infants: 0.528 efficacy,2001.0,cum_cancers,958713.0469740243,958341.3966499513,959084.6972980973
Infants: 0.528 efficacy,2001.0,cum_cancers,972092.1668210054,971720.5332213908,972463.80042062
Infants: 0.528 efficacy,2001.0,cum_cancers,982002.626474558,981383.2147595207,982622.0381895953
Infants: 0.528 efficacy,2001.0,cum_cancers,993647.4161694457,993028.0039559975,994266.828382894
Infants: 0.528 efficacy,2002.0,cum_cancers,1004548.9214145455,1004177.2874549673,1004920.5553741237
Infants: 0.528 efficacy,2002.0,cum_cancers,1015326.545964163,1012848.9393507027,1017804.1525776233
Infants: 0.528 efficacy,2002.0,cum_cancers,1025237.004980857,1023254.9213154624,1027219.0886462517
Infants: 0.528 efficacy,2002.0,cum_cancers,1036138.5105582308,1032669.8572733329,1039607.1638431286
Infants: 0.528 efficacy,2003.0,cum_cancers,1047287.7769450892,1046048.9764834553,1048526.5774067233
Infants: 0.528 efficacy,2003.0,cum_cancers,1059551.9709757627,1058684.8127944018,1060419.1291571234
Infants: 0.528 efficacy,2003.0,cum_cancers,1069957.953245107,1069834.0800950138,1070081.8263952003
Infants: 0.528 efficacy,2003.0,cum_cancers,1079001.2472549784,1077762.432228667,1080240.0622812896
Infants: 0.528 efficacy,2004.0,cum_cancers,1089778.8720814907,1088168.4151902488,1091389.3289727326
Infants: 0.528 efficacy,2004.0,cum_cancers,1098946.0467314653,1097583.3512588772,1100308.7422040533
Infants: 0.528 efficacy,2004.0,cum_cancers,1110962.4789281422,1109723.6637910728,1112201.2940652117
Infants: 0.528 efficacy,2004.0,cum_cancers,1121492.3421975533,1121368.4537628554,1121616.230632251
Infants: 0.528 efficacy,2005.0,cum_cancers,1133013.2510585114,1132765.497379073,1133261.0047379497
Infants: 0.528 efficacy,2005.0,cum_cancers,1143914.75635899,1141684.9107211516,1146144.6019968283
Infants: 0.528 efficacy,2005.0,cum_cancers,1155435.6657737382,1152586.4163539042,1158284.915193572
Infants: 0.528 efficacy,2005.0,cum_cancers,1166213.2903787345,1162744.637647627,1169681.9431098423
Infants: 0.528 efficacy,2006.0,cum_cancers,1179716.2905889237,1178353.6090995336,1181078.9720783136
Infants: 0.528 efficacy,2006.0,cum_cancers,1189998.3920243382,1189750.6372096306,1190246.1468390462
Infants: 0.528 efficacy,2006.0,cum_cancers,1201147.6586604025,1201147.652250283,1201147.6650705219
Infants: 0.528 efficacy,2006.0,cum_cancers,1211553.641469692,1210067.0792709752,1213040.203668409
Infants: 0.528 efficacy,2007.0,cum_cancers,1223570.073223337,1222455.153027998,1224684.9934186758
Infants: 0.528 efficacy,2007.0,cum_cancers,1237692.4782123435,1237320.8297296222,1238064.1266950648
Infants: 0.528 efficacy,2007.0,cum_cancers,1249956.6721876378,1247974.5741375475,1251938.770237728
Infants: 0.528 efficacy,2007.0,cum_cancers,1262964.1496297428,1258876.0796872317,1267052.2195722542
Infants: 0.528 efficacy,2008.0,cum_cancers,1273246.2518266188,1271016.392662459,1275476.1109907785
Infants: 0.528 efficacy,2008.0,cum_cancers,1288607.4639365845,1285882.083208834,1291332.8446643348
Infants: 0.528 efficacy,2008.0,cum_cancers,1301119.419192085,1298517.9191875064,1303720.919196664
Infants: 0.528 efficacy,2008.0,cum_cancers,1312020.9248248376,1308923.9015952982,1315117.9480543772
Infants: 0.528 efficacy,2009.0,cum_cancers,1322922.4308037092,1319329.88455688,1326514.9770505382
Infants: 0.528 efficacy,2009.0,cum_cancers,1335186.6245574872,1332709.0049853404,1337664.2441296342
Infants: 0.528 efficacy,2009.0,cum_cancers,1346335.8913043095,1342123.9410539689,1350547.84155465
Infants: 0.528 efficacy,2009.0,cum_cancers,1360210.5343485614,1357237.3918283489,1363183.6768687742
Infants: 0.528 efficacy,2010.0,cum_cancers,1372226.9667667544,1370120.9892533645,1374332.9442801443
Infants: 0.528 efficacy,2010.0,cum_cancers,1383500.1148459173,1380526.9722149468,1386473.257476888
Infants: 0.528 efficacy,2010.0,cum_cancers,1394525.501091084,1391676.239072527,1397374.7631096407
Infants: 0.528 efficacy,2010.0,cum_cancers,1410010.5933704306,1407532.9724138088,1412488.2143270527
Infants: 0.528 efficacy,2011.0,cum_cancers,1423761.3541962784,1421159.8521842104,1426362.856208346
Infants: 0.528 efficacy,2011.0,cum_cancers,1436025.5478392984,1433547.9268272978,1438503.1688512992
Infants: 0.528 efficacy,2011.0,cum_cancers,1447050.9338352594,1442219.578723033,1451882.2889474859
Infants: 0.528 efficacy,2011.0,cum_cancers,1459810.6500663818,1457580.7902792084,1462040.5098535554
Infants: 0.528 efficacy,2012.0,cum_cancers,1470464.3940866538,1467243.488791002,1473685.299382306
Infants: 0.528 efficacy,2012.0,cum_cancers,1485082.3215253155,1484091.2696897862,1486073.3733608448
Infants: 0.528 efficacy,2012.0,cum_cancers,1498709.2033447404,1497965.9126786594,1499452.4940108217
Infants: 0.528 efficacy,2012.0,cum_cancers,1511840.5614961723,1508124.1341938977,1515556.988798447
Infants: 0.528 efficacy,2013.0,cum_cancers,1525343.5625924254,1522989.8235219344,1527697.3016629166
Infants: 0.528 efficacy,2013.0,cum_cancers,1539837.6089756414,1539094.3306313881,1540580.8873198945
Infants: 0.528 efficacy,2013.0,cum_cancers,1553588.3705767947,1551730.1659455122,1555446.575208077
Infants: 0.528 efficacy,2013.0,cum_cancers,1568454.0601817265,1567834.662948298,1569073.457415155
Infants: 0.528 efficacy,2014.0,cum_cancers,1584558.555357005,1582700.3522763345,1586416.7584376754
Infants: 0.528 efficacy,2014.0,cum_cancers,1597566.0336713295,1595831.7114799677,1599300.3558626913
Infants: 0.528 efficacy,2014.0,cum_cancers,1613918.2909574993,1611936.2083719952,1615900.3735430033
Infants: 0.528 efficacy,2014.0,cum_cancers,1628288.4567283012,1627545.1811529982,1629031.7323036043
Infants: 0.528 efficacy,2015.0,cum_cancers,1642410.8604159013,1641915.3295624831,1642906.3912693195
Infants: 0.528 efficacy,2015.0,cum_cancers,1659506.4007120053,1656285.494225705,1662727.3071983056
Infants: 0.528 efficacy,2015.0,cum_cancers,1674372.089264736,1670655.6604395388,1678088.518089933
Infants: 0.528 efficacy,2015.0,cum_cancers,1688618.373218631,1688494.500165451,1688742.246271811
Infants: 0.528 efficacy,2016.0,cum_cancers,1705094.5120032788,1702864.6517038497,1707324.3723027078
Infants: 0.528 efficacy,2016.0,cum_cancers,1719712.438777392,1716739.2951357549,1722685.5824190292
Infants: 0.528 efficacy,2016.0,cum_cancers,1734206.4861020506,1729870.6540071138,1738542.3181969873
Infants: 0.528 efficacy,2016.0,cum_cancers,1748452.7712050597,1743002.013099989,1753903.5293101307
Infants: 0.528 efficacy,2017.0,cum_cancers,1762079.6516953888,1760840.8373474702,1763318.4660433074
Infants: 0.528 efficacy,2017.0,cum_cancers,1777812.5049226682,1776449.809574683,1779175.2002706535
Infants: 0.528 efficacy,2017.0,cum_cancers,1792925.9542571944,1791811.0364708418,1794040.8720435468
Infants: 0.528 efficacy,2017.0,cum_cancers,1812746.8709614864,1811384.173730615,1814109.568192358
Infants: 0.528 efficacy,2018.0,cum_cancers,1828603.6048565586,1828231.9519712068,1828975.2577419106
Infants: 0.528 efficacy,2018.0,cum_cancers,1843964.8155820493,1843593.1631951085,1844336.46796899
Infants: 0.528 efficacy,2018.0,cum_cancers,1861803.6406602152,1860193.1815399686,1863414.099780462
Infants: 0.528 efficacy,2018.0,cum_cancers,1875802.1650368082,1873820.0638578043,1877784.266215812
Infants: 0.528 efficacy,2019.0,cum_cancers,1890791.733343578,1890172.3399174558,1891411.1267697003
Infants: 0.528 efficacy,2019.0,cum_cancers,1907515.632910021,1905781.3136952806,1909249.9521247614
Infants: 0.528 efficacy,2019.0,cum_cancers,1922876.8448538496,1920894.7630298068,1924858.9266778925
Infants: 0.528 efficacy,2019.0,cum_cancers,1937990.2946867864,1936255.973256886,1939724.616116687
Infants: 0.528 efficacy,2020.0,cum_cancers,1952608.2218623976,1949635.093713036,1955581.3500117592
Infants: 0.528 efficacy,2020.0,cum_cancers,1968217.1946434006,1965491.8280511403,1970942.5612356607
Infants: 0.528 efficacy,2020.0,cum_cancers,1985188.8541609538,1981596.323060282,1988781.3852616257
Infants: 0.528 efficacy,2020.0,cum_cancers,2004018.7262982107,2002656.047550081,2005381.40504634
Infants: 0.528 efficacy,2021.0,cum_cancers,2021485.9094283779,2019999.3504554876,2022972.4684012681
Infants: 0.528 efficacy,2021.0,cum_cancers,2037094.8834554078,2035360.56328538,2038829.203625436
Infants: 0.528 efficacy,2021.0,cum_cancers,2055676.9933710154,2054685.9375205084,2056668.0492215224
Infants: 0.528 efficacy,2021.0,cum_cancers,2072896.414556428,2070542.6710833064,2075250.1580295498
Infants: 0.528 efficacy,2022.0,cum_cancers,2090363.5981296273,2085656.1218576864,2095071.074401568
Infants: 0.528 efficacy,2022.0,cum_cancers,2106220.3329661423,2102751.66497812,2109689.000954165
Infants: 0.528 efficacy,2022.0,cum_cancers,2121953.185695011,2118112.8758697473,2125793.495520275
Infants: 0.528 efficacy,2022.0,cum_cancers,2138057.681091806,2135456.1773352996,2140659.184848312
Infants: 0.528 efficacy,2023.0,cum_cancers,2155896.505394666,2152799.4784685783,2158993.5323207537
Infants: 0.528 efficacy,2023.0,cum_cancers,2176832.3480814025,2171877.1096708807,2181787.5864919242
Infants: 0.528 efficacy,2023.0,cum_cancers,2195662.2193879746,2188724.889572843,2202599.549203106
Infants: 0.528 efficacy,2023.0,cum_cancers,2213624.9250785545,2206563.7151494203,2220686.135007689
Infants: 0.528 efficacy,2024.0,cum_cancers,2229729.4208076233,2223163.732165185,2236295.1094500613
Infants: 0.528 efficacy,2024.0,cum_cancers,2247568.246273442,2242736.886426311,2252399.606120573
Infants: 0.528 efficacy,2024.0,cum_cancers,2265902.595296496,2260823.475332118,2270981.715260874
Infants: 0.528 efficacy,2024.0,cum_cancers,2283369.778509732,2276184.68655602,2290554.870463444
Infants: 0.528 efficacy,2025.0,cum_cancers,2299722.0359620387,2291298.137441158,2308145.9344829195
Infants: 0.528 efficacy,2025.0,cum_cancers,2315950.411749731,2308393.677349609,2323507.1461498532
Infants: 0.528 efficacy,2025.0,cum_cancers,2336762.37462705,2327966.832939832,2345557.916314268
Infants: 0.528 efficacy,2025.0,cum_cancers,2357945.98100298,2349026.558537211,2366865.4034687486
Infants: 0.528 efficacy,2026.0,cum_cancers,2377395.255260862,2368104.190902473,2386686.319619251
Infants: 0.528 efficacy,2026.0,cum_cancers,2397216.171799017,2388420.629945662,2406011.7136523724
Infants: 0.528 efficacy,2026.0,cum_cancers,2418647.5386244683,2411214.684892139,2426080.3923567976
Infants: 0.528 efficacy,2026.0,cum_cancers,2436734.1249828413,2429053.5096934102,2444414.740272272
Infants: 0.528 efficacy,2027.0,cum_cancers,2457793.8491957453,2451352.0409718943,2464235.6574195963
Infants: 0.528 efficacy,2027.0,cum_cancers,2478977.4541872,2472659.526686521,2485295.381687879
Infants: 0.528 efficacy,2027.0,cum_cancers,2497683.4445490837,2492232.6822767435,2503134.2068214244
Infants: 0.528 efficacy,2027.0,cum_cancers,2518247.645647785,2512796.8838738557,2523698.4074217146
Infants: 0.528 efficacy,2028.0,cum_cancers,2535343.1864423,2529149.1403293405,2541537.23255526
Infants: 0.528 efficacy,2028.0,cum_cancers,2554544.7009705883,2551199.9112690613,2557889.4906721152
Infants: 0.528 efficacy,2028.0,cum_cancers,2576967.1153535414,2573250.6837593946,2580683.546947688
Infants: 0.528 efficacy,2028.0,cum_cancers,2597902.9589540316,2593319.3621315463,2602486.555776517
Infants: 0.528 efficacy,2029.0,cum_cancers,2616732.8307036357,2612892.518164801,2620573.14324247
Infants: 0.528 efficacy,2029.0,cum_cancers,2635191.0597299337,2631722.3894159934,2638659.7300438746
Infants: 0.528 efficacy,2029.0,cum_cancers,2653525.408309956,2649808.976549672,2657241.8400702397
Infants: 0.528 efficacy,2029.0,cum_cancers,2675823.9406406404,2673841.8390601394,2677806.042221142
Infants: 0.528 efficacy,2030.0,cum_cancers,2696264.2613484445,2693414.9958687006,2699113.5268281884
Infants: 0.528 efficacy,2030.0,cum_cancers,2718686.6745130597,2717943.3812718554,2719429.967754264
Infants: 0.528 efficacy,2030.0,cum_cancers,2741480.729404157,2739003.1232337286,2743958.335574586
Infants: 0.528 efficacy,2030.0,cum_cancers,2763035.9766205065,2759071.8019381543,2767000.1513028583
Infants: 0.528 efficacy,2031.0,cum_cancers,2783847.938888656,2779388.240981343,2788307.6367959687
Infants: 0.528 efficacy,2031.0,cum_cancers,2806146.470277898,2796236.019554209,2816056.921001587
Infants: 0.528 efficacy,2031.0,cum_cancers,2828816.645054993,2815809.1756982217,2841824.1144117643
Infants: 0.528 efficacy,2031.0,cum_cancers,2850991.2959425794,2837859.9461949104,2864122.645690248
Infants: 0.528 efficacy,2032.0,cum_cancers,2872546.5435465816,2858176.386567196,2886916.700525967
Infants: 0.528 efficacy,2032.0,cum_cancers,2895588.3605485708,2878492.8272717553,2912683.893825386
Infants: 0.528 efficacy,2032.0,cum_cancers,2918506.295221397,2900048.073546661,2936964.5168961333
Infants: 0.528 efficacy,2032.0,cum_cancers,2940185.4223856116,2920364.5125898505,2960006.332181373
Infants: 0.528 efficacy,2033.0,cum_cancers,2958519.7697472954,2939194.3829549784,2977845.1565396124
Infants: 0.528 efficacy,2033.0,cum_cancers,2980694.4206348816,2961988.4373476654,2999400.403922098
Infants: 0.528 efficacy,2033.0,cum_cancers,3002621.310131504,2983295.922286986,3021946.697976022
Infants: 0.528 efficacy,2033.0,cum_cancers,3023309.3915657243,3003364.5997730736,3043254.1833583745
Infants: 0.528 efficacy,2034.0,cum_cancers,3047218.3734083986,3025910.893494723,3068525.8533220747
Infants: 0.528 efficacy,2034.0,cum_cancers,3072366.162648928,3053164.65502917,3091567.6702686856
Infants: 0.528 efficacy,2034.0,cum_cancers,3096275.1446023607,3076206.4714219905,3116343.817782731
Infants: 0.528 efficacy,2034.0,cum_cancers,3118573.6764346347,3098752.764146818,3138394.5887224516
Infants: 0.528 efficacy,2035.0,cum_cancers,3142482.6582219307,3119316.965522414,3165648.3509214474
Infants: 0.528 efficacy,2035.0,cum_cancers,3165152.832666752,3141119.974351243,3189185.6909822603
Infants: 0.528 efficacy,2035.0,cum_cancers,3188937.93295557,3165400.5972004742,3212475.268710666
Infants: 0.528 efficacy,2035.0,cum_cancers,3212227.5111270077,3187699.1291435068,3236755.8931105086
Infants: 0.528 efficacy,2036.0,cum_cancers,3235145.4460767293,3210245.42264364,3260045.469509818
Infants: 0.528 efficacy,2036.0,cum_cancers,3256329.0507359095,3232296.1922542644,3280361.909217555
Infants: 0.528 efficacy,2036.0,cum_cancers,3279742.509630519,3250382.778058847,3309102.241202191
Infants: 0.528 efficacy,2036.0,cum_cancers,3306996.271275725,3276397.7321400624,3337594.8104113876
Infants: 0.528 efficacy,2037.0,cum_cancers,3332515.7032949375,3299687.3110868055,3365344.09550307
Infants: 0.528 efficacy,2037.0,cum_cancers,3355805.280912585,3323720.173375757,3387890.3884494132
Infants: 0.528 efficacy,2037.0,cum_cancers,3381944.115384698,3349982.8891248317,3413905.3416445637
Infants: 0.528 efficacy,2037.0,cum_cancers,3408702.354026458,3373767.9897459233,3443636.718306993
Infants: 0.528 efficacy,2038.0,cum_cancers,3433850.1422701655,3402508.319515399,3465191.9650249314
Infants: 0.528 efficacy,2038.0,cum_cancers,3459369.5740678627,3431000.889832176,3487738.258303549
Infants: 0.528 efficacy,2038.0,cum_cancers,3485880.050764869,3454538.228010103,3517221.873519635
Infants: 0.528 efficacy,2038.0,cum_cancers,3511647.24339974,3481544.227876691,3541750.2589227892
Infants: 0.528 efficacy,2039.0,cum_cancers,3532087.564107544,3501117.383577672,3563057.7446374157
Infants: 0.528 efficacy,2039.0,cum_cancers,3557606.9951853137,3526389.0519907605,3588824.9383798675
Infants: 0.528 efficacy,2039.0,cum_cancers,3581763.738640469,3552899.529850726,3610627.947430212
Infants: 0.528 efficacy,2039.0,cum_cancers,3606044.363372586,3576684.63091485,3635404.0958303222
Infants: 0.528 efficacy,2040.0,cum_cancers,3631439.9143363535,3605177.2001240463,3657702.6285486603
Infants: 0.528 efficacy,2040.0,cum_cancers,3659065.31892638,3634413.054336821,3683717.583515939
Infants: 0.528 efficacy,2040.0,cum_cancers,3688920.576256602,3662657.8615458845,3715183.29096732
Infants: 0.528 efficacy,2040.0,cum_cancers,3713696.722663068,3688177.2927344125,3739216.152591724
Infants: 0.528 efficacy,2041.0,cum_cancers,3740083.3199106203,3715926.578269127,3764240.0615521134
Infants: 0.528 efficacy,2041.0,cum_cancers,3764363.943147504,3743675.862474745,3785052.023820263
Infants: 0.528 efficacy,2041.0,cum_cancers,3791369.9431802295,3772416.1919119474,3810323.6944485116
Infants: 0.528 efficacy,2041.0,cum_cancers,3818871.466936326,3797687.8618756477,3840055.0719970046
Infants: 0.528 efficacy,2042.0,cum_cancers,3846249.109304704,3822711.770171489,3869786.4484379184
Infants: 0.528 efficacy,2042.0,cum_cancers,3873502.8713929416,3852195.3860521233,3894810.35673376
Infants: 0.528 efficacy,2042.0,cum_cancers,3901376.0373739325,3883908.854506816,3918843.2202410493
Infants: 0.528 efficacy,2042.0,cum_cancers,3925285.0192166073,3910914.855924016,3939655.1825091993
Infants: 0.528 efficacy,2043.0,cum_cancers,3952786.541975883,3938416.378683291,3967156.7052684743
Infants: 0.528 efficacy,2043.0,cum_cancers,3980659.70817839,3965670.1412145607,3995649.275142219
Infants: 0.528 efficacy,2043.0,cum_cancers,4005807.4975296766,3991189.5730676367,4020425.4219917166
Infants: 0.528 efficacy,2043.0,cum_cancers,4030459.7636560025,4018195.5732664987,4042723.954045506
Infants: 0.528 efficacy,2044.0,cum_cancers,4054988.149280673,4041732.911998215,4068243.3865631307
Infants: 0.528 efficacy,2044.0,cum_cancers,4078029.966504178,4064279.2076027505,4091780.725405605
Infants: 0.528 efficacy,2044.0,cum_cancers,4105903.1315437257,4092771.7768119466,4119034.4862755053
Infants: 0.528 efficacy,2044.0,cum_cancers,4133900.178081752,4122007.6323538176,4145792.7238096856
Infants: 0.528 efficacy,2045.0,cum_cancers,4157685.2792566335,4144553.9266292565,4170816.631884011
Infants: 0.528 efficacy,2045.0,cum_cancers,4184443.51872908,4172550.974164105,4196336.063294055
Infants: 0.528 efficacy,2045.0,cum_cancers,4212564.445934899,4200300.25914503,4224828.632724768
Infants: 0.528 efficacy,2045.0,cum_cancers,4239942.088857066,4229288.352132976,4250595.825581156
Infants: 0.528 efficacy,2046.0,cum_cancers,4266204.80460614,4257533.160338862,4274876.448873418
Infants: 0.528 efficacy,2046.0,cum_cancers,4293582.447362171,4286025.729437301,4301139.16528704
Infants: 0.528 efficacy,2046.0,cum_cancers,4317615.31031567,4311297.400730098,4323933.219901243
Infants: 0.528 efficacy,2046.0,cum_cancers,4345488.47579825,4340285.493496528,4350691.458099972
Infants: 0.528 efficacy,2047.0,cum_cancers,4373113.879280697,4368034.77858821,4378192.979973183
Infants: 0.528 efficacy,2047.0,cum_cancers,4401978.08944107,4399500.484045948,4404455.694836193
Infants: 0.528 efficacy,2047.0,cum_cancers,4425143.786058651,4423781.107227453,4426506.46488985
Infants: 0.528 efficacy,2047.0,cum_cancers,4452397.547759236,4452025.915544096,4452769.179974375
Infants: 0.528 efficacy,2048.0,cum_cancers,4475687.125598399,4475563.254940361,4475810.996256438
Infants: 0.528 efficacy,2048.0,cum_cancers,4506161.786489101,4503064.775484476,4509258.797493726
Infants: 0.528 efficacy,2048.0,cum_cancers,4530566.29133522,4525611.068763093,4535521.513907348
Infants: 0.528 efficacy,2048.0,cum_cancers,4559182.741766,4555094.683646905,4563270.799885094
Infants: 0.528 efficacy,2049.0,cum_cancers,4588790.23803753,4581852.922510182,4595727.55356488
Infants: 0.528 efficacy,2049.0,cum_cancers,4615796.2375164665,4613070.866632334,4618521.608400599
Infants: 0.528 efficacy,2049.0,cum_cancers,4640944.026978511,4639333.583267472,4642554.470689551
Infants: 0.528 efficacy,2049.0,cum_cancers,4668321.669125373,4668073.914587559,4668569.423663186
Infants: 0.528 efficacy,2050.0,cum_cancers,4693593.339753622,4692602.2999907145,4694584.379516529
Infants: 0.528 efficacy,2050.0,cum_cancers,4716882.918368091,4713662.02414824,4720103.812587942
Infants: 0.528 efficacy,2050.0,cum_cancers,4745623.249466663,4744632.208706934,4746614.2902263915
Infants: 0.528 efficacy,2050.0,cum_cancers,4772257.607163737,4770894.924234493,4773620.2900929805
Infants: 0.528 efficacy,2051.0,cum_cancers,4798396.4415250905,4797900.912942211,4798891.97010797
Infants: 0.528 efficacy,2051.0,cum_cancers,4826517.367180297,4822429.298234607,4830605.436125986
Infants: 0.528 efficacy,2051.0,cum_cancers,4852036.799587162,4848196.490869478,4855877.108304846
Infants: 0.528 efficacy,2051.0,cum_cancers,4875945.781152942,4873220.399165319,4878671.163140565
Infants: 0.528 efficacy,2052.0,cum_cancers,4905181.635365717,4904190.584167046,4906172.686564388
Infants: 0.528 efficacy,2052.0,cum_cancers,4933798.085851875,4932683.164424353,4934913.007279397
Infants: 0.528 efficacy,2052.0,cum_cancers,4964520.508078163,4962166.770364457,4966874.245791868
Infants: 0.528 efficacy,2052.0,cum_cancers,4993880.243789415,4993632.485541209,4994128.002037621
Infants: 0.528 efficacy,2053.0,cum_cancers,5022744.456164949,5021629.527233572,5023859.385096325
Infants: 0.528 efficacy,2053.0,cum_cancers,5052599.714215098,5050865.381003315,5054334.04742688
Infants: 0.528 efficacy,2053.0,cum_cancers,5077004.219725765,5075146.006178463,5078862.433273067
Infants: 0.528 efficacy,2053.0,cum_cancers,5103762.458589042,5102895.296005051,5104629.621173033
Infants: 0.528 efficacy,2054.0,cum_cancers,5131883.385296449,5131635.622590234,5132131.1480026655
Infants: 0.528 efficacy,2054.0,cum_cancers,5160499.834675027,5159632.668463711,5161367.000886344
Infants: 0.528 efficacy,2054.0,cum_cancers,5186762.54942728,5184656.576538037,5188868.522316523
Infants: 0.528 efficacy,2054.0,cum_cancers,5206955.108301087,5206707.34625942,5207202.870342755
Infants: 0.528 efficacy,2055.0,cum_cancers,5234580.510786711,5233961.106326323,5235199.9152470995
Infants: 0.528 efficacy,2055.0,cum_cancers,5260719.345591098,5259480.5390654635,5261958.152116733
Infants: 0.528 efficacy,2055.0,cum_cancers,5287477.583900586,5287229.822744981,5287725.345056189
Infants: 0.528 efficacy,2055.0,cum_cancers,5315350.7496046815,5314235.82203009,5316465.677179272
Infants: 0.528 efficacy,2056.0,cum_cancers,5340994.061904034,5339259.731211995,5342728.392596072
Infants: 0.528 efficacy,2056.0,cum_cancers,5370353.795621641,5369238.867770156,5371468.723473127
Infants: 0.528 efficacy,2056.0,cum_cancers,5395749.345477829,5394758.300426227,5396740.390529431
Infants: 0.528 efficacy,2056.0,cum_cancers,5422507.584341107,5421021.014707759,5423994.153974454
Infants: 0.528 efficacy,2057.0,cum_cancers,5449018.062311829,5448027.015238894,5450009.109384764
Infants: 0.528 efficacy,2057.0,cum_cancers,5479616.602873501,5478501.674578983,5480731.531168019
Infants: 0.528 efficacy,2057.0,cum_cancers,5506870.363411127,5504764.389885026,5508976.336937228
Infants: 0.528 efficacy,2057.0,cum_cancers,5532761.4351078,5532513.671875484,5533009.198340116
Infants: 0.528 efficacy,2058.0,cum_cancers,5561749.526212862,5561254.0003158655,5562245.052109859
Infants: 0.528 efficacy,2058.0,cum_cancers,5592100.305605085,5591728.658659131,5592471.952551038
Infants: 0.528 efficacy,2058.0,cum_cancers,5617743.616962994,5616504.804954839,5618982.42897115
Infants: 0.528 efficacy,2058.0,cum_cancers,5648342.1570262555,5646979.474401595,5649704.839650916
Infants: 0.528 efficacy,2059.0,cum_cancers,5673985.468827197,5672994.429811907,5674976.507842489
Infants: 0.528 efficacy,2059.0,cum_cancers,5702106.395202331,5700000.43211517,5704212.358289491
Infants: 0.528 efficacy,2059.0,cum_cancers,5726015.375494394,5723785.53118565,5728245.219803138
Infants: 0.528 efficacy,2059.0,cum_cancers,5750791.522011617,5750048.247820789,5751534.796202446
Infants: 0.528 efficacy,2060.0,cum_cancers,5776806.475982075,5773090.065210431,5780522.886753718
Infants: 0.528 efficacy,2060.0,cum_cancers,5806909.4924881,5804803.531892994,5809015.453083206
Infants: 0.528 efficacy,2060.0,cum_cancers,5833048.326184906,5832305.03036858,5833791.6220012335
Infants: 0.528 efficacy,2060.0,cum_cancers,5860797.610501284,5859063.267902761,5862531.953099806
Infants: 0.528 efficacy,2061.0,cum_cancers,5889042.41693504,5887060.33739538,5891024.4964747
Infants: 0.528 efficacy,2061.0,cum_cancers,5915057.370130191,5911836.4842448775,5918278.256015504
Infants: 0.528 efficacy,2061.0,cum_cancers,5941320.084328653,5935869.34487246,5946770.823784847
Infants: 0.528 efficacy,2061.0,cum_cancers,5969317.12909455,5964114.1495340895,5974520.108655011
Infants: 0.528 efficacy,2062.0,cum_cancers,5996075.36613032,5990376.864064825,6001773.868195816
Infants: 0.528 efficacy,2062.0,cum_cancers,6023081.364501676,6019117.1921729315,6027045.53683042
Infants: 0.528 efficacy,2062.0,cum_cancers,6049591.840367997,6047609.759166968,6051573.921569026
Infants: 0.528 efficacy,2062.0,cum_cancers,6076473.958846865,6075606.803932864,6077341.113760866
Infants: 0.528 efficacy,2063.0,cum_cancers,6102241.1513156,6100382.952776007,6104099.349855193
Infants: 0.528 efficacy,2063.0,cum_cancers,6125035.206705109,6124168.029224167,6125902.384186052
Infants: 0.528 efficacy,2063.0,cum_cancers,6150678.517343091,6150430.74386566,6150926.290820522
Infants: 0.528 efficacy,2063.0,cum_cancers,6181153.175963255,6180409.903821449,6181896.44810506
Infants: 0.528 efficacy,2064.0,cum_cancers,6212742.76120272,6211380.085389677,6214105.437015763
Infants: 0.528 efficacy,2064.0,cum_cancers,6240368.162636143,6238881.581207069,6241854.744065218
Infants: 0.528 efficacy,2064.0,cum_cancers,6264524.905592888,6263162.203945542,6265887.607240234
Infants: 0.528 efficacy,2064.0,cum_cancers,6290292.096621769,6289920.441479722,6290663.751763814
Infants: 0.528 efficacy,2065.0,cum_cancers,6316802.573595669,6314944.349775564,6318660.797415775
Infants: 0.528 efficacy,2065.0,cum_cancers,6342322.003731996,6341702.6124795,6342941.394984493
Infants: 0.528 efficacy,2065.0,cum_cancers,6367469.791311155,6366478.733494693,6368460.849127617
Infants: 0.528 efficacy,2065.0,cum_cancers,6391750.415655619,6390759.38262126,6392741.448689979
Infants: 0.528 efficacy,2066.0,cum_cancers,6419871.341532342,6417269.860481227,6422472.822583457
Infants: 0.528 efficacy,2066.0,cum_cancers,6446257.937118523,6441550.485545617,6450965.38869143
Infants: 0.528 efficacy,2066.0,cum_cancers,6475246.027559037,6472025.145661013,6478466.909457061
Infants: 0.528 efficacy,2066.0,cum_cancers,6499278.887965102,6497792.336302239,6500765.439627964
Infants: 0.528 efficacy,2067.0,cum_cancers,6526656.528505973,6523311.731134454,6530001.325877491
Infants: 0.528 efficacy,2067.0,cum_cancers,6552671.480925817,6549822.207554566,6555520.754297069
Infants: 0.528 efficacy,2067.0,cum_cancers,6581164.048252128,6578067.013545291,6584261.082958965
Infants: 0.528 efficacy,2067.0,cum_cancers,6608293.927457413,6607550.659801306,6609037.195113519
Infants: 0.528 efficacy,2068.0,cum_cancers,6632574.551912635,6630840.238858808,6634308.864966461
Infants: 0.528 efficacy,2068.0,cum_cancers,6657474.578765377,6653386.533134247,6661562.624396507
Infants: 0.528 efficacy,2068.0,cum_cancers,6681507.439946749,6676676.109644315,6686338.770249183
Infants: 0.528 efficacy,2068.0,cum_cancers,6709876.126051478,6704425.392520838,6715326.859582117
Infants: 0.528 efficacy,2069.0,cum_cancers,6735643.31807718,6728210.494027995,6743076.142126365
Infants: 0.528 efficacy,2069.0,cum_cancers,6760914.986656405,6751747.833424259,6770082.139888551
Infants: 0.528 efficacy,2069.0,cum_cancers,6789407.554425748,6780240.3993107155,6798574.70954078
Infants: 0.528 efficacy,2069.0,cum_cancers,6814307.581610763,6807246.397958965,6821368.765262563
Infants: 0.528 efficacy,2070.0,cum_cancers,6840446.416318237,6833261.352261696,6847631.480374778
Infants: 0.528 efficacy,2070.0,cum_cancers,6863983.756323671,6857789.73777561,6870177.774871732
Infants: 0.528 efficacy,2070.0,cum_cancers,6890494.232245371,6886034.542658754,6894953.921831988
Infants: 0.528 efficacy,2070.0,cum_cancers,6920225.607910979,6915022.634428363,6925428.581393594
Infants: 0.528 efficacy,2071.0,cum_cancers,6948098.772729011,6942771.917526401,6953425.627931621
Infants: 0.528 efficacy,2071.0,cum_cancers,6973246.561858782,6967300.3028187975,6979192.820898766
Infants: 0.528 efficacy,2071.0,cum_cancers,7000624.2026211675,6994306.301245532,7006942.103996804
Infants: 0.528 efficacy,2071.0,cum_cancers,7025276.468082946,7020569.015997784,7029983.920168107
Infants: 0.528 efficacy,2072.0,cum_cancers,7053149.633399389,7050548.153552767,7055751.113246011
Infants: 0.528 efficacy,2072.0,cum_cancers,7084863.100414228,7082261.619792298,7087464.581036156
Infants: 0.528 efficacy,2072.0,cum_cancers,7111497.458277438,7110258.664779712,7112736.251775162
Infants: 0.528 efficacy,2072.0,cum_cancers,7138379.576147136,7137760.158852665,7138998.993441608
Infants: 0.528 efficacy,2073.0,cum_cancers,7162907.961827186,7162536.306145195,7163279.617509177
Infants: 0.528 efficacy,2073.0,cum_cancers,7190037.841309367,7188303.497007939,7191772.1856107935
Infants: 0.528 efficacy,2073.0,cum_cancers,7220388.619981663,7219025.947809788,7221751.292153537
Infants: 0.528 efficacy,2073.0,cum_cancers,7251234.923097258,7247518.485342199,7254951.360852319
Infants: 0.528 efficacy,2074.0,cum_cancers,7278488.684576327,7276258.81422561,7280718.554927045
Infants: 0.528 efficacy,2074.0,cum_cancers,7302273.784754388,7300291.676293046,7304255.893215729
Infants: 0.528 efficacy,2074.0,cum_cancers,7328164.858500083,7325563.3454814395,7330766.371518726
Infants: 0.528 efficacy,2074.0,cum_cancers,7354055.932633433,7351330.539113134,7356781.326153731
Infants: 0.528 efficacy,2075.0,cum_cancers,7380566.410521087,7374372.357333461,7386760.463708714
Infants: 0.528 efficacy,2075.0,cum_cancers,7406581.365571434,7402369.40367766,7410793.327465208
Infants: 0.528 efficacy,2075.0,cum_cancers,7430118.705189216,7428136.5958695,7432100.814508932
Infants: 0.528 efficacy,2075.0,cum_cancers,7456133.658605882,7453656.026504237,7458611.290707527
Infants: 0.528 efficacy,2076.0,cum_cancers,7483139.658860123,7479175.458025038,7487103.859695207
Infants: 0.528 efficacy,2076.0,cum_cancers,7511508.3466816,7507668.0281203,7515348.6652429
Infants: 0.528 efficacy,2076.0,cum_cancers,7538885.989133046,7535417.312602814,7542354.665663278
Infants: 0.528 efficacy,2076.0,cum_cancers,7565024.824768117,7562175.551466091,7567874.098070144
Infants: 0.528 efficacy,2077.0,cum_cancers,7589305.448337276,7587447.220986759,7591163.675687792
Infants: 0.528 efficacy,2077.0,cum_cancers,7616063.686729832,7614205.458853215,7617921.914606447
Infants: 0.528 efficacy,2077.0,cum_cancers,7642821.92653455,7641707.0172211835,7643936.835847917
Infants: 0.528 efficacy,2077.0,cum_cancers,7670695.091629477,7668217.494527359,7673172.688731597
Infants: 0.528 efficacy,2078.0,cum_cancers,7702408.558755074,7699435.43754193,7705381.679968217
Infants: 0.528 efficacy,2078.0,cum_cancers,7729414.559064694,7725450.392509209,7733378.7256201785
Infants: 0.528 efficacy,2078.0,cum_cancers,7756916.082433138,7750226.541241594,7763605.623624682
Infants: 0.528 efficacy,2078.0,cum_cancers,7783426.560293103,7775002.688977154,7791850.431609051
Infants: 0.528 efficacy,2079.0,cum_cancers,7807459.422651278,7798292.2669270765,7816626.57837548
Infants: 0.528 efficacy,2079.0,cum_cancers,7834217.661625313,7825793.790572415,7842641.532678211
Infants: 0.528 efficacy,2079.0,cum_cancers,7863453.515505813,7854286.360003128,7872620.671008499
Infants: 0.528 efficacy,2079.0,cum_cancers,7892565.487887837,7881044.598755646,7904086.3770200275
Infants: 0.528 efficacy,2080.0,cum_cancers,7920562.534868894,7906564.031716302,7934561.038021487
Infants: 0.528 efficacy,2080.0,cum_cancers,7945338.682133735,7931092.416676424,7959584.947591046
Infants: 0.528 efficacy,2080.0,cum_cancers,7971353.636990255,7958098.416875286,7984608.857105224
Infants: 0.528 efficacy,2080.0,cum_cancers,7998111.875382812,7986838.747530827,8009385.003234796
Infants: 0.528 efficacy,2081.0,cum_cancers,8027719.370325247,8015331.316296991,8040107.424353503
Infants: 0.528 efficacy,2081.0,cum_cancers,8054477.609022386,8040602.98686986,8068352.231174912
Infants: 0.528 efficacy,2081.0,cum_cancers,8079005.993996354,8065379.133193258,8092632.854799449
Infants: 0.528 efficacy,2081.0,cum_cancers,8108365.728267753,8098826.93088629,8117904.525649215
Infants: 0.528 efficacy,2082.0,cum_cancers,8134256.801501192,8122612.0313689355,8145901.57163345
Infants: 0.528 efficacy,2082.0,cum_cancers,8160271.754807102,8148131.461671399,8172412.047942803
Infants: 0.528 efficacy,2082.0,cum_cancers,8186534.4697116455,8174146.416112578,8198922.5233107135
Infants: 0.528 efficacy,2082.0,cum_cancers,8211930.01918018,8197931.516733669,8225928.52162669
Infants: 0.528 efficacy,2083.0,cum_cancers,8238688.257780407,8223946.470731815,8253430.044828997
Infants: 0.528 efficacy,2083.0,cum_cancers,8265942.019093338,8247731.570466844,8284152.467719832
Infants: 0.528 efficacy,2083.0,cum_cancers,8294682.348156732,8273746.522997447,8315618.173316015
Infants: 0.528 efficacy,2083.0,cum_cancers,8325528.650178592,8304964.467147289,8346092.833209895
Infants: 0.528 efficacy,2084.0,cum_cancers,8353401.814885866,8330979.420896228,8375824.208875502
Infants: 0.528 efficacy,2084.0,cum_cancers,8381894.383167464,8360463.034700151,8403325.731634777
Infants: 0.528 efficacy,2084.0,cum_cancers,8409272.02556353,8384991.419937167,8433552.631189894
Infants: 0.528 efficacy,2084.0,cum_cancers,8436401.906014843,8410510.85140259,8462292.960627096
Infants: 0.528 efficacy,2085.0,cum_cancers,8466504.923849966,8442719.84164239,8490290.006057542
Infants: 0.528 efficacy,2085.0,cum_cancers,8495988.53754313,8472203.455252483,8519773.619833775
Infants: 0.528 efficacy,2085.0,cum_cancers,8524109.463918261,8500943.785548061,8547275.142288463
Infants: 0.528 efficacy,2085.0,cum_cancers,8553964.71978094,8527702.023192998,8580227.416368883
Infants: 0.528 efficacy,2086.0,cum_cancers,8582581.168218076,8552725.93093505,8612436.405501101
Infants: 0.528 efficacy,2086.0,cum_cancers,8613922.993631035,8585678.206123048,8642167.78113902
Infants: 0.528 efficacy,2086.0,cum_cancers,8639194.663151702,8608472.261401799,8669917.064901605
Infants: 0.528 efficacy,2086.0,cum_cancers,8670784.24941568,8638451.397738444,8703117.101092916
Infants: 0.528 efficacy,2087.0,cum_cancers,8700143.982551808,8669173.818414118,8731114.146689497
Infants: 0.528 efficacy,2087.0,cum_cancers,8728264.907736294,8693949.964211415,8762579.85126117
Infants: 0.528 efficacy,2087.0,cum_cancers,8754899.263785841,8718726.109371854,8791072.418199828
Infants: 0.528 efficacy,2087.0,cum_cancers,8783391.83192899,8747961.962117085,8818821.701740898
Infants: 0.528 efficacy,2088.0,cum_cancers,8809406.785137989,8773976.915450683,8844836.654825293
Infants: 0.528 efficacy,2088.0,cum_cancers,8838394.876284583,8801230.6765421,8875559.076027066
Infants: 0.528 efficacy,2088.0,cum_cancers,8869612.82091899,8833439.66838789,8905785.97345009
Infants: 0.528 efficacy,2088.0,cum_cancers,8898353.149705488,8863666.565810913,8933039.733600063
Infants: 0.528 efficacy,2089.0,cum_cancers,8928084.524872685,8891415.849739637,8964753.200005732
Infants: 0.528 efficacy,2089.0,cum_cancers,8957692.019164417,8919412.894810118,8995971.143518716
Infants: 0.528 efficacy,2089.0,cum_cancers,8985441.303328501,8941959.18789491,9028923.418762092
Infants: 0.528 efficacy,2089.0,cum_cancers,9014181.632834926,8971938.324314624,9056424.94135523
Infants: 0.528 efficacy,2090.0,cum_cancers,9043913.008029811,9002412.983931607,9085413.032128017
Infants: 0.528 efficacy,2090.0,cum_cancers,9074387.667646796,9032144.359597214,9116630.975696377
Infants: 0.528 efficacy,2090.0,cum_cancers,9103004.11555783,9060141.403975459,9145866.827140203
Infants: 0.528 efficacy,2090.0,cum_cancers,9134965.3439221,9085660.833502617,9184269.854341581
Infants: 0.528 efficacy,2091.0,cum_cancers,9167050.452068096,9116135.492205847,9217965.411930345
Infants: 0.528 efficacy,2091.0,cum_cancers,9197896.753190048,9145371.343483534,9250422.162896562
Infants: 0.528 efficacy,2091.0,cum_cancers,9227504.247592539,9173616.150221877,9281392.3449632
Infants: 0.528 efficacy,2091.0,cum_cancers,9257855.025807958,9204338.570648346,9311371.48096757
Infants: 0.528 efficacy,2092.0,cum_cancers,9288577.44627596,9233822.183593893,9343332.70895803
Infants: 0.528 efficacy,2092.0,cum_cancers,9319547.628342602,9263553.558428816,9375541.698256386
Infants: 0.528 efficacy,2092.0,cum_cancers,9348783.480603267,9294523.741270762,9403043.219935771
Infants: 0.528 efficacy,2092.0,cum_cancers,9377276.04791573,9319795.410126882,9434756.685704581
Infants: 0.528 efficacy,2093.0,cum_cancers,9405644.73460194,9348287.977065539,9463001.49213834
Infants: 0.528 efficacy,2093.0,cum_cancers,9434880.586378038,9378514.87473777,9491246.298018306
Infants: 0.528 efficacy,2093.0,cum_cancers,9462753.749880819,9405025.350742538,9520482.1490191
Infants: 0.528 efficacy,2093.0,cum_cancers,9491989.601989191,9436243.295030827,9547735.908947555
Infants: 0.528 efficacy,2094.0,cum_cancers,9521968.738879625,9464735.863160131,9579201.61459912
Infants: 0.528 efficacy,2094.0,cum_cancers,9551204.59082186,9490007.532625422,9612401.649018299
Infants: 0.528 efficacy,2094.0,cum_cancers,9582546.415307222,9519738.907377277,9645353.923237167
Infants: 0.528 efficacy,2094.0,cum_cancers,9614631.524810003,9549965.804523405,9679297.245096602
Infants: 0.528 efficacy,2095.0,cum_cancers,9643991.25679702,9578458.371351305,9709524.142242732
Infants: 0.528 efficacy,2095.0,cum_cancers,9676943.531375848,9612153.931792088,9741733.130959608
Infants: 0.528 efficacy,2095.0,cum_cancers,9707665.951580802,9645849.489214715,9769482.41394689
Infants: 0.528 efficacy,2095.0,cum_cancers,9740122.702076295,9676819.671309043,9803425.732843548
Infants: 0.528 efficacy,2096.0,cum_cancers,9771836.168426584,9706551.04575631,9837121.291096859
Infants: 0.528 efficacy,2096.0,cum_cancers,9804912.323285554,9737025.705041021,9872798.941530086
Infants: 0.528 efficacy,2096.0,cum_cancers,9836130.266424729,9766509.317848122,9905751.215001335
Infants: 0.528 efficacy,2096.0,cum_cancers,9870940.752294164,9800700.401015453,9941181.103572877
Infants: 0.528 efficacy,2097.0,cum_cancers,9902778.099381471,9834395.95841039,9971160.240352552
Infants: 0.528 efficacy,2097.0,cum_cancers,9934119.92432371,9868091.518380452,10000148.330266967
Infants: 0.528 efficacy,2097.0,cum_cancers,9966081.152535684,9903521.40767192,10028640.897399452
Infants: 0.528 efficacy,2097.0,cum_cancers,9997175.215380874,9936969.203592822,10057381.227168927
Infants: 0.528 efficacy,2098.0,cum_cancers,10025420.021067016,9965709.531728618,10085130.510405412
Infants: 0.528 efficacy,2098.0,cum_cancers,10057009.60630648,9996927.475130841,10117091.73748212
Infants: 0.528 efficacy,2098.0,cum_cancers,10088970.834200028,10031366.3168925,10146575.351507556
Infants: 0.528 efficacy,2098.0,cum_cancers,10120808.180913527,10061593.214620108,10180023.147206943
Infants: 0.528 efficacy,2099.0,cum_cancers,10159335.089364178,10101235.048970135,10217435.12975822
Infants: 0.528 efficacy,2099.0,cum_cancers,10192163.482306082,10131214.18530678,10253112.779305384
Infants: 0.528 efficacy,2099.0,cum_cancers,10222762.02250779,10161193.321588047,10284330.723427536
Infants: 0.528 efficacy,2099.0,cum_cancers,10254847.132370537,10192659.02671351,10317035.238027565
Infants: 0.528 efficacy,2100.0,cum_cancers,10285321.793607358,10218673.980296314,10351969.606918402
Infants: 0.95 efficacy,1960.0,cancers,0.0,0.0,0.0
Infants: 0.95 efficacy,1960.0,cancers,0.0,0.0,0.0
Infants: 0.95 efficacy,1960.0,cancers,0.0,0.0,0.0
Infants: 0.95 efficacy,1960.0,cancers,0.0,0.0,0.0
Infants: 0.95 efficacy,1961.0,cancers,0.0,0.0,0.0
Infants: 0.95 efficacy,1961.0,cancers,0.0,0.0,0.0
Infants: 0.95 efficacy,1961.0,cancers,0.0,0.0,0.0
Infants: 0.95 efficacy,1961.0,cancers,0.0,0.0,0.0
Infants: 0.95 efficacy,1962.0,cancers,0.0,0.0,0.0
Infants: 0.95 efficacy,1962.0,cancers,0.0,0.0,0.0
Infants: 0.95 efficacy,1962.0,cancers,0.0,0.0,0.0
Infants: 0.95 efficacy,1962.0,cancers,0.0,0.0,0.0
Infants: 0.95 efficacy,1963.0,cancers,247.76147403287825,0.0,495.5229480657565
Infants: 0.95 efficacy,1963.0,cancers,0.0,0.0,0.0
Infants: 0.95 efficacy,1963.0,cancers,247.76147403287825,0.0,495.5229480657565
Infants: 0.95 efficacy,1963.0,cancers,123.88073701643913,0.0,247.76147403287825
Infants: 0.95 efficacy,1964.0,cancers,0.0,0.0,0.0
Infants: 0.95 efficacy,1964.0,cancers,0.0,0.0,0.0
Infants: 0.95 efficacy,1964.0,cancers,247.76147403287825,247.76147403287825,247.76147403287825
Infants: 0.95 efficacy,1964.0,cancers,247.76147403287825,247.76147403287825,247.76147403287825
Infants: 0.95 efficacy,1965.0,cancers,371.6422110493174,247.76147403287825,495.5229480657565
Infants: 0.95 efficacy,1965.0,cancers,247.76147403287825,0.0,495.5229480657565
Infants: 0.95 efficacy,1965.0,cancers,371.6422110493174,247.76147403287825,495.5229480657565
Infants: 0.95 efficacy,1965.0,cancers,495.5229480657565,247.76147403287825,743.2844220986348
Infants: 0.95 efficacy,1966.0,cancers,371.6422110493174,247.76147403287825,495.5229480657565
Infants: 0.95 efficacy,1966.0,cancers,371.6422110493174,247.76147403287825,495.5229480657565
Infants: 0.95 efficacy,1966.0,cancers,867.1651591150738,495.5229480657565,1238.8073701643912
Infants: 0.95 efficacy,1966.0,cancers,371.6422110493174,247.76147403287825,495.5229480657565
Infants: 0.95 efficacy,1967.0,cancers,867.165159115074,743.2844220986348,991.045896131513
Infants: 0.95 efficacy,1967.0,cancers,619.4036850821956,495.5229480657565,743.2844220986348
Infants: 0.95 efficacy,1967.0,cancers,1486.56885804202,991.0459238210141,1982.091792263026
Infants: 0.95 efficacy,1967.0,cancers,991.0459099762635,495.5229480657565,1486.5688718867705
Infants: 0.95 efficacy,1968.0,cancers,743.2844082538843,247.76147403287825,1238.8073424748902
Infants: 0.95 efficacy,1968.0,cancers,619.4036850821956,495.5229480657565,743.2844220986348
Infants: 0.95 efficacy,1968.0,cancers,495.5229480657565,247.76147403287825,743.2844220986348
Infants: 0.95 efficacy,1968.0,cancers,1238.8073840091417,991.045896131513,1486.5688718867705
Infants: 0.95 efficacy,1969.0,cancers,619.4036850821956,495.5229480657565,743.2844220986348
Infants: 0.95 efficacy,1969.0,cancers,1114.9266469927027,991.0459238210141,1238.8073701643912
Infants: 0.95 efficacy,1969.0,cancers,1858.2110275570858,1238.8073978538923,2477.6146572602793
Infants: 0.95 efficacy,1969.0,cancers,1362.6881071808305,991.045896131513,1734.330318230148
Infants: 0.95 efficacy,1970.0,cancers,2353.7339340885906,2229.853210916902,2477.6146572602793
Infants: 0.95 efficacy,1970.0,cancers,2601.495408121469,2477.6146849497804,2725.3761312931574
Infants: 0.95 efficacy,1970.0,cancers,1486.5688580420199,1238.8073701643912,1734.3303459196486
Infants: 0.95 efficacy,1970.0,cancers,619.4036850821956,495.5229480657565,743.2844220986348
Infants: 0.95 efficacy,1971.0,cancers,1486.5688441972695,991.045896131513,1982.091792263026
Infants: 0.95 efficacy,1971.0,cancers,2105.9725154347143,743.2844220986348,3468.660608770794
Infants: 0.95 efficacy,1971.0,cancers,2477.6147126392816,1734.3303736091498,3220.899051669413
Infants: 0.95 efficacy,1971.0,cancers,2353.7340033123437,1982.0918199525272,2725.3761866721597
Infants: 0.95 efficacy,1972.0,cancers,2601.495408121469,2229.853183227401,2973.1376330155367
Infants: 0.95 efficacy,1972.0,cancers,4088.064238473988,2973.137660705038,5202.990816242938
Infants: 0.95 efficacy,1972.0,cancers,2973.1376330155367,2725.3761866721597,3220.8990793589137
Infants: 0.95 efficacy,1972.0,cancers,4459.706491057557,3964.1835568365505,4955.229425278563
Infants: 0.95 efficacy,1973.0,cancers,3220.899134737916,2973.1376883945386,3468.6605810812935
Infants: 0.95 efficacy,1973.0,cancers,2353.734017157094,2229.8532939854053,2477.6147403287823
Infants: 0.95 efficacy,1973.0,cancers,4211.9449893351775,3716.4220551141716,4707.467923556183
Infants: 0.95 efficacy,1973.0,cancers,2105.9725154347143,1982.091792263026,2229.853238606403
Infants: 0.95 efficacy,1974.0,cancers,3840.302819820112,2725.3761589826586,4955.229480657566
Infants: 0.95 efficacy,1974.0,cancers,5450.752290275816,4211.944975490427,6689.559605061206
Infants: 0.95 efficacy,1974.0,cancers,3097.018370031976,2973.1376330155367,3220.8991070484153
Infants: 0.95 efficacy,1974.0,cancers,6441.798144873078,5698.513764308695,7185.082525437461
Infants: 0.95 efficacy,1975.0,cancers,4088.0642800082396,3468.660608770794,4707.467951245685
Infants: 0.95 efficacy,1975.0,cancers,5450.752857910587,3716.4221658721763,7185.083549948999
Infants: 0.95 efficacy,1975.0,cancers,3716.422027424671,3716.4220274246704,3716.422027424671
Infants: 0.95 efficacy,1975.0,cancers,5202.990788553438,4707.467895866683,5698.5136812401915
Infants: 0.95 efficacy,1976.0,cancers,4459.706421833804,2477.61468494978,6441.798158717828
Infants: 0.95 efficacy,1976.0,cancers,3716.4220274246704,3716.4219997351693,3716.4220551141716
Infants: 0.95 efficacy,1976.0,cancers,3964.18352914705,2973.137660705038,4955.2293975890625
Infants: 0.95 efficacy,1976.0,cancers,4583.5871311607425,3964.183501457549,5202.990760863936
Infants: 0.95 efficacy,1977.0,cancers,5574.633096516009,5202.990982379944,5946.275210652072
Infants: 0.95 efficacy,1977.0,cancers,5946.275252186324,4211.944975490427,7680.60552888222
Infants: 0.95 efficacy,1977.0,cancers,3840.302750596359,3468.660525702291,4211.944975490427
Infants: 0.95 efficacy,1977.0,cancers,6937.321563660352,6441.798518681342,7432.8446086393615
Infants: 0.95 efficacy,1978.0,cancers,4707.467909711433,3716.4219720456686,5698.513847377198
Infants: 0.95 efficacy,1978.0,cancers,5079.110120760751,4211.944975490427,5946.275266031074
Infants: 0.95 efficacy,1978.0,cancers,5326.871553259378,4955.22934221006,5698.5137643086955
Infants: 0.95 efficacy,1978.0,cancers,6689.559618905957,5946.275293720576,7432.843944091338
Infants: 0.95 efficacy,1979.0,cancers,7432.844594794613,4707.467978935187,10158.22121065404
Infants: 0.95 efficacy,1979.0,cancers,6937.321079094085,5202.990760863936,8671.651397324233
Infants: 0.95 efficacy,1979.0,cancers,6070.155947668511,5946.27518296257,6194.036712374452
Infants: 0.95 efficacy,1979.0,cancers,9043.294619040338,8423.891058560896,9662.698179519779
Infants: 0.95 efficacy,1980.0,cancers,7185.082719263968,5202.990871621941,9167.174566905996
Infants: 0.95 efficacy,1980.0,cancers,7804.486971980936,7185.08330074349,8423.890643218381
Infants: 0.95 efficacy,1980.0,cancers,4831.348785175378,4211.945141627434,5450.752428723322
Infants: 0.95 efficacy,1980.0,cancers,5946.275196807321,4955.229342210059,6937.321051404582
Infants: 0.95 efficacy,1981.0,cancers,8176.128684619234,7185.082719263968,9167.1746499745
Infants: 0.95 efficacy,1981.0,cancers,6194.036670840199,5450.7522902758155,6937.321051404582
Infants: 0.95 efficacy,1981.0,cancers,7556.724736486779,6441.798158717829,8671.651314255729
Infants: 0.95 efficacy,1981.0,cancers,6689.559660440207,6441.798214096831,6937.321106783584
Infants: 0.95 efficacy,1982.0,cancers,9910.459570484152,8176.128947669493,11644.790193298812
Infants: 0.95 efficacy,1982.0,cancers,6317.91744939089,5698.5136812401915,6937.321217541588
Infants: 0.95 efficacy,1982.0,cancers,8547.77139407957,7185.08277464297,9910.460013516169
Infants: 0.95 efficacy,1982.0,cancers,7680.605736553478,7680.605390434715,7680.6060826722405
Infants: 0.95 efficacy,1983.0,cancers,8300.009227809165,7432.844054849342,9167.17440076899
Infants: 0.95 efficacy,1983.0,cancers,8423.890684752632,7432.844414812856,9414.936954692408
Infants: 0.95 efficacy,1983.0,cancers,7556.724722642028,5946.275266031074,9167.174179252981
Infants: 0.95 efficacy,1983.0,cancers,7928.366906001845,7432.844054849342,8423.889757154348
Infants: 0.95 efficacy,1984.0,cancers,9414.936511660391,7680.605722708728,11149.267300612057
Infants: 0.95 efficacy,1984.0,cancers,6441.798144873077,6441.798075649325,6441.79821409683
Infants: 0.95 efficacy,1984.0,cancers,7308.963414746156,6689.559660440207,7928.367169052104
Infants: 0.95 efficacy,1984.0,cancers,7928.367099828352,7432.843999470339,8423.890200186364
Infants: 0.95 efficacy,1985.0,cancers,7804.48629358816,7185.082525437461,8423.890061738859
Infants: 0.95 efficacy,1985.0,cancers,8547.770895668551,7680.605501192718,9414.936290144384
Infants: 0.95 efficacy,1985.0,cancers,8176.1284492584755,6689.559605061206,9662.697293455745
Infants: 0.95 efficacy,1985.0,cancers,6194.037113872217,5698.513819687697,6689.5604080567355
Infants: 0.95 efficacy,1986.0,cancers,9167.174566905996,9167.174290010988,9167.174843801007
Infants: 0.95 efficacy,1986.0,cancers,9662.69819336453,8423.890310944367,10901.50607578469
Infants: 0.95 efficacy,1986.0,cancers,9662.698151830276,8423.890283254867,10901.506020405686
Infants: 0.95 efficacy,1986.0,cancers,6937.321259075841,6194.036629305948,7680.605888845734
Infants: 0.95 efficacy,1987.0,cancers,9043.293705286804,6689.559660440207,11397.027750133399
Infants: 0.95 efficacy,1987.0,cancers,8919.413217475872,6441.79846330234,11397.027971649406
Infants: 0.95 efficacy,1987.0,cancers,9043.294314455825,8671.65217263026,9414.93645628139
Infants: 0.95 efficacy,1987.0,cancers,9291.055622351698,8671.652504904272,9910.458739799122
Infants: 0.95 efficacy,1988.0,cancers,9538.817359434834,7928.367529015617,11149.267189854052
Infants: 0.95 efficacy,1988.0,cancers,7680.605944224735,5946.275210652072,9414.936677797397
Infants: 0.95 efficacy,1988.0,cancers,7556.724971847538,6937.321494436599,8176.1284492584755
Infants: 0.95 efficacy,1988.0,cancers,10653.744269477798,9662.698124140776,11644.79041481482
Infants: 0.95 efficacy,1989.0,cancers,8671.651397324233,8176.128393879473,9167.17440076899
Infants: 0.95 efficacy,1989.0,cancers,9167.174636129748,8176.128393879473,10158.220878380025
Infants: 0.95 efficacy,1989.0,cancers,11520.908860958101,11397.02752861739,11644.790193298813
Infants: 0.95 efficacy,1989.0,cancers,9291.056065383713,8919.41395124765,9662.698179519777
Infants: 0.95 efficacy,1990.0,cancers,10529.863186342596,8423.890061738859,12635.836310946333
Infants: 0.95 efficacy,1990.0,cancers,8423.88986791235,7432.844110228343,9414.935625596358
Infants: 0.95 efficacy,1990.0,cancers,9291.055788488704,7185.082497747961,11397.029079229447
Infants: 0.95 efficacy,1990.0,cancers,9167.17440076899,7185.082940779977,11149.265860758003
Infants: 0.95 efficacy,1991.0,cancers,10529.863463237605,9662.69795800377,11397.028968471443
Infants: 0.95 efficacy,1991.0,cancers,11025.38630054536,9414.9367331764,12635.835867914318
Infants: 0.95 efficacy,1991.0,cancers,9414.93642859189,9167.175674486038,9662.69718269774
Infants: 0.95 efficacy,1991.0,cancers,8300.00962930693,5450.75240103382,11149.26685758004
Infants: 0.95 efficacy,1992.0,cancers,9043.293871423808,8919.412677530603,9167.175065317015
Infants: 0.95 efficacy,1992.0,cancers,8176.129155340752,7185.082553126962,9167.175757554542
Infants: 0.95 efficacy,1992.0,cancers,9786.578404280448,9167.174511526995,10405.982297033901
Infants: 0.95 efficacy,1992.0,cancers,10653.744186409294,10405.982518549908,10901.50585426868
Infants: 0.95 efficacy,1993.0,cancers,10158.220573795514,9167.174290010986,11149.266857580042
Infants: 0.95 efficacy,1993.0,cancers,9167.174677664001,8671.652061872257,9662.697293455745
Infants: 0.95 efficacy,1993.0,cancers,7556.7250410712895,6441.79818640733,8671.65189573525
Infants: 0.95 efficacy,1993.0,cancers,9910.459681242157,9910.459348968145,9910.460013516169
Infants: 0.95 efficacy,1994.0,cancers,8176.129376856759,7928.36733518911,8423.891418524408
Infants: 0.95 efficacy,1994.0,cancers,9167.175162230269,8671.651812666747,9662.69851179379
Infants: 0.95 efficacy,1994.0,cancers,8671.651729598245,7928.366947536097,9414.936511660393
Infants: 0.95 efficacy,1994.0,cancers,10034.340072139832,8671.651286566228,11397.028857713438
Infants: 0.95 efficacy,1995.0,cancers,10529.862189520558,6937.321051404582,14122.403327636535
Infants: 0.95 efficacy,1995.0,cancers,9910.459293589141,9662.698068761774,10158.22051841651
Infants: 0.95 efficacy,1995.0,cancers,11149.266414548027,9167.174179252983,13131.358649843069
Infants: 0.95 efficacy,1995.0,cancers,8176.128560016479,7432.844387123354,8919.412732909605
Infants: 0.95 efficacy,1996.0,cancers,10529.863366324353,9910.459653552656,11149.26707909605
Infants: 0.95 efficacy,1996.0,cancers,11520.909442437622,9910.459681242155,13131.359203633088
Infants: 0.95 efficacy,1996.0,cancers,12016.432501261383,9662.698567172793,14370.166435349973
Infants: 0.95 efficacy,1996.0,cancers,10653.74379875628,10405.982186275896,10901.505411236663
Infants: 0.95 efficacy,1997.0,cancers,11644.790525572826,11149.267079096051,12140.3139720496
Infants: 0.95 efficacy,1997.0,cancers,10282.101809222971,8671.652089561758,11892.551528884185
Infants: 0.95 efficacy,1997.0,cancers,10034.34001676083,9662.69773648776,10405.982297033901
Infants: 0.95 efficacy,1997.0,cancers,10777.624646530723,10158.22129372254,11397.027999338907
Infants: 0.95 efficacy,1998.0,cancers,10034.33973986582,8176.128615395481,11892.55086433616
Infants: 0.95 efficacy,1998.0,cancers,8795.532563527937,7680.605501192718,9910.459625863155
Infants: 0.95 efficacy,1998.0,cancers,8052.247726086785,7185.082497747959,8919.412954425612
Infants: 0.95 efficacy,1998.0,cancers,9043.294314455827,7928.368110495139,10158.220518416512
Infants: 0.95 efficacy,1999.0,cancers,10777.624688064974,10653.74462944131,10901.504746688639
Infants: 0.95 efficacy,1999.0,cancers,11520.909027095107,9662.697514971753,13379.120539218462
Infants: 0.95 efficacy,1999.0,cancers,10529.863753977366,9414.936871623906,11644.790636330828
Infants: 0.95 efficacy,1999.0,cancers,10653.743909514285,8423.890172496864,12883.597646531707
Infants: 0.95 efficacy,2000.0,cancers,11025.384916070307,8423.890061738859,13626.879770401756
Infants: 0.95 efficacy,2000.0,cancers,10529.863657064114,9414.936511660393,11644.790802467835
Infants: 0.95 efficacy,2000.0,cancers,10282.101795378221,10158.221515238549,10405.982075517893
Infants: 0.95 efficacy,2000.0,cancers,10529.862604863074,10405.982297033901,10653.742912692247
Infants: 0.95 efficacy,2001.0,cancers,10158.221182964537,8176.129169185502,12140.313196743571
Infants: 0.95 efficacy,2001.0,cancers,13379.119846980935,12635.835923293318,14122.403770668552
Infants: 0.95 efficacy,2001.0,cancers,9910.459653552656,8919.414338900664,10901.504968204648
Infants: 0.95 efficacy,2001.0,cancers,11644.789694887793,11644.789196476775,11644.790193298812
Infants: 0.95 efficacy,2002.0,cancers,10901.505245099659,9910.459072073136,11892.55141812618
Infants: 0.95 efficacy,2002.0,cancers,10777.624549617469,8671.65189573525,12883.597203499688
Infants: 0.95 efficacy,2002.0,cancers,9910.459016694133,9414.936068628376,10405.981964759889
Infants: 0.95 efficacy,2002.0,cancers,10901.505577373668,9414.93595787037,12388.075196876967
Infants: 0.95 efficacy,2003.0,cancers,11149.266386858522,8919.413563594635,13379.11921012241
Infants: 0.95 efficacy,2003.0,cancers,12264.194030673263,11892.551750400193,12635.836310946333
Infants: 0.95 efficacy,2003.0,cancers,10405.9822693444,9662.697238076742,11149.267300612059
Infants: 0.95 efficacy,2003.0,cancers,9043.294009871315,7680.6058334667305,10405.982186275898
Infants: 0.95 efficacy,2004.0,cancers,10777.624826512481,10405.982961581925,11149.266691443036
Infants: 0.95 efficacy,2004.0,cancers,9167.174649974499,8919.413231320623,9414.936068628376
Infants: 0.95 efficacy,2004.0,cancers,12016.432196676873,11892.551861158197,12140.312532195547
Infants: 0.95 efficacy,2004.0,cancers,10529.863269411098,9414.936567039395,11644.789971782802
Infants: 0.95 efficacy,2005.0,cancers,11520.908860958101,11149.266746822039,11892.550975094164
Infants: 0.95 efficacy,2005.0,cancers,10901.50530047866,8919.413342078627,12883.597258878692
Infants: 0.95 efficacy,2005.0,cancers,11520.909414748121,10901.505632752673,12140.31319674357
Infants: 0.95 efficacy,2005.0,cancers,10777.624604996472,10158.221293722541,11397.027916270403
Infants: 0.95 efficacy,2006.0,cancers,13503.000210189111,11397.028968471444,15608.971451906778
Infants: 0.95 efficacy,2006.0,cancers,10282.101435414708,9167.174760732503,11397.028110096911
Infants: 0.95 efficacy,2006.0,cancers,11149.266636064032,10901.505411236663,11397.027860891401
Infants: 0.95 efficacy,2006.0,cancers,10405.982809289671,8919.414200453159,11892.551418126182
Infants: 0.95 efficacy,2007.0,cancers,12016.431753644854,11644.789750266797,12388.073757022914
Infants: 0.95 efficacy,2007.0,cancers,14122.404989006594,12635.836310946332,15608.973667066857
Infants: 0.95 efficacy,2007.0,cancers,12264.19397529426,10653.744407925302,13874.64354266322
Infants: 0.95 efficacy,2007.0,cancers,13007.477442105112,10901.505549684169,15113.449334526053
Infants: 0.95 efficacy,2008.0,cancers,10282.102196875985,8423.891418524408,12140.312975227562
Infants: 0.95 efficacy,2008.0,cancers,15361.21210996548,14865.690546374773,15856.733673556184
Infants: 0.95 efficacy,2008.0,cancers,12511.95525550063,12388.074532328941,12635.835978672321
Infants: 0.95 efficacy,2008.0,cancers,10901.50563275267,10405.982407791904,11397.028857713438
Infants: 0.95 efficacy,2009.0,cancers,10901.505978871435,10405.982961581925,11397.028996160945
Infants: 0.95 efficacy,2009.0,cancers,12264.193753778254,11149.26707909605,13379.120428460457
Infants: 0.95 efficacy,2009.0,cancers,11149.266746822037,9414.936068628376,12883.597425015698
Infants: 0.95 efficacy,2009.0,cancers,13874.6430442522,12635.835314124295,15113.450774380104
Infants: 0.95 efficacy,2010.0,cancers,12016.432418192879,11149.267411370061,12883.597425015696
Infants: 0.95 efficacy,2010.0,cancers,11273.148079162747,10405.982961581925,12140.31319674357
Infants: 0.95 efficacy,2010.0,cancers,11025.386245166355,10901.505632752673,11149.26685758004
Infants: 0.95 efficacy,2010.0,cancers,15485.092279347147,15113.451217412121,15856.733341282172
Infants: 0.95 efficacy,2011.0,cancers,13750.760825847457,13626.879770401756,13874.641881293159
Infants: 0.95 efficacy,2011.0,cancers,12264.193643020248,12140.312642953548,12388.074643086948
Infants: 0.95 efficacy,2011.0,cancers,11025.385995960845,8671.65189573525,13379.120096186443
Infants: 0.95 efficacy,2011.0,cancers,12759.716231122491,10158.220906069526,15361.211556175456
Infants: 0.95 efficacy,2012.0,cancers,10653.744020272288,9662.698511793791,11644.789528750785
Infants: 0.95 efficacy,2012.0,cancers,14617.927438661334,12388.073978538923,16847.780898783745
Infants: 0.95 efficacy,2012.0,cancers,13626.88181942483,13379.120649976465,13874.642988873198
Infants: 0.95 efficacy,2012.0,cancers,13131.358151432049,10158.221515238549,16104.494787625548
Infants: 0.95 efficacy,2013.0,cancers,13503.001096253141,12140.312864469557,14865.689328036728
Infants: 0.95 efficacy,2013.0,cancers,14494.046383215635,11397.028968471444,17591.063797959825
Infants: 0.95 efficacy,2013.0,cancers,13750.761601153485,12635.835314124295,14865.687888182674
Infants: 0.95 efficacy,2013.0,cancers,14865.689604931737,13626.882207077846,16104.497002785629
Infants: 0.95 efficacy,2014.0,cancers,16104.495175278564,14865.68932803673,17343.301022520398
Infants: 0.95 efficacy,2014.0,cancers,13007.478314324393,12883.5974250157,13131.359203633087
Infants: 0.95 efficacy,2014.0,cancers,16352.257286169965,16104.496892027626,16600.017680312303
Infants: 0.95 efficacy,2014.0,cancers,14370.165770801948,13131.358760601071,15608.972781002827
Infants: 0.95 efficacy,2015.0,cancers,14122.40368760005,12883.597258878694,15361.210116321405
Infants: 0.95 efficacy,2015.0,cancers,17095.540296104045,14370.164663221905,19820.915928986185
Infants: 0.95 efficacy,2015.0,cancers,14865.688552730699,14370.166213833963,15361.210891627434
Infants: 0.95 efficacy,2015.0,cancers,14246.28395389497,10405.982075517893,18086.58583227205
Infants: 0.95 efficacy,2016.0,cancers,16476.138784647683,14122.405432038613,18829.872137256752
Infants: 0.95 efficacy,2016.0,cancers,14617.926774113308,13874.643431905215,15361.210116321403
Infants: 0.95 efficacy,2016.0,cancers,14494.04732465867,13131.358871359074,15856.735777958263
Infants: 0.95 efficacy,2016.0,cancers,14246.285103009262,13131.359092875084,15361.211113143441
Infants: 0.95 efficacy,2017.0,cancers,13626.880490328782,9414.9367331764,17838.824247481163
Infants: 0.95 efficacy,2017.0,cancers,15732.853227279506,15608.972227212806,15856.734227346204
Infants: 0.95 efficacy,2017.0,cancers,15113.449334526049,12635.836200188327,17591.062468863773
Infants: 0.95 efficacy,2017.0,cancers,19820.916704292216,17343.301687068422,22298.53172151601
Infants: 0.95 efficacy,2018.0,cancers,15856.733895072191,14865.689549552735,16847.778240591648
Infants: 0.95 efficacy,2018.0,cancers,15361.210725490428,15361.21022707941,15361.211223901446
Infants: 0.95 efficacy,2018.0,cancers,17838.825078166195,16600.018344860327,19077.631811472063
Infants: 0.95 efficacy,2018.0,cancers,13998.524376592912,13626.88231783585,14370.166435349973
Infants: 0.95 efficacy,2019.0,cancers,14989.568306769852,12388.073701643913,17591.06291189579
Infants: 0.95 efficacy,2019.0,cancers,16723.899566443033,15608.973777824864,17838.825355061206
Infants: 0.95 efficacy,2019.0,cancers,15361.211943828472,15113.449334526053,15608.974553130893
Infants: 0.95 efficacy,2019.0,cancers,15113.44983293707,14865.689438794732,15361.21022707941
Infants: 0.95 efficacy,2020.0,cancers,14617.927175611076,13379.120456149958,15856.733895072191
Infants: 0.95 efficacy,2020.0,cancers,15608.972781002827,15361.211223901446,15856.734338104208
Infants: 0.95 efficacy,2020.0,cancers,16971.659517553355,16104.495009141556,17838.824025965154
Infants: 0.95 efficacy,2020.0,cancers,18829.872137256752,16600.01978471438,21059.724489799122
Infants: 0.95 efficacy,2021.0,cancers,17467.183130167137,17343.30290540647,17591.063354927806
Infants: 0.95 efficacy,2021.0,cancers,15608.974027030374,15361.212829892505,15856.735224168242
Infants: 0.95 efficacy,2021.0,cancers,18582.109915607343,15856.733895072191,21307.485936142497
Infants: 0.95 efficacy,2021.0,cancers,17219.421185412742,15856.733562798181,18582.108808027304
Infants: 0.95 efficacy,2022.0,cancers,17467.183573199156,15113.450774380106,19820.916372018204
Infants: 0.95 efficacy,2022.0,cancers,15856.734836515227,14617.926552597302,17095.54312043315
Infants: 0.95 efficacy,2022.0,cancers,15732.852728868487,15361.210891627434,16104.49456610954
Infants: 0.95 efficacy,2022.0,cancers,16104.495396794573,14865.689328036728,17343.301465552417
Infants: 0.95 efficacy,2023.0,cancers,17838.824302860165,17343.3011332784,18334.347472441932
Infants: 0.95 efficacy,2023.0,cancers,20935.84268673689,19077.63120230304,22794.054171170745
Infants: 0.95 efficacy,2023.0,cancers,18829.87130657172,16847.77990196171,20811.96271118173
Infants: 0.95 efficacy,2023.0,cancers,17962.705690579878,17838.825576577212,18086.585804582544
Infants: 0.95 efficacy,2024.0,cancers,16104.495729068583,15608.974442372888,16600.01701576428
Infants: 0.95 efficacy,2024.0,cancers,17838.82546581921,16104.49667051162,19573.1542611268
Infants: 0.95 efficacy,2024.0,cancers,18334.34902305399,18086.58890580666,18582.109140301316
Infants: 0.95 efficacy,2024.0,cancers,17467.183213235643,15361.211223901446,19573.155202569837
Infants: 0.95 efficacy,2025.0,cancers,16352.25745230697,15113.450885138109,17591.06401947583
Infants: 0.95 efficacy,2025.0,cancers,16228.375787692246,15361.211666933463,17095.53990845103
Infants: 0.95 efficacy,2025.0,cancers,20811.962877318736,19573.15559022285,22050.770164414625
Infants: 0.95 efficacy,2025.0,cancers,21183.606375929852,21059.72559737916,21307.487154480543
Infants: 0.95 efficacy,2026.0,cancers,19449.27425788214,19077.632365262085,19820.916150502195
Infants: 0.95 efficacy,2026.0,cancers,19820.91653815521,19325.394033121465,20316.43904318895
Infants: 0.95 efficacy,2026.0,cancers,21431.366825451194,20068.678704425613,22794.054946476776
Infants: 0.95 efficacy,2026.0,cancers,17962.705745958883,17591.063576443816,18334.347915473947
Infants: 0.95 efficacy,2027.0,cancers,21059.72421290411,19820.91714732423,22298.531278483988
Infants: 0.95 efficacy,2027.0,cancers,21059.724379041116,21059.724268283113,21059.724489799122
Infants: 0.95 efficacy,2027.0,cancers,18705.990361884025,17838.825133545197,19573.15559022285
Infants: 0.95 efficacy,2027.0,cancers,20688.08171111503,20564.20060029033,20811.96282193974
Infants: 0.95 efficacy,2028.0,cancers,17095.540794515065,16352.256455484934,17838.825133545197
Infants: 0.95 efficacy,2028.0,cancers,19449.276085389207,16600.01978471438,22298.532386064035
Infants: 0.95 efficacy,2028.0,cancers,22546.294995366454,22298.533715160083,22794.056275572824
Infants: 0.95 efficacy,2028.0,cancers,21803.00788738622,21059.723271461076,22546.29250331136
Infants: 0.95 efficacy,2029.0,cancers,18953.75258353343,18086.58746595261,19820.91770111425
Infants: 0.95 efficacy,2029.0,cancers,18334.347749336943,18086.58558306654,18582.109915607347
Infants: 0.95 efficacy,2029.0,cancers,18210.46719230226,17591.062911895795,18829.871472708728
Infants: 0.95 efficacy,2029.0,cancers,22422.412500066697,21059.7239360091,23785.101064124297
Infants: 0.95 efficacy,2030.0,cancers,20688.082043389048,20564.202150902387,20811.961935875705
Infants: 0.95 efficacy,2030.0,cancers,22917.935891164467,20316.440926075014,25519.430856253923
Infants: 0.95 efficacy,2030.0,cancers,21183.605822139834,18334.34714016792,24032.86450411175
Infants: 0.95 efficacy,2030.0,cancers,20688.08137884102,19820.916150502195,21555.246607179844
Infants: 0.95 efficacy,2031.0,cancers,21555.246939453857,21059.724046767104,22050.769832140613
Infants: 0.95 efficacy,2031.0,cancers,20811.96271118173,17095.54001920904,24528.385403154425
Infants: 0.95 efficacy,2031.0,cancers,21926.89032730697,17838.82579809322,26014.95485652072
Infants: 0.95 efficacy,2031.0,cancers,22174.650333796293,21555.24671793785,22794.053949654735
Infants: 0.95 efficacy,2032.0,cancers,20564.201264838353,19325.394365395478,21803.00816428123
Infants: 0.95 efficacy,2032.0,cancers,22546.29416468142,20068.679590489646,25023.9087388732
Infants: 0.95 efficacy,2032.0,cancers,22050.77016441463,21555.24738248588,22546.292946343376
Infants: 0.95 efficacy,2032.0,cancers,21679.127884141555,21555.24760400188,21803.00816428123
Infants: 0.95 efficacy,2033.0,cancers,19820.91659353421,19077.63203298807,20564.20115408035
Infants: 0.95 efficacy,2033.0,cancers,23785.101396398306,23289.579057501574,24280.62373529504
Infants: 0.95 efficacy,2033.0,cancers,20688.082043389044,18829.870032854673,22546.294053923415
Infants: 0.95 efficacy,2033.0,cancers,21926.889053589926,21803.008053523226,22050.770053656623
Infants: 0.95 efficacy,2034.0,cancers,22422.41216779269,22050.76994289862,22794.054392686754
Infants: 0.95 efficacy,2034.0,cancers,26386.598078236824,23041.81738964219,29731.378766831458
Infants: 0.95 efficacy,2034.0,cancers,23661.21876265105,21059.723548356087,26262.713976946012
Infants: 0.95 efficacy,2034.0,cancers,20935.84365586943,20811.961935875705,21059.725375863156
Infants: 0.95 efficacy,2035.0,cancers,22917.935669648465,19573.155368706844,26262.715970590085
Infants: 0.95 efficacy,2035.0,cancers,21059.72415752511,20564.20093256434,21555.24738248588
Infants: 0.95 efficacy,2035.0,cancers,22050.770164414625,21059.72448979912,23041.815839030132
Infants: 0.95 efficacy,2035.0,cancers,23165.697559023858,21803.00960413528,24528.38551391243
Infants: 0.95 efficacy,2036.0,cancers,23413.45911612524,22546.29493998745,24280.623292263026
Infants: 0.95 efficacy,2036.0,cancers,19944.7973167059,17838.825687335215,22050.768946076583
Infants: 0.95 efficacy,2036.0,cancers,22298.532386064035,18829.871472708728,25767.193299419338
Infants: 0.95 efficacy,2036.0,cancers,27005.99953431419,25271.669077636536,28740.329990991842
Infants: 0.95 efficacy,2037.0,cancers,25891.07374569602,23289.577839163532,28492.569652228507
Infants: 0.95 efficacy,2037.0,cancers,23289.577063857498,21555.246053389827,25023.908074325172
Infants: 0.95 efficacy,2037.0,cancers,25767.192967145325,25767.19197032329,25767.193963967362
Infants: 0.95 efficacy,2037.0,cancers,22794.054724960766,18829.87125119272,26758.238198728814
Infants: 0.95 efficacy,2038.0,cancers,24652.26656935813,22298.53238606403,27006.00075265223
Infants: 0.95 efficacy,2038.0,cancers,25891.074299486037,22794.05583254081,28988.092766431266
Infants: 0.95 efficacy,2038.0,cancers,25643.311911699628,24528.386067702453,26758.237755696802
Infants: 0.95 efficacy,2038.0,cancers,25891.07369031702,24280.62439984307,27501.522980790964
Infants: 0.95 efficacy,2039.0,cancers,21679.127330351534,19820.917258082234,23537.337402620837
Infants: 0.95 efficacy,2039.0,cancers,25395.549911566224,21059.724268283113,29731.37555484934
Infants: 0.95 efficacy,2039.0,cancers,24900.026575847456,24280.624399843065,25519.428751851847
Infants: 0.95 efficacy,2039.0,cancers,23413.4581193032,23289.577728405526,23537.338510200876
Infants: 0.95 efficacy,2040.0,cancers,24032.862565846677,24032.86239970967,24032.86273198368
Infants: 0.95 efficacy,2040.0,cancers,25767.193742451353,24280.62484287508,27253.76264202763
Infants: 0.95 efficacy,2040.0,cancers,27501.52325768597,25519.431742317953,29483.61477305399
Infants: 0.95 efficacy,2040.0,cancers,22174.65099834432,20564.20026801632,23785.10172867232
Infants: 0.95 efficacy,2041.0,cancers,23289.577617647523,23041.81628206215,23537.338953232895
Infants: 0.95 efficacy,2041.0,cancers,23165.695953032795,22298.53094620998,24032.860959855614
Infants: 0.95 efficacy,2041.0,cancers,25395.55107452527,24032.86350728971,26758.238641760832
Infants: 0.95 efficacy,2041.0,cancers,22422.412500066697,22050.770164414625,22794.054835718773
Infants: 0.95 efficacy,2042.0,cancers,26262.71585983208,25767.19307790333,26758.23864176083
Infants: 0.95 efficacy,2042.0,cancers,24404.504790740742,22050.77027517263,26758.239306308857
Infants: 0.95 efficacy,2042.0,cancers,24032.862565846674,20811.962489665722,27253.762642027625
Infants: 0.95 efficacy,2042.0,cancers,24404.505067635753,22794.0556110248,26014.954524246707
Infants: 0.95 efficacy,2043.0,cancers,28120.927648850444,25767.19318866133,30474.662109039557
Infants: 0.95 efficacy,2043.0,cancers,21183.60548986582,21059.72526510515,21307.48571462649
Infants: 0.95 efficacy,2043.0,cancers,24652.266458600126,24280.62462135907,25023.90829584118
Infants: 0.95 efficacy,2043.0,cancers,22422.41205703468,20316.438710914936,24528.385403154425
Infants: 0.95 efficacy,2044.0,cancers,24156.743399776366,23537.33961778092,24776.147181771816
Infants: 0.95 efficacy,2044.0,cancers,21926.890327306974,21059.72604041118,22794.054614202763
Infants: 0.95 efficacy,2044.0,cancers,22050.77060744664,20316.440372285,23785.100842608284
Infants: 0.95 efficacy,2044.0,cancers,27873.16481803202,27501.523866854997,28244.805769209037
Infants: 0.95 efficacy,2045.0,cancers,22298.53371516008,22298.532718338043,22298.534711982116
Infants: 0.95 efficacy,2045.0,cancers,24404.504292329722,21555.246607179844,27253.761977479604
Infants: 0.95 efficacy,2045.0,cancers,24652.266347842124,24280.62417832706,25023.90851735719
Infants: 0.95 efficacy,2045.0,cancers,25519.431520801947,24280.624178327056,26758.238863276838
Infants: 0.95 efficacy,2046.0,cancers,25395.549911566224,24280.623292263022,26510.47653086943
Infants: 0.95 efficacy,2046.0,cancers,26510.476807764437,24032.862953499687,28988.090662029186
Infants: 0.95 efficacy,2046.0,cancers,24404.504790740742,24032.86184591965,24776.147735561837
Infants: 0.95 efficacy,2046.0,cancers,25271.66979756356,24032.862621225675,26510.476973901445
Infants: 0.95 efficacy,2047.0,cancers,23289.577783784527,22546.29327861739,24032.862288951663
Infants: 0.95 efficacy,2047.0,cancers,27377.643475957317,26014.955853342755,28740.33109857188
Infants: 0.95 efficacy,2047.0,cancers,22546.293777028404,18334.348136989953,26758.239417066856
Infants: 0.95 efficacy,2047.0,cancers,24776.147071013813,24280.62395681105,25271.670185216575
Infants: 0.95 efficacy,2048.0,cancers,24900.026852742467,24032.861402887633,25767.1923025973
Infants: 0.95 efficacy,2048.0,cancers,26386.59547542373,25767.19041971123,27006.000531136226
Infants: 0.95 efficacy,2048.0,cancers,23165.697725160862,23041.816946610168,23289.578503711557
Infants: 0.95 efficacy,2048.0,cancers,23908.98167653798,21803.008828829254,26014.954524246707
Infants: 0.95 efficacy,2049.0,cancers,23908.981898053986,22298.53238606403,25519.431410043944
Infants: 0.95 efficacy,2049.0,cancers,27625.403980857664,22794.05705087885,32456.750910836472
Infants: 0.95 efficacy,2049.0,cancers,22050.770496688638,19573.15559022285,24528.38540315443
Infants: 0.95 efficacy,2049.0,cancers,23908.981898053986,23537.340282328943,24280.62351377903
Infants: 0.95 efficacy,2050.0,cancers,22298.532219927023,21803.00927186127,22794.05516799278
Infants: 0.95 efficacy,2050.0,cancers,21803.009493377278,20068.678815183615,23537.340171570937
Infants: 0.95 efficacy,2050.0,cancers,26386.595918455743,24776.14618494978,27997.045651961707
Infants: 0.95 efficacy,2050.0,cancers,24032.863175015696,20811.963929519778,27253.762420511615
Infants: 0.95 efficacy,2051.0,cancers,21679.128271794572,20316.43959697897,23041.81694661017
Infants: 0.95 efficacy,2051.0,cancers,22546.29516150346,19573.158026898942,25519.432296107978
Infants: 0.95 efficacy,2051.0,cancers,26510.476973901445,26014.95541031074,27005.998537492153
Infants: 0.95 efficacy,2051.0,cancers,21555.24943150895,19325.396026765542,23785.102836252358
Infants: 0.95 efficacy,2052.0,cancers,23785.10028881827,23289.577728405526,24280.62284923101
Infants: 0.95 efficacy,2052.0,cancers,26758.23830948682,25271.669299152545,28244.8073198211
Infants: 0.95 efficacy,2052.0,cancers,28244.80632299906,27501.52209472693,28988.090551271183
Infants: 0.95 efficacy,2052.0,cancers,23661.220451710615,22298.5315,25023.909403421225
Infants: 0.95 efficacy,2053.0,cancers,21926.890493443978,17343.304234502517,26510.476752385435
Infants: 0.95 efficacy,2053.0,cancers,23413.45839619821,23041.816060546138,23785.10073185028
Infants: 0.95 efficacy,2053.0,cancers,21307.486213037508,21059.724932831137,21555.247493243878
Infants: 0.95 efficacy,2053.0,cancers,24404.504403087725,21803.008275039232,27006.000531136222
Infants: 0.95 efficacy,2054.0,cancers,23165.696008411796,22050.7693891086,24280.622627714998
Infants: 0.95 efficacy,2054.0,cancers,22670.17350337806,21803.009382619275,23537.337624136846
Infants: 0.95 efficacy,2054.0,cancers,23908.981787295987,23785.10350080039,24032.860073791584
Infants: 0.95 efficacy,2054.0,cancers,27377.640928523222,24280.621963166977,30474.65989387947
Infants: 0.95 efficacy,2055.0,cancers,23041.81694661017,19820.91991627433,26262.713976946012
Infants: 0.95 efficacy,2055.0,cancers,24280.624012190052,20564.201486354363,27997.04653802574
Infants: 0.95 efficacy,2055.0,cancers,24652.2657386731,23785.09873820621,25519.432739139993
Infants: 0.95 efficacy,2055.0,cancers,21307.48704372254,17838.825908851228,24776.148178593856
Infants: 0.95 efficacy,2056.0,cancers,23289.576122414466,22050.768613802567,24528.38363102636
Infants: 0.95 efficacy,2056.0,cancers,21679.128050278563,21307.486822206534,22050.76927835059
Infants: 0.95 efficacy,2056.0,cancers,25395.550631493254,21803.009382619275,28988.091880367232
Infants: 0.95 efficacy,2056.0,cancers,24900.027018879475,24528.385624670438,25271.66841308851
Infants: 0.95 efficacy,2057.0,cancers,23165.696894475834,20564.203147724424,25767.19064122724
Infants: 0.95 efficacy,2057.0,cancers,22050.771216615663,21555.248157791906,22546.294275439424
Infants: 0.95 efficacy,2057.0,cancers,23289.579334396585,21059.725929653177,25519.432739139993
Infants: 0.95 efficacy,2057.0,cancers,19820.917867251257,17343.304456018523,22298.53127848399
Infants: 0.95 efficacy,2058.0,cancers,20935.84476344947,17591.067120699947,24280.622406198992
Infants: 0.95 efficacy,2058.0,cancers,21679.127330351537,21555.247825517894,21803.00683518518
Infants: 0.95 efficacy,2058.0,cancers,21059.72559737916,17591.066788425935,24528.384406332392
Infants: 0.95 efficacy,2058.0,cancers,20688.083981654116,18582.110247881355,22794.057715426876
Infants: 0.95 efficacy,2059.0,cancers,26014.954302730697,25271.67062824859,26758.237977212804
Infants: 0.95 efficacy,2059.0,cancers,24280.62417832706,23289.579389775587,25271.66896687853
Infants: 0.95 efficacy,2059.0,cancers,21183.605046833803,19820.917368840237,22546.29272482737
Infants: 0.95 efficacy,2059.0,cancers,25643.31036108757,24032.861181371623,27253.759540803512
Infants: 0.95 efficacy,2060.0,cancers,25023.90691136613,24776.145741917764,25271.668080814496
Infants: 0.95 efficacy,2060.0,cancers,22670.174334063093,21307.487375996552,24032.86129212963
Infants: 0.95 efficacy,2060.0,cancers,21431.370148191316,19820.92035930635,23041.81993707628
Infants: 0.95 efficacy,2060.0,cancers,23289.57628855147,21803.007388975202,24776.145188127743
Infants: 0.95 efficacy,2061.0,cancers,21679.128659447582,19820.918587178283,23537.338731716885
Infants: 0.95 efficacy,2061.0,cancers,22917.934672826428,22050.76916759259,23785.100178060264
Infants: 0.95 efficacy,2061.0,cancers,18953.752140501412,16847.781231057757,21059.723049945067
Infants: 0.95 efficacy,2061.0,cancers,24404.503572402697,22298.532496822038,26510.474647983356
Infants: 0.95 efficacy,2062.0,cancers,21431.36665931419,20811.963708003772,22050.769610624608
Infants: 0.95 efficacy,2062.0,cancers,21679.12821641557,20564.20159711237,22794.054835718773
Infants: 0.95 efficacy,2062.0,cancers,22174.65077682831,20564.20137559636,23785.10017806026
Infants: 0.95 efficacy,2062.0,cancers,23785.098959722218,23289.57673158349,24280.621187860947
Infants: 0.95 efficacy,2063.0,cancers,23537.33779027385,23537.33729186283,23537.33828868487
Infants: 0.95 efficacy,2063.0,cancers,19573.157306971912,17591.067120699947,21555.247493243878
Infants: 0.95 efficacy,2063.0,cancers,21926.889884274955,20068.67892594162,23785.100842608288
Infants: 0.95 efficacy,2063.0,cancers,23661.21967640458,23289.577728405522,24032.86162440364
Infants: 0.95 efficacy,2064.0,cancers,23785.1011195033,23041.8176111582,24528.3846278484
Infants: 0.95 efficacy,2064.0,cancers,24404.504846119744,21555.247936275897,27253.76175596359
Infants: 0.95 efficacy,2064.0,cancers,21059.725154347147,19573.15614401287,22546.29416468142
Infants: 0.95 efficacy,2064.0,cancers,19077.63300212061,16104.495839826588,22050.77016441463
Infants: 0.95 efficacy,2065.0,cancers,21307.484551667447,18829.87136195072,23785.097741384172
Infants: 0.95 efficacy,2065.0,cancers,22174.651662892345,18829.872691046774,25519.430634737917
Infants: 0.95 efficacy,2065.0,cancers,22050.770496688638,20811.96260042373,23289.57839295355
Infants: 0.95 efficacy,2065.0,cancers,20935.84371124843,19325.39414387947,22546.29327861739
Infants: 0.95 efficacy,2066.0,cancers,24528.385846186444,24528.385403154425,24528.386289218462
Infants: 0.95 efficacy,2066.0,cancers,18953.7518359169,16352.25745230697,21555.24621952683
Infants: 0.95 efficacy,2066.0,cancers,21431.367102346205,21059.724932831137,21803.009271861272
Infants: 0.95 efficacy,2066.0,cancers,18210.467690713278,17095.539686935026,19325.39569449153
Infants: 0.95 efficacy,2067.0,cancers,21059.724877452136,18334.34902305399,23785.10073185028
Infants: 0.95 efficacy,2067.0,cancers,21307.486268416513,17343.30157631042,25271.670960522606
Infants: 0.95 efficacy,2067.0,cancers,20564.201057167094,19325.39361777895,21803.008496555238
Infants: 0.95 efficacy,2067.0,cancers,24900.027904943505,23537.340282328943,26262.715527558066
Infants: 0.95 efficacy,2068.0,cancers,21803.009161103266,20068.67914745763,23537.3391747489
Infants: 0.95 efficacy,2068.0,cancers,20811.962766560733,18582.109029543313,23041.816503578157
Infants: 0.95 efficacy,2068.0,cancers,23413.45773165019,21803.00849655524,25023.906966745133
Infants: 0.95 efficacy,2068.0,cancers,22670.174278684088,19077.633140568112,26262.715416800063
Infants: 0.95 efficacy,2069.0,cancers,23537.33961778092,20811.96293269774,26262.716302864097
Infants: 0.95 efficacy,2069.0,cancers,21183.605046833803,20068.6783721516,22298.531721516007
Infants: 0.95 efficacy,2069.0,cancers,24652.265018746075,22050.76972138261,27253.76031610954
Infants: 0.95 efficacy,2069.0,cancers,16847.7796527562,14370.165133943425,19325.394171568973
Infants: 0.95 efficacy,2070.0,cancers,21431.36726848321,17095.541569821093,25767.192967145325
Infants: 0.95 efficacy,2070.0,cancers,20192.558513843767,16847.77807445464,23537.338953232895
Infants: 0.95 efficacy,2070.0,cancers,23661.21928875157,21307.484717804455,26014.953859698682
Infants: 0.95 efficacy,2070.0,cancers,19449.275863873198,17591.064905539864,21307.48682220653
Infants: 0.95 efficacy,2071.0,cancers,20688.083206348092,17343.302573132456,24032.863839563724
Infants: 0.95 efficacy,2071.0,cancers,24280.62395681105,23289.57728537351,25271.67062824859
Infants: 0.95 efficacy,2071.0,cancers,25891.073856454022,25519.43152080195,26262.716192106094
Infants: 0.95 efficacy,2071.0,cancers,21059.724434420117,21059.723825251098,21059.72504358914
Infants: 0.95 efficacy,2072.0,cancers,22670.17378027307,21555.247936275897,23785.099624270242
Infants: 0.95 efficacy,2072.0,cancers,23785.1012025718,21307.486323795514,26262.716081348088
Infants: 0.95 efficacy,2072.0,cancers,24900.02801570151,24528.38540315443,25271.670628248594
Infants: 0.95 efficacy,2072.0,cancers,21059.72414368036,20316.439763115977,21803.008524244742
Infants: 0.95 efficacy,2073.0,cancers,21555.246828695854,19077.631811472063,24032.861845919648
Infants: 0.95 efficacy,2073.0,cancers,23165.696949854835,18334.347361683926,27997.04653802574
Infants: 0.95 efficacy,2073.0,cancers,22546.293444754396,21555.247604001885,23537.339285506907
Infants: 0.95 efficacy,2073.0,cancers,26138.834970523385,25271.67018521658,27005.999755830195
Infants: 0.95 efficacy,2074.0,cancers,22917.935517356207,19325.393036299432,26510.477998412982
Infants: 0.95 efficacy,2074.0,cancers,22794.055029545278,20811.962988076742,24776.147071013816
Infants: 0.95 efficacy,2074.0,cancers,24156.743704360877,23785.100787229283,24528.38662149247
Infants: 0.95 efficacy,2074.0,cancers,22917.9352404612,22050.77016441463,23785.100316507767
Infants: 0.95 efficacy,2075.0,cancers,24156.74287367585,23041.81666971516,25271.669077636536
Infants: 0.95 efficacy,2075.0,cancers,22298.53216454802,20811.96348648776,23785.100842608288
Infants: 0.95 efficacy,2075.0,cancers,24528.384240195388,24032.86173516165,25023.906745229127
Infants: 0.95 efficacy,2075.0,cancers,24528.384184816387,20068.677818361582,28988.090551271187
Infants: 0.95 efficacy,2076.0,cancers,24032.861181371627,22546.29272482737,25519.42963791588
Infants: 0.95 efficacy,2076.0,cancers,21803.008967276757,21059.725071278644,22546.292863274874
Infants: 0.95 efficacy,2076.0,cancers,20068.67756915607,17838.82391520715,22298.53122310499
Infants: 0.95 efficacy,2076.0,cancers,24776.14643415529,23537.338787095887,26014.95408121469
Infants: 0.95 efficacy,2077.0,cancers,24528.38435095339,23785.100067302257,25271.66863460452
Infants: 0.95 efficacy,2077.0,cancers,20688.08169727028,19820.91653815521,21555.246856385354
Infants: 0.95 efficacy,2077.0,cancers,23537.338399442873,22050.769832140613,25023.906966745133
Infants: 0.95 efficacy,2077.0,cancers,22050.769804451113,21555.247382485875,22546.29222641635
Infants: 0.95 efficacy,2078.0,cancers,21059.72446210962,19820.91764573525,22298.53127848399
Infants: 0.95 efficacy,2078.0,cancers,24032.86162440364,23537.33828868487,24528.38496012241
Infants: 0.95 efficacy,2078.0,cancers,24156.742596780838,22050.76966600361,26262.71552755807
Infants: 0.95 efficacy,2078.0,cancers,24776.146295707786,23289.57772840553,26262.714863010042
Infants: 0.95 efficacy,2079.0,cancers,22050.76969369311,19820.916316639203,24280.62307074702
Infants: 0.95 efficacy,2079.0,cancers,22546.292586379863,21555.24671793785,23537.338454821875
Infants: 0.95 efficacy,2079.0,cancers,23661.219385664823,23041.81611592514,24280.622655404502
Infants: 0.95 efficacy,2079.0,cancers,25395.549676205468,22794.05486340827,27997.044489002667
Infants: 0.95 efficacy,2080.0,cancers,25271.668634604517,24528.38385254237,26014.953416666667
Infants: 0.95 efficacy,2080.0,cancers,24032.861098303125,22794.054060412745,25271.6681361935
Infants: 0.95 efficacy,2080.0,cancers,26014.953472045672,23041.81622668315,28988.09071740819
Infants: 0.95 efficacy,2080.0,cancers,24280.623223039278,23041.815562135125,25519.430883943427
Infants: 0.95 efficacy,2081.0,cancers,26262.71531988681,26014.953859698682,26510.47678007494
Infants: 0.95 efficacy,2081.0,cancers,23413.457842408192,20316.44015076899,26510.475534047393
Infants: 0.95 efficacy,2081.0,cancers,24156.74211221457,22298.531444621,26014.952779808144
Infants: 0.95 efficacy,2081.0,cancers,24032.861749006395,24032.861402887633,24032.862095125158
Infants: 0.95 efficacy,2082.0,cancers,25891.072042791704,25767.191056569754,26014.953029013654
Infants: 0.95 efficacy,2082.0,cancers,24032.862053590907,23785.10034419727,24280.623762984545
Infants: 0.95 efficacy,2082.0,cancers,23908.981524245726,22298.531915342515,25519.431133148937
Infants: 0.95 efficacy,2082.0,cancers,29483.613610094944,26510.47625397442,32456.750966215473
Infants: 0.95 efficacy,2083.0,cancers,22298.530807762472,21059.723797561597,23537.33781796335
Infants: 0.95 efficacy,2083.0,cancers,26014.95372125118,24776.1466833608,27253.760759141558
Infants: 0.95 efficacy,2083.0,cancers,26138.833946011848,26014.953029013654,26262.714863010042
Infants: 0.95 efficacy,2083.0,cancers,26386.595489268482,24776.146517223795,27997.044461313166
Infants: 0.95 efficacy,2084.0,cancers,27005.998980524168,25023.907437466652,28988.090523581683
Infants: 0.95 efficacy,2084.0,cancers,27625.402707140613,25519.430136326897,29731.37527795433
Infants: 0.95 efficacy,2084.0,cancers,27625.402430245602,27253.760703762553,27997.044156728654
Infants: 0.95 efficacy,2084.0,cancers,26510.476406266673,24528.38523701742,28492.56757551593
Infants: 0.95 efficacy,2085.0,cancers,23413.458382353463,21307.486074590004,25519.43069011692
Infants: 0.95 efficacy,2085.0,cancers,25643.311233306853,22298.531610758007,28988.0908558557
Infants: 0.95 efficacy,2085.0,cancers,28988.090495892182,28988.089609828152,28988.091381956216
Infants: 0.95 efficacy,2085.0,cancers,24156.742375264832,22298.53119541549,26014.95355511417
Infants: 0.95 efficacy,2086.0,cancers,27873.164098104993,24280.62276616251,31465.705430047474
Infants: 0.95 efficacy,2086.0,cancers,27253.75985923277,27253.759734630017,27253.759983835527
Infants: 0.95 efficacy,2086.0,cancers,26014.95239215513,25767.19066891674,26262.714115393515
Infants: 0.95 efficacy,2086.0,cancers,24032.861485956135,21307.486379174516,26758.236592737754
Infants: 0.95 efficacy,2087.0,cancers,26758.237561870294,25023.90796356717,28492.567160173414
Infants: 0.95 efficacy,2087.0,cancers,27253.760025369782,26758.236786564263,27749.283264175298
Infants: 0.95 efficacy,2087.0,cancers,27377.64112234973,26014.953638182673,28740.32860651679
Infants: 0.95 efficacy,2087.0,cancers,28616.448769409133,26510.47630935342,30722.421229464846
Infants: 0.95 efficacy,2088.0,cancers,25519.429679450128,24032.86107061362,27005.99828828664
Infants: 0.95 efficacy,2088.0,cancers,25147.788105259337,23289.577146926003,27005.99906359267
Infants: 0.95 efficacy,2088.0,cancers,26882.11781432046,26014.953388977163,27749.28223966376
Infants: 0.95 efficacy,2088.0,cancers,25767.191638049277,25519.43069011692,26014.952585981635
Infants: 0.95 efficacy,2089.0,cancers,26386.595627715986,24280.62307074702,28492.568184684947
Infants: 0.95 efficacy,2089.0,cancers,25643.311316375355,23537.339423954414,27749.283208796296
Infants: 0.95 efficacy,2089.0,cancers,29359.73197316972,28492.566689451894,30226.89725688755
Infants: 0.95 efficacy,2089.0,cancers,27129.88004981462,27005.99931279818,27253.76078683106
Infants: 0.95 efficacy,2090.0,cancers,26386.594990857462,26262.713866188005,26510.476115526915
Infants: 0.95 efficacy,2090.0,cancers,26014.952392155126,22298.53047548846,29731.374308821793
Infants: 0.95 efficacy,2090.0,cancers,30350.778963036526,28988.091132750706,31713.466793322346
Infants: 0.95 efficacy,2090.0,cancers,28244.805810743288,27501.521762452918,28988.08985903366
Infants: 0.95 efficacy,2091.0,cancers,26510.47596323466,26014.953112082156,27005.998814387163
Infants: 0.95 efficacy,2091.0,cancers,27625.402125661094,26262.713866188005,28988.09038513418
Infants: 0.95 efficacy,2091.0,cancers,28740.3289111013,27253.759790009022,30226.89803219358
Infants: 0.95 efficacy,2091.0,cancers,31589.586790077687,30226.89803219358,32952.27554796179
Infants: 0.95 efficacy,2092.0,cancers,27005.999451245683,26014.953665872177,27997.045236619193
Infants: 0.95 efficacy,2092.0,cancers,28864.210021926003,26510.476364732425,31217.943679119584
Infants: 0.95 efficacy,2092.0,cancers,29731.376344000124,24032.86082140811,35429.89186659214
Infants: 0.95 efficacy,2092.0,cancers,30474.65899397069,29731.374558027303,31217.943429914074
Infants: 0.95 efficacy,2093.0,cancers,27377.64040242271,26758.237091148774,27997.04371369664
Infants: 0.95 efficacy,2093.0,cancers,32580.633087706963,31713.468676208417,33447.79749920551
Infants: 0.95 efficacy,2093.0,cancers,26882.118201973477,22546.29272482737,31217.943679119584
Infants: 0.95 efficacy,2093.0,cancers,29483.613083994424,28740.3289111013,30226.89725688755
Infants: 0.95 efficacy,2094.0,cancers,29731.374821077567,28988.09038513418,30474.65925702095
Infants: 0.95 efficacy,2094.0,cancers,29731.37494568032,29731.374558027303,29731.375333333333
Infants: 0.95 efficacy,2094.0,cancers,30226.897270732305,29483.61258558341,30970.1819558812
Infants: 0.95 efficacy,2094.0,cancers,31589.586679319684,30226.89778298807,32952.27557565129
Infants: 0.95 efficacy,2095.0,cancers,27501.521776297668,26014.953416666667,28988.09013592867
Infants: 0.95 efficacy,2095.0,cancers,29731.373935013537,29731.37381041078,29731.37405961629
Infants: 0.95 efficacy,2095.0,cancers,33819.44160698565,32952.27529875628,34686.60791521502
Infants: 0.95 efficacy,2095.0,cancers,30474.660392290494,25271.668468467513,35677.652316113476
Infants: 0.95 efficacy,2096.0,cancers,28492.566675607144,27501.52076563088,29483.61258558341
Infants: 0.95 efficacy,2096.0,cancers,29235.851609961544,28740.32866189579,29731.374558027303
Infants: 0.95 efficacy,2096.0,cancers,29731.3744472693,28492.56743706842,30970.18145747018
Infants: 0.95 efficacy,2096.0,cancers,31589.58641626942,30722.42023264281,32456.752599896034
Infants: 0.95 efficacy,2097.0,cancers,29359.732734631,27997.044987413683,30722.42048184832
Infants: 0.95 efficacy,2097.0,cancers,28368.68682465474,28244.806212241052,28492.56743706842
Infants: 0.95 efficacy,2097.0,cancers,33571.67988374726,33447.79774841102,33695.5620190835
Infants: 0.95 efficacy,2097.0,cancers,25023.907631293157,23785.10062109228,26262.714641494036
Infants: 0.95 efficacy,2098.0,cancers,30846.302243376296,29731.374336511293,31961.230150241296
Infants: 0.95 efficacy,2098.0,cancers,28864.209523514983,28492.56743706842,29235.851609961548
Infants: 0.95 efficacy,2098.0,cancers,31713.466142619076,29235.85111155053,34191.08117368762
Infants: 0.95 efficacy,2098.0,cancers,32456.750703165213,30474.65925702095,34438.84214930948
Infants: 0.95 efficacy,2099.0,cancers,34810.484360358794,34191.08117368762,35429.887547029975
Infants: 0.95 efficacy,2099.0,cancers,28368.68606319346,27253.759540803512,29483.61258558341
Infants: 0.95 efficacy,2099.0,cancers,33323.91713599734,31465.704405535937,35182.12986645874
Infants: 0.95 efficacy,2099.0,cancers,30350.77940606854,28988.09013592867,31713.468676208417
Infants: 0.95 efficacy,2100.0,cancers,31589.586291666667,30722.42023264281,32456.752350690524
Infants: 0.95 efficacy,1960.0,cancer_deaths,0.0,0.0,0.0
Infants: 0.95 efficacy,1960.0,cancer_deaths,0.0,0.0,0.0
Infants: 0.95 efficacy,1960.0,cancer_deaths,0.0,0.0,0.0
Infants: 0.95 efficacy,1960.0,cancer_deaths,0.0,0.0,0.0
Infants: 0.95 efficacy,1961.0,cancer_deaths,0.0,0.0,0.0
Infants: 0.95 efficacy,1961.0,cancer_deaths,0.0,0.0,0.0
Infants: 0.95 efficacy,1961.0,cancer_deaths,0.0,0.0,0.0
Infants: 0.95 efficacy,1961.0,cancer_deaths,0.0,0.0,0.0
Infants: 0.95 efficacy,1962.0,cancer_deaths,0.0,0.0,0.0
Infants: 0.95 efficacy,1962.0,cancer_deaths,0.0,0.0,0.0
Infants: 0.95 efficacy,1962.0,cancer_deaths,0.0,0.0,0.0
Infants: 0.95 efficacy,1962.0,cancer_deaths,0.0,0.0,0.0
Infants: 0.95 efficacy,1963.0,cancer_deaths,0.0,0.0,0.0
Infants: 0.95 efficacy,1963.0,cancer_deaths,0.0,0.0,0.0
Infants: 0.95 efficacy,1963.0,cancer_deaths,0.0,0.0,0.0
Infants: 0.95 efficacy,1963.0,cancer_deaths,0.0,0.0,0.0
Infants: 0.95 efficacy,1964.0,cancer_deaths,0.0,0.0,0.0
Infants: 0.95 efficacy,1964.0,cancer_deaths,0.0,0.0,0.0
Infants: 0.95 efficacy,1964.0,cancer_deaths,0.0,0.0,0.0
Infants: 0.95 efficacy,1964.0,cancer_deaths,0.0,0.0,0.0
Infants: 0.95 efficacy,1965.0,cancer_deaths,0.0,0.0,0.0
Infants: 0.95 efficacy,1965.0,cancer_deaths,0.0,0.0,0.0
Infants: 0.95 efficacy,1965.0,cancer_deaths,0.0,0.0,0.0
Infants: 0.95 efficacy,1965.0,cancer_deaths,0.0,0.0,0.0
Infants: 0.95 efficacy,1966.0,cancer_deaths,0.0,0.0,0.0
Infants: 0.95 efficacy,1966.0,cancer_deaths,0.0,0.0,0.0
Infants: 0.95 efficacy,1966.0,cancer_deaths,0.0,0.0,0.0
Infants: 0.95 efficacy,1966.0,cancer_deaths,0.0,0.0,0.0
Infants: 0.95 efficacy,1967.0,cancer_deaths,123.88073701643913,0.0,247.76147403287825
Infants: 0.95 efficacy,1967.0,cancer_deaths,0.0,0.0,0.0
Infants: 0.95 efficacy,1967.0,cancer_deaths,0.0,0.0,0.0
Infants: 0.95 efficacy,1967.0,cancer_deaths,123.88073701643913,0.0,247.76147403287825
Infants: 0.95 efficacy,1968.0,cancer_deaths,0.0,0.0,0.0
Infants: 0.95 efficacy,1968.0,cancer_deaths,0.0,0.0,0.0
Infants: 0.95 efficacy,1968.0,cancer_deaths,0.0,0.0,0.0
Infants: 0.95 efficacy,1968.0,cancer_deaths,0.0,0.0,0.0
Infants: 0.95 efficacy,1969.0,cancer_deaths,123.88073701643913,0.0,247.76147403287825
Infants: 0.95 efficacy,1969.0,cancer_deaths,0.0,0.0,0.0
Infants: 0.95 efficacy,1969.0,cancer_deaths,0.0,0.0,0.0
Infants: 0.95 efficacy,1969.0,cancer_deaths,247.76147403287825,0.0,495.5229480657565
Infants: 0.95 efficacy,1970.0,cancer_deaths,0.0,0.0,0.0
Infants: 0.95 efficacy,1970.0,cancer_deaths,123.88073701643913,0.0,247.76147403287825
Infants: 0.95 efficacy,1970.0,cancer_deaths,247.76147403287825,0.0,495.5229480657565
Infants: 0.95 efficacy,1970.0,cancer_deaths,371.6422110493174,247.76147403287825,495.5229480657565
Infants: 0.95 efficacy,1971.0,cancer_deaths,0.0,0.0,0.0
Infants: 0.95 efficacy,1971.0,cancer_deaths,123.88073701643913,0.0,247.76147403287825
Infants: 0.95 efficacy,1971.0,cancer_deaths,371.6422248940679,0.0,743.2844497881358
Infants: 0.95 efficacy,1971.0,cancer_deaths,123.88073701643913,0.0,247.76147403287825
Infants: 0.95 efficacy,1972.0,cancer_deaths,123.88073701643913,0.0,247.76147403287825
Infants: 0.95 efficacy,1972.0,cancer_deaths,495.5229480657565,247.76147403287825,743.2844220986348
Infants: 0.95 efficacy,1972.0,cancer_deaths,247.76147403287825,0.0,495.5229480657565
Infants: 0.95 efficacy,1972.0,cancer_deaths,123.88073701643913,0.0,247.76147403287825
Infants: 0.95 efficacy,1973.0,cancer_deaths,371.6422110493174,247.76147403287825,495.5229480657565
Infants: 0.95 efficacy,1973.0,cancer_deaths,0.0,0.0,0.0
Infants: 0.95 efficacy,1973.0,cancer_deaths,371.6422110493174,0.0,743.2844220986348
Infants: 0.95 efficacy,1973.0,cancer_deaths,991.0459099762636,991.045896131513,991.0459238210141
Infants: 0.95 efficacy,1974.0,cancer_deaths,247.76147403287825,247.76147403287825,247.76147403287825
Infants: 0.95 efficacy,1974.0,cancer_deaths,371.6422110493174,247.76147403287825,495.5229480657565
Infants: 0.95 efficacy,1974.0,cancer_deaths,867.1651729598244,743.2844497881358,991.045896131513
Infants: 0.95 efficacy,1974.0,cancer_deaths,743.2844359433852,495.5229480657565,991.0459238210141
Infants: 0.95 efficacy,1975.0,cancer_deaths,743.2844359433852,743.2844220986348,743.2844497881358
Infants: 0.95 efficacy,1975.0,cancer_deaths,867.165159115074,743.2844220986348,991.045896131513
Infants: 0.95 efficacy,1975.0,cancer_deaths,867.165159115074,743.2844220986348,991.045896131513
Infants: 0.95 efficacy,1975.0,cancer_deaths,867.1651729598244,743.2844497881358,991.045896131513
Infants: 0.95 efficacy,1976.0,cancer_deaths,2229.853210916902,743.2844220986348,3716.4219997351693
Infants: 0.95 efficacy,1976.0,cancer_deaths,1362.6880656465787,495.5229480657565,2229.853183227401
Infants: 0.95 efficacy,1976.0,cancer_deaths,1114.926633147952,743.2844220986348,1486.5688441972695
Infants: 0.95 efficacy,1976.0,cancer_deaths,1734.330318230148,1486.5688441972695,1982.091792263026
Infants: 0.95 efficacy,1977.0,cancer_deaths,1362.6880794913295,495.5229480657565,2229.8532109169023
Infants: 0.95 efficacy,1977.0,cancer_deaths,991.0459099762636,743.2844220986348,1238.8073978538923
Infants: 0.95 efficacy,1977.0,cancer_deaths,1610.4495812137086,1486.5688718867705,1734.3302905406467
Infants: 0.95 efficacy,1977.0,cancer_deaths,1238.8073840091417,991.0459238210141,1486.5688441972693
Infants: 0.95 efficacy,1978.0,cancer_deaths,1734.3303597643994,1238.8073978538923,2229.8533216749065
Infants: 0.95 efficacy,1978.0,cancer_deaths,1114.926633147952,743.2844220986348,1486.5688441972695
Infants: 0.95 efficacy,1978.0,cancer_deaths,1114.9266193032017,743.2844220986348,1486.5688165077686
Infants: 0.95 efficacy,1978.0,cancer_deaths,1858.2110275570858,1486.5688441972695,2229.853210916902
Infants: 0.95 efficacy,1979.0,cancer_deaths,2105.9725292794656,1982.0918199525272,2229.8532386064035
Infants: 0.95 efficacy,1979.0,cancer_deaths,1982.0917645735249,1486.5688718867705,2477.6146572602793
Infants: 0.95 efficacy,1979.0,cancer_deaths,2725.3761728274094,991.045896131513,4459.706449523306
Infants: 0.95 efficacy,1979.0,cancer_deaths,3716.42201357992,2973.137633015537,4459.706394144303
Infants: 0.95 efficacy,1980.0,cancer_deaths,1858.2110552465867,1238.8073701643912,2477.6147403287823
Infants: 0.95 efficacy,1980.0,cancer_deaths,2353.7340310018444,1982.0918476420281,2725.3762143616605
Infants: 0.95 efficacy,1980.0,cancer_deaths,1734.3303043853973,1238.8073978538923,2229.8532109169023
Infants: 0.95 efficacy,1980.0,cancer_deaths,3716.422055114172,3220.899051669413,4211.945058558931
Infants: 0.95 efficacy,1981.0,cancer_deaths,2229.853252451154,1982.091792263026,2477.6147126392816
Infants: 0.95 efficacy,1981.0,cancer_deaths,2229.853252451154,1982.091792263026,2477.6147126392816
Infants: 0.95 efficacy,1981.0,cancer_deaths,4583.587172694994,3964.1835291470497,5202.990816242937
Infants: 0.95 efficacy,1981.0,cancer_deaths,3097.018397721477,2973.137660705038,3220.899134737916
Infants: 0.95 efficacy,1982.0,cancer_deaths,5574.633027292256,3716.4220551141716,7432.84399947034
Infants: 0.95 efficacy,1982.0,cancer_deaths,3097.0184115662278,2229.8532939854053,3964.1835291470497
Infants: 0.95 efficacy,1982.0,cancer_deaths,3716.4220551141716,3468.6605810812935,3964.18352914705
Infants: 0.95 efficacy,1982.0,cancer_deaths,3964.183584526052,2973.13771608404,4955.229452968064
Infants: 0.95 efficacy,1983.0,cancer_deaths,2849.2569236885993,1982.0917645735249,3716.422082803673
Infants: 0.95 efficacy,1983.0,cancer_deaths,4335.825754041118,3220.8991901169184,5450.752317965317
Infants: 0.95 efficacy,1983.0,cancer_deaths,3716.42201357992,3220.8990793589137,4211.9449478009265
Infants: 0.95 efficacy,1983.0,cancer_deaths,4583.587214229246,3964.183501457549,5202.990927000942
Infants: 0.95 efficacy,1984.0,cancer_deaths,3468.660636460296,2973.13771608404,3964.1835568365514
Infants: 0.95 efficacy,1984.0,cancer_deaths,4088.064321542491,3220.8991624274177,4955.229480657565
Infants: 0.95 efficacy,1984.0,cancer_deaths,3592.5412904082314,3468.6606087707946,3716.4219720456686
Infants: 0.95 efficacy,1984.0,cancer_deaths,5202.990843932439,5202.990816242938,5202.99087162194
Infants: 0.95 efficacy,1985.0,cancer_deaths,5079.110037692248,4459.706421833805,5698.51365355069
Infants: 0.95 efficacy,1985.0,cancer_deaths,4211.94505855893,3964.183584526052,4459.706532591808
Infants: 0.95 efficacy,1985.0,cancer_deaths,4831.348646727873,3964.1835291470497,5698.513764308695
Infants: 0.95 efficacy,1985.0,cancer_deaths,5326.871580948879,4955.229397589062,5698.513764308695
Infants: 0.95 efficacy,1986.0,cancer_deaths,4459.706449523305,4211.944975490427,4707.467923556183
Infants: 0.95 efficacy,1986.0,cancer_deaths,6194.036629305948,5450.752262586315,6937.320996025581
Infants: 0.95 efficacy,1986.0,cancer_deaths,5698.513764308695,5698.513764308695,5698.513764308695
Infants: 0.95 efficacy,1986.0,cancer_deaths,5822.394542859385,5698.513902756199,5946.275182962571
Infants: 0.95 efficacy,1987.0,cancer_deaths,5450.752290275817,4707.467868177182,6194.036712374452
Infants: 0.95 efficacy,1987.0,cancer_deaths,3468.6605395470415,3468.660525702291,3468.660553391792
Infants: 0.95 efficacy,1987.0,cancer_deaths,7061.2018576447745,6937.321051404583,7185.082663884966
Infants: 0.95 efficacy,1987.0,cancer_deaths,6565.67951874804,5698.5136812401915,7432.845356255889
Infants: 0.95 efficacy,1988.0,cancer_deaths,6441.79820025208,5698.513875066699,7185.082525437461
Infants: 0.95 efficacy,1988.0,cancer_deaths,5946.275321410076,4955.229480657565,6937.321162162587
Infants: 0.95 efficacy,1988.0,cancer_deaths,7804.4863074329105,7432.844054849342,8176.128560016479
Infants: 0.95 efficacy,1988.0,cancer_deaths,5822.394902822899,4707.467951245685,6937.321854400113
Infants: 0.95 efficacy,1989.0,cancer_deaths,6194.036795442955,5698.513819687698,6689.559771198212
Infants: 0.95 efficacy,1989.0,cancer_deaths,6689.559660440207,6441.798158717827,6937.321162162587
Infants: 0.95 efficacy,1989.0,cancer_deaths,7432.84399947034,5946.275210652072,8919.412788288608
Infants: 0.95 efficacy,1989.0,cancer_deaths,4583.587145005493,4459.706421833805,4707.467868177182
Infants: 0.95 efficacy,1990.0,cancer_deaths,7432.844345589103,6441.798158717829,8423.890532460377
Infants: 0.95 efficacy,1990.0,cancer_deaths,5326.871580948879,4459.706449523305,6194.036712374451
Infants: 0.95 efficacy,1990.0,cancer_deaths,4583.587200384495,4211.945003179928,4955.2293975890625
Infants: 0.95 efficacy,1990.0,cancer_deaths,6070.155961513262,5202.990927000943,6937.320996025581
Infants: 0.95 efficacy,1991.0,cancer_deaths,6937.321065249333,6194.03668468495,7680.605445813716
Infants: 0.95 efficacy,1991.0,cancer_deaths,5202.990843932439,4459.706477212806,5946.275210652071
Infants: 0.95 efficacy,1991.0,cancer_deaths,6317.917518614643,5946.275376789079,6689.559660440207
Infants: 0.95 efficacy,1991.0,cancer_deaths,6689.559618905956,6441.798158717827,6937.321079094084
Infants: 0.95 efficacy,1992.0,cancer_deaths,6937.321079094084,6689.559632750706,7185.082525437461
Infants: 0.95 efficacy,1992.0,cancer_deaths,7185.08302384848,5946.275321410076,8423.890726286883
Infants: 0.95 efficacy,1992.0,cancer_deaths,6937.321162162587,5946.275210652072,7928.367113673101
Infants: 0.95 efficacy,1992.0,cancer_deaths,7185.082525437461,5698.513764308695,8671.651286566228
Infants: 0.95 efficacy,1993.0,cancer_deaths,5574.633068826507,4955.229425278563,6194.036712374451
Infants: 0.95 efficacy,1993.0,cancer_deaths,6937.321079094084,5946.275321410076,7928.366836778092
Infants: 0.95 efficacy,1993.0,cancer_deaths,6689.55999271422,5698.513875066699,7680.606110361741
Infants: 0.95 efficacy,1993.0,cancer_deaths,6689.559632750706,6441.798158717829,6937.321106783585
Infants: 0.95 efficacy,1994.0,cancer_deaths,5946.275293720575,3716.422027424671,8176.128560016478
Infants: 0.95 efficacy,1994.0,cancer_deaths,6441.798103338826,6441.798047959824,6441.798158717829
Infants: 0.95 efficacy,1994.0,cancer_deaths,9786.5784181252,9662.697514971755,9910.459321278646
Infants: 0.95 efficacy,1994.0,cancer_deaths,8300.009864667689,8176.129335322507,8423.890394012871
Infants: 0.95 efficacy,1995.0,cancer_deaths,6441.798283320582,5946.27515527307,6937.321411368096
Infants: 0.95 efficacy,1995.0,cancer_deaths,5202.990843932439,4211.944975490427,6194.036712374452
Infants: 0.95 efficacy,1995.0,cancer_deaths,6937.321245231091,6689.55971581921,7185.08277464297
Infants: 0.95 efficacy,1995.0,cancer_deaths,6565.678854200016,5698.513764308695,7432.843944091337
Infants: 0.95 efficacy,1996.0,cancer_deaths,7680.605418124216,7432.843971780839,7928.366864467593
Infants: 0.95 efficacy,1996.0,cancer_deaths,9291.05545621469,8671.651508082236,9910.459404347146
Infants: 0.95 efficacy,1996.0,cancer_deaths,8547.77193402484,5450.752262586315,11644.791605463366
Infants: 0.95 efficacy,1996.0,cancer_deaths,7556.724722642029,6441.798158717829,8671.651286566228
Infants: 0.95 efficacy,1997.0,cancer_deaths,7680.6060826722405,7185.082525437461,8176.12963990702
Infants: 0.95 efficacy,1997.0,cancer_deaths,4707.4679650904345,4459.706449523305,4955.229480657565
Infants: 0.95 efficacy,1997.0,cancer_deaths,9043.293968337062,7680.605971914236,10405.981964759889
Infants: 0.95 efficacy,1997.0,cancer_deaths,7185.082719263968,6937.321051404582,7432.844387123354
Infants: 0.95 efficacy,1998.0,cancer_deaths,6565.679311076783,5946.275293720575,7185.083328432991
Infants: 0.95 efficacy,1998.0,cancer_deaths,5698.513778153445,4459.706449523305,6937.321106783585
Infants: 0.95 efficacy,1998.0,cancer_deaths,6813.440812799163,4211.94505855893,9414.936567039395
Infants: 0.95 efficacy,1998.0,cancer_deaths,9043.29385757906,7680.605418124215,10405.982297033903
Infants: 0.95 efficacy,1999.0,cancer_deaths,9043.294328300575,4955.22934221006,13131.359314391091
Infants: 0.95 efficacy,1999.0,cancer_deaths,8423.890172496864,8176.128615395482,8671.651729598245
Infants: 0.95 efficacy,1999.0,cancer_deaths,6565.678854200016,6441.798103338826,6689.559605061206
Infants: 0.95 efficacy,1999.0,cancer_deaths,10034.339795244823,8919.412732909605,11149.266857580042
Infants: 0.95 efficacy,2000.0,cancer_deaths,7556.725387190052,7432.843999470339,7680.606774909766
Infants: 0.95 efficacy,2000.0,cancer_deaths,5326.871580948879,5202.990843932439,5450.752317965317
Infants: 0.95 efficacy,2000.0,cancer_deaths,8671.652089561758,7928.36788897913,9414.936290144384
Infants: 0.95 efficacy,2000.0,cancer_deaths,8423.89087857914,7928.367612084121,8919.414145074157
Infants: 0.95 efficacy,2001.0,cancer_deaths,7432.844054849342,5946.275376789078,8919.412732909605
Infants: 0.95 efficacy,2001.0,cancer_deaths,9043.293760665805,8671.651729598245,9414.935791733365
Infants: 0.95 efficacy,2001.0,cancer_deaths,9167.174511526993,9167.174400768989,9167.174622284998
Infants: 0.95 efficacy,2001.0,cancer_deaths,8052.248612150819,7928.36788897913,8176.129335322508
Infants: 0.95 efficacy,2002.0,cancer_deaths,7308.963442435657,6689.55971581921,7928.367169052104
Infants: 0.95 efficacy,2002.0,cancer_deaths,5946.275252186324,5450.752345654819,6441.798158717828
Infants: 0.95 efficacy,2002.0,cancer_deaths,6689.559632750706,6194.036656995449,7185.082608505963
Infants: 0.95 efficacy,2002.0,cancer_deaths,7928.367529015618,7185.083328432991,8671.651729598245
Infants: 0.95 efficacy,2003.0,cancer_deaths,8052.248335255808,7928.368332011147,8176.128338500471
Infants: 0.95 efficacy,2003.0,cancer_deaths,7308.963940846675,5698.513764308695,8919.414117384655
Infants: 0.95 efficacy,2003.0,cancer_deaths,7061.201788421022,6689.559521992702,7432.844054849342
Infants: 0.95 efficacy,2003.0,cancer_deaths,8919.413286699626,6689.55971581921,11149.266857580042
Infants: 0.95 efficacy,2004.0,cancer_deaths,8671.651674219243,7432.844719397366,9910.458629041119
Infants: 0.95 efficacy,2004.0,cancer_deaths,8919.41368819739,7928.367972047634,9910.459404347148
Infants: 0.95 efficacy,2004.0,cancer_deaths,9662.697681108759,7928.366836778092,11397.028525439428
Infants: 0.95 efficacy,2004.0,cancer_deaths,9414.936179386379,8671.651508082236,10158.220850690524
Infants: 0.95 efficacy,2005.0,cancer_deaths,7556.724750331529,7432.843999470339,7680.605501192719
Infants: 0.95 efficacy,2005.0,cancer_deaths,9043.294591350836,8423.890394012871,9662.6987886888
Infants: 0.95 efficacy,2005.0,cancer_deaths,6565.6788403552655,5946.27518296257,7185.08249774796
Infants: 0.95 efficacy,2005.0,cancer_deaths,9662.698262588281,8671.651895735251,10653.744629441311
Infants: 0.95 efficacy,2006.0,cancer_deaths,9167.17518991977,7680.605639640224,10653.744740199314
Infants: 0.95 efficacy,2006.0,cancer_deaths,10282.1012415882,9414.936068628376,11149.266414548023
Infants: 0.95 efficacy,2006.0,cancer_deaths,7928.3670998283515,7185.082525437461,8671.651674219242
Infants: 0.95 efficacy,2006.0,cancer_deaths,9291.056259210221,8176.129556838516,10405.982961581925
Infants: 0.95 efficacy,2007.0,cancer_deaths,7680.605971914237,6441.798158717829,8919.413785110644
Infants: 0.95 efficacy,2007.0,cancer_deaths,11644.789279545279,7680.605778087729,15608.972781002827
Infants: 0.95 efficacy,2007.0,cancer_deaths,7928.367930513383,6689.55999271422,9167.175868312544
Infants: 0.95 efficacy,2007.0,cancer_deaths,7680.605736553477,6937.321051404582,8423.890421702372
Infants: 0.95 efficacy,2008.0,cancer_deaths,8176.128643084982,8176.128449258475,8176.12883691149
Infants: 0.95 efficacy,2008.0,cancer_deaths,8547.771380234819,6937.321106783584,10158.221653686054
Infants: 0.95 efficacy,2008.0,cancer_deaths,8176.128504637478,7432.844054849342,8919.412954425614
Infants: 0.95 efficacy,2008.0,cancer_deaths,8671.651341945231,7928.366947536097,9414.935736354364
Infants: 0.95 efficacy,2009.0,cancer_deaths,9786.578570417456,8423.890837044888,11149.266303790022
Infants: 0.95 efficacy,2009.0,cancer_deaths,10158.22096144853,9662.697293455745,10653.744629441311
Infants: 0.95 efficacy,2009.0,cancer_deaths,6441.798144873077,5202.99087162194,7680.605418124215
Infants: 0.95 efficacy,2009.0,cancer_deaths,8052.247989137046,7185.082553126962,8919.41342514713
Infants: 0.95 efficacy,2010.0,cancer_deaths,9291.055857712456,7928.3673074996095,10653.744407925302
Infants: 0.95 efficacy,2010.0,cancer_deaths,7804.486639706923,7680.606442635753,7928.366836778092
Infants: 0.95 efficacy,2010.0,cancer_deaths,10282.101823067722,9167.175120696018,11397.028525439428
Infants: 0.95 efficacy,2010.0,cancer_deaths,7185.082553126962,6937.321162162587,7432.843944091337
Infants: 0.95 efficacy,2011.0,cancer_deaths,11025.385995960845,9910.459182831139,12140.312809090554
Infants: 0.95 efficacy,2011.0,cancer_deaths,10653.74269117624,8176.128393879473,13131.356988473006
Infants: 0.95 efficacy,2011.0,cancer_deaths,10034.339906002828,8919.41284366761,11149.266968338045
Infants: 0.95 efficacy,2011.0,cancer_deaths,7928.3675843946185,6937.321051404582,8919.414117384655
Infants: 0.95 efficacy,2012.0,cancer_deaths,8423.889950980854,8176.128393879473,8671.651508082236
Infants: 0.95 efficacy,2012.0,cancer_deaths,8671.652089561758,6441.798103338826,10901.50607578469
Infants: 0.95 efficacy,2012.0,cancer_deaths,8795.532812733447,7680.605833466732,9910.459792000162
Infants: 0.95 efficacy,2012.0,cancer_deaths,7432.8442902101,5946.275182962571,8919.413397457629
Infants: 0.95 efficacy,2013.0,cancer_deaths,10034.340584395602,8671.65297562579,11397.028193165414
Infants: 0.95 efficacy,2013.0,cancer_deaths,9167.174248476735,8423.889867912352,9910.458629041119
Infants: 0.95 efficacy,2013.0,cancer_deaths,7928.367196741605,7432.8443317443525,8423.890061738857
Infants: 0.95 efficacy,2013.0,cancer_deaths,10034.34001676083,9414.936511660391,10653.74352186127
Infants: 0.95 efficacy,2014.0,cancer_deaths,10901.505078962651,10901.505078962651,10901.505078962651
Infants: 0.95 efficacy,2014.0,cancer_deaths,9538.817096384577,7680.6059996037375,11397.028193165415
Infants: 0.95 efficacy,2014.0,cancer_deaths,11025.386023650348,10901.504968204648,11149.267079096047
Infants: 0.95 efficacy,2014.0,cancer_deaths,9414.936040938876,7432.844165607346,11397.027916270403
Infants: 0.95 efficacy,2015.0,cancer_deaths,11768.670473438484,9662.697625729757,13874.64332114721
Infants: 0.95 efficacy,2015.0,cancer_deaths,9291.055428525191,8671.651397324233,9910.45945972615
Infants: 0.95 efficacy,2015.0,cancer_deaths,9167.175522193782,8919.41395124765,9414.937093139913
Infants: 0.95 efficacy,2015.0,cancer_deaths,8795.53292349145,8176.129556838517,9414.936290144384
Infants: 0.95 efficacy,2016.0,cancer_deaths,9662.697847245765,8176.128781532488,11149.266912959043
Infants: 0.95 efficacy,2016.0,cancer_deaths,12511.955200121629,11149.266746822037,13874.643653421223
Infants: 0.95 efficacy,2016.0,cancer_deaths,8919.413494370883,7432.844525570859,10405.982463170907
Infants: 0.95 efficacy,2016.0,cancer_deaths,11768.670861091497,11644.7898610248,11892.551861158196
Infants: 0.95 efficacy,2017.0,cancer_deaths,11520.909428592873,11149.267439059564,11892.55141812618
Infants: 0.95 efficacy,2017.0,cancer_deaths,9786.578376590947,9414.936234765382,10158.22051841651
Infants: 0.95 efficacy,2017.0,cancer_deaths,8423.89008942836,8176.128781532488,8671.651397324233
Infants: 0.95 efficacy,2017.0,cancer_deaths,10529.863269411098,9414.936788555402,11644.789750266795
Infants: 0.95 efficacy,2018.0,cancer_deaths,10901.505812734427,10901.505771200178,10901.505854268678
Infants: 0.95 efficacy,2018.0,cancer_deaths,10653.743577240271,8671.652283388265,12635.834871092278
Infants: 0.95 efficacy,2018.0,cancer_deaths,13379.119043985404,10405.982075517893,16352.256012452915
Infants: 0.95 efficacy,2018.0,cancer_deaths,9291.055290077686,7432.844054849342,11149.26652530603
Infants: 0.95 efficacy,2019.0,cancer_deaths,9414.93648397089,8176.128892290491,10653.74407565129
Infants: 0.95 efficacy,2019.0,cancer_deaths,10777.62510340749,9414.937342345424,12140.312864469557
Infants: 0.95 efficacy,2019.0,cancer_deaths,10405.98251854991,10405.982297033901,10405.982740065918
Infants: 0.95 efficacy,2019.0,cancer_deaths,10653.744020272288,9414.936400902388,11892.551639642188
Infants: 0.95 efficacy,2020.0,cancer_deaths,11520.908639442092,9910.458629041117,13131.358649843067
Infants: 0.95 efficacy,2020.0,cancer_deaths,11025.385691376336,9167.174290010986,12883.597092741686
Infants: 0.95 efficacy,2020.0,cancer_deaths,12511.955033984623,11397.028414681421,13626.881653287825
Infants: 0.95 efficacy,2020.0,cancer_deaths,10158.221376791043,7680.606442635753,12635.836310946332
Infants: 0.95 efficacy,2021.0,cancer_deaths,11025.386092874101,8919.412982115115,13131.359203633088
Infants: 0.95 efficacy,2021.0,cancer_deaths,10529.863297100599,9662.698068761772,11397.028525439426
Infants: 0.95 efficacy,2021.0,cancer_deaths,11025.385192965317,10158.220407658508,11892.549978272127
Infants: 0.95 efficacy,2021.0,cancer_deaths,11273.14788533624,9167.17523145402,13379.12053921846
Infants: 0.95 efficacy,2022.0,cancer_deaths,12883.597646531707,11892.551750400195,13874.643542663218
Infants: 0.95 efficacy,2022.0,cancer_deaths,11025.38605133985,10405.982352412902,11644.789750266797
Infants: 0.95 efficacy,2022.0,cancer_deaths,11644.79047019382,10158.22157061755,13131.359369770093
Infants: 0.95 efficacy,2022.0,cancer_deaths,11149.267189854054,9662.698179519777,12635.836200188329
Infants: 0.95 efficacy,2023.0,cancer_deaths,15856.735611821254,12635.836310946332,19077.634912696176
Infants: 0.95 efficacy,2023.0,cancer_deaths,15980.615781202923,14617.926552597302,17343.305009808544
Infants: 0.95 efficacy,2023.0,cancer_deaths,13998.522604464848,12635.835203366292,15361.210005563402
Infants: 0.95 efficacy,2023.0,cancer_deaths,14494.045787891362,12140.313445949081,16847.77812983364
Infants: 0.95 efficacy,2024.0,cancer_deaths,15980.614064453861,13874.642435083178,18086.58569382454
Infants: 0.95 efficacy,2024.0,cancer_deaths,12140.311923026522,10405.982407791906,13874.64143826114
Infants: 0.95 efficacy,2024.0,cancer_deaths,12388.07475384495,9662.698733309797,15113.450774380106
Infants: 0.95 efficacy,2024.0,cancer_deaths,14370.16632459197,14122.404213700567,14617.928435483373
Infants: 0.95 efficacy,2025.0,cancer_deaths,11025.386134408353,10158.22073993252,11892.551528884185
Infants: 0.95 efficacy,2025.0,cancer_deaths,15856.734504241216,14122.404878248593,17591.064130233837
Infants: 0.95 efficacy,2025.0,cancer_deaths,13503.000667065877,11149.267411370061,15856.733922761692
Infants: 0.95 efficacy,2025.0,cancer_deaths,13626.882096319841,12388.074753844952,14865.689438794732
Infants: 0.95 efficacy,2026.0,cancer_deaths,13874.64276735719,12883.59720349969,14865.688331214691
Infants: 0.95 efficacy,2026.0,cancer_deaths,12388.074698465949,11892.551861158197,12883.597535773702
Infants: 0.95 efficacy,2026.0,cancer_deaths,13626.882207077846,12635.836643220346,14617.927770935346
Infants: 0.95 efficacy,2026.0,cancer_deaths,14494.045995562617,13131.358649843067,15856.73334128217
Infants: 0.95 efficacy,2027.0,cancer_deaths,12264.193172298732,11892.550144409133,12635.836200188329
Infants: 0.95 efficacy,2027.0,cancer_deaths,14122.404989006596,12883.5975357737,15361.212442239492
Infants: 0.95 efficacy,2027.0,cancer_deaths,13750.762044185503,12140.312532195547,15361.211556175458
Infants: 0.95 efficacy,2027.0,cancer_deaths,14122.404767490589,13626.88121025581,14617.928324725366
Infants: 0.95 efficacy,2028.0,cancer_deaths,13503.000874737136,13379.120871492474,13626.880877981797
Infants: 0.95 efficacy,2028.0,cancer_deaths,12388.074255433932,11149.266414548023,13626.882096319841
Infants: 0.95 efficacy,2028.0,cancer_deaths,12264.194113741767,11892.551750400193,12635.83647708334
Infants: 0.95 efficacy,2028.0,cancer_deaths,13379.119099364407,12883.596760467673,13874.64143826114
Infants: 0.95 efficacy,2029.0,cancer_deaths,12264.193366125237,11149.267300612057,13379.119431638419
Infants: 0.95 efficacy,2029.0,cancer_deaths,12759.716701844009,12388.074532328941,13131.358871359076
Infants: 0.95 efficacy,2029.0,cancer_deaths,14989.568500596359,14122.403881426555,15856.733119766162
Infants: 0.95 efficacy,2029.0,cancer_deaths,14370.16654610798,13874.64354266322,14865.689549552737
Infants: 0.95 efficacy,2030.0,cancer_deaths,14741.807580353501,13874.643265768209,15608.971894938793
Infants: 0.95 efficacy,2030.0,cancer_deaths,13874.64165977715,12883.596538951664,14865.686780602633
Infants: 0.95 efficacy,2030.0,cancer_deaths,17838.82601960923,16104.495009141556,19573.157030076905
Infants: 0.95 efficacy,2030.0,cancer_deaths,15608.97311327684,15113.451881960147,16104.494344593533
Infants: 0.95 efficacy,2031.0,cancer_deaths,12264.193587641246,11892.55141812618,12635.835757156312
Infants: 0.95 efficacy,2031.0,cancer_deaths,13502.9999332941,11892.55086433616,15113.44900225204
Infants: 0.95 efficacy,2031.0,cancer_deaths,14494.045663288605,11892.550753578154,17095.540572999056
Infants: 0.95 efficacy,2031.0,cancer_deaths,13131.357542263026,10653.744186409294,15608.970898116757
Infants: 0.95 efficacy,2032.0,cancer_deaths,16971.66090202841,16847.781452573763,17095.54035148305
Infants: 0.95 efficacy,2032.0,cancer_deaths,15608.974331614885,14617.928435483373,16600.020227746398
Infants: 0.95 efficacy,2032.0,cancer_deaths,15237.330168455745,15113.449445284057,15361.210891627434
Infants: 0.95 efficacy,2032.0,cancer_deaths,15732.852618110483,15361.210891627434,16104.494344593533
Infants: 0.95 efficacy,2033.0,cancer_deaths,14989.568722112366,14617.926552597302,15361.210891627432
Infants: 0.95 efficacy,2033.0,cancer_deaths,17095.541071410076,15361.209784047393,18829.872358772758
Infants: 0.95 efficacy,2033.0,cancer_deaths,16352.25656624294,16352.25601245292,16352.25712003296
Infants: 0.95 efficacy,2033.0,cancer_deaths,19573.155922496862,18829.871140434712,20316.440704559012
Infants: 0.95 efficacy,2034.0,cancer_deaths,17962.70574595888,15856.733119766162,20068.678372151597
Infants: 0.95 efficacy,2034.0,cancer_deaths,18458.22880478264,17095.54090527307,19820.916704292213
Infants: 0.95 efficacy,2034.0,cancer_deaths,17095.540517620055,16352.256123210922,17838.824912029188
Infants: 0.95 efficacy,2034.0,cancer_deaths,13998.523324391872,13379.120871492472,14617.925777291272
Infants: 0.95 efficacy,2035.0,cancer_deaths,17219.421462307753,15113.449223768048,19325.393700847457
Infants: 0.95 efficacy,2035.0,cancer_deaths,16476.1392830587,13874.642656599186,19077.635909518212
Infants: 0.95 efficacy,2035.0,cancer_deaths,18582.109638712336,15856.73356279818,21307.48571462649
Infants: 0.95 efficacy,2035.0,cancer_deaths,17219.42240375079,17095.53979769303,17343.305009808544
Infants: 0.95 efficacy,2036.0,cancer_deaths,18705.990195747017,16600.017901828312,20811.962489665722
Infants: 0.95 efficacy,2036.0,cancer_deaths,14370.166878381991,10158.220850690524,18582.112906073457
Infants: 0.95 efficacy,2036.0,cancer_deaths,18334.348303126964,17838.824801271185,18829.87180498274
Infants: 0.95 efficacy,2036.0,cancer_deaths,15113.449528352558,12140.313362880575,18086.58569382454
Infants: 0.95 efficacy,2037.0,cancer_deaths,18705.99135870606,14122.404989006596,23289.577728405522
Infants: 0.95 efficacy,2037.0,cancer_deaths,17095.540849894067,15361.210891627434,18829.870808160704
Infants: 0.95 efficacy,2037.0,cancer_deaths,17219.42328981482,16104.497667333657,18334.348912295984
Infants: 0.95 efficacy,2037.0,cancer_deaths,17467.183019409134,14617.926331081293,20316.439707736976
Infants: 0.95 efficacy,2038.0,cancer_deaths,17838.824856650186,15361.210448595417,20316.439264704957
Infants: 0.95 efficacy,2038.0,cancer_deaths,18458.229413951667,17838.826905673264,19077.631922230066
Infants: 0.95 efficacy,2038.0,cancer_deaths,19820.917479598244,18582.109361817325,21059.72559737916
Infants: 0.95 efficacy,2038.0,cancer_deaths,23165.696506822816,22794.053617380723,23537.33939626491
Infants: 0.95 efficacy,2039.0,cancer_deaths,18334.34719554692,17343.3011332784,19325.39325781544
Infants: 0.95 efficacy,2039.0,cancer_deaths,18086.586856783586,16352.25667700094,19820.91703656623
Infants: 0.95 efficacy,2039.0,cancer_deaths,17714.944188857502,16847.778905139672,18582.10947257533
Infants: 0.95 efficacy,2039.0,cancer_deaths,18582.10958333333,16352.25579093691,20811.963375729756
Infants: 0.95 efficacy,2040.0,cancer_deaths,17219.421296170745,16352.256123210922,18086.58646913057
Infants: 0.95 efficacy,2040.0,cancer_deaths,19944.79759360091,19077.63258677809,20811.96260042373
Infants: 0.95 efficacy,2040.0,cancer_deaths,22794.05461420276,21059.72526510515,24528.383963300374
Infants: 0.95 efficacy,2040.0,cancer_deaths,22422.41310923572,19573.156476286884,25271.669742184557
Infants: 0.95 efficacy,2041.0,cancer_deaths,18705.989531198993,16847.778683623663,20564.200378774323
Infants: 0.95 efficacy,2041.0,cancer_deaths,17838.82574271422,14370.165549285939,21307.4859361425
Infants: 0.95 efficacy,2041.0,cancer_deaths,20316.439901563484,17838.824468997173,22794.055334129793
Infants: 0.95 efficacy,2041.0,cancer_deaths,20811.96210201271,18334.34736168393,23289.576842341492
Infants: 0.95 efficacy,2042.0,cancer_deaths,20811.96232352872,20316.43926470496,21307.48538235248
Infants: 0.95 efficacy,2042.0,cancer_deaths,18458.228417129627,17095.540794515065,19820.916039744192
Infants: 0.95 efficacy,2042.0,cancer_deaths,18705.99097105305,15608.974663888897,21803.007278217196
Infants: 0.95 efficacy,2042.0,cancer_deaths,17962.705358305866,17095.53990845103,18829.870808160704
Infants: 0.95 efficacy,2043.0,cancer_deaths,21803.00960413528,20564.201818628375,23041.817389642187
Infants: 0.95 efficacy,2043.0,cancer_deaths,18829.872137256752,18086.58757671061,19573.156697802893
Infants: 0.95 efficacy,2043.0,cancer_deaths,20192.559870629317,20068.678261393594,20316.44147986504
Infants: 0.95 efficacy,2043.0,cancer_deaths,20935.843822006434,18334.34736168393,23537.340282328943
Infants: 0.95 efficacy,2044.0,cancer_deaths,19944.79892269696,18334.350019876027,21555.24782551789
Infants: 0.95 efficacy,2044.0,cancer_deaths,17467.183240925144,14122.403881426555,20811.96260042373
Infants: 0.95 efficacy,2044.0,cancer_deaths,18829.870752781702,18086.58591534055,19573.15559022285
Infants: 0.95 efficacy,2044.0,cancer_deaths,20688.08209876805,20564.200932564345,20811.963264971753
Infants: 0.95 efficacy,2045.0,cancer_deaths,18086.58657988857,16847.779348171687,19325.39381160546
Infants: 0.95 efficacy,2045.0,cancer_deaths,21183.60443766478,21059.723271461076,21307.485603868485
Infants: 0.95 efficacy,2045.0,cancer_deaths,23041.81711274718,21059.72471131513,25023.909514179228
Infants: 0.95 efficacy,2045.0,cancer_deaths,20192.55826463826,18582.1085865113,21803.00794276522
Infants: 0.95 efficacy,2046.0,cancer_deaths,25023.907963567173,22050.769832140613,27997.04609499373
Infants: 0.95 efficacy,2046.0,cancer_deaths,20688.08160035703,20564.201043322348,20811.96215739171
Infants: 0.95 efficacy,2046.0,cancer_deaths,22422.412721582703,21307.48471780445,23537.34072536096
Infants: 0.95 efficacy,2046.0,cancer_deaths,21059.72310532407,20564.200157258314,21555.246053389827
Infants: 0.95 efficacy,2047.0,cancer_deaths,19573.155811738856,14122.403327636534,25023.908295841182
Infants: 0.95 efficacy,2047.0,cancer_deaths,20192.558735359777,20068.67859366761,20316.438877051944
Infants: 0.95 efficacy,2047.0,cancer_deaths,15732.853227279504,14370.166435349973,17095.540019209035
Infants: 0.95 efficacy,2047.0,cancer_deaths,21555.2479916549,18582.11058015537,24528.38540315443
Infants: 0.95 efficacy,2048.0,cancer_deaths,22050.77016441463,19820.917258082238,24280.623070747017
Infants: 0.95 efficacy,2048.0,cancer_deaths,20811.96320959275,19077.6328082941,22546.2936108914
Infants: 0.95 efficacy,2048.0,cancer_deaths,21926.889995032958,16847.779237413684,27006.00075265223
Infants: 0.95 efficacy,2048.0,cancer_deaths,20440.320486287663,19573.154150368795,21307.48682220653
Infants: 0.95 efficacy,2049.0,cancer_deaths,18334.34802623195,18086.586912162587,18582.109140301316
Infants: 0.95 efficacy,2049.0,cancer_deaths,19820.917230392733,17343.301520931418,22298.532939854053
Infants: 0.95 efficacy,2049.0,cancer_deaths,19325.39403312147,17095.541126789078,21555.24693945386
Infants: 0.95 efficacy,2049.0,cancer_deaths,19573.156254770875,18334.34846926397,20811.96404027778
Infants: 0.95 efficacy,2050.0,cancer_deaths,19449.274202503137,19077.632143746076,19820.916261260198
Infants: 0.95 efficacy,2050.0,cancer_deaths,19325.394766893245,14370.166656865982,24280.62287692051
Infants: 0.95 efficacy,2050.0,cancer_deaths,23908.98117812696,22298.531167725985,25519.431188527935
Infants: 0.95 efficacy,2050.0,cancer_deaths,18458.230078499688,18086.589127322666,18829.87102967671
Infants: 0.95 efficacy,2051.0,cancer_deaths,22670.175497022134,21803.008718071247,23537.34227597302
Infants: 0.95 efficacy,2051.0,cancer_deaths,19201.514805182836,16600.02078153642,21803.008828829254
Infants: 0.95 efficacy,2051.0,cancer_deaths,18334.349133811993,16352.258338371003,20316.43992925298
Infants: 0.95 efficacy,2051.0,cancer_deaths,19201.51469442483,15608.9747746469,22794.05461420276
Infants: 0.95 efficacy,2052.0,cancer_deaths,20068.678870562617,18582.108586511295,21555.249154613943
Infants: 0.95 efficacy,2052.0,cancer_deaths,19697.03603649953,17095.54057299906,22298.5315
Infants: 0.95 efficacy,2052.0,cancer_deaths,19697.03708870057,19573.157030076905,19820.91714732423
Infants: 0.95 efficacy,2052.0,cancer_deaths,22670.17306034604,19573.154150368795,25767.191970323285
Infants: 0.95 efficacy,2053.0,cancer_deaths,24156.743067502357,23041.816503578157,25271.669631426554
Infants: 0.95 efficacy,2053.0,cancer_deaths,21926.889773516952,21307.486711448528,22546.292835585373
Infants: 0.95 efficacy,2053.0,cancer_deaths,20811.963098834745,16847.77912665568,24776.14707101381
Infants: 0.95 efficacy,2053.0,cancer_deaths,20811.96354186676,17838.824912029188,23785.102171704337
Infants: 0.95 efficacy,2054.0,cancer_deaths,24032.86262122568,22794.05616481482,25271.669077636536
Infants: 0.95 efficacy,2054.0,cancer_deaths,22422.41310923572,21555.248933097933,23289.577285373507
Infants: 0.95 efficacy,2054.0,cancer_deaths,19573.156199391873,19077.632476020088,20068.67992276366
Infants: 0.95 efficacy,2054.0,cancer_deaths,19697.03689487406,19325.395749870535,20068.678039877588
Infants: 0.95 efficacy,2055.0,cancer_deaths,21431.367434620217,19573.156587044887,23289.578282195544
Infants: 0.95 efficacy,2055.0,cancer_deaths,19449.274700914153,18582.109029543313,20316.440372284997
Infants: 0.95 efficacy,2055.0,cancer_deaths,20688.083594001102,18582.110690913374,22794.05649708883
Infants: 0.95 efficacy,2055.0,cancer_deaths,19820.91709194523,17095.540794515065,22546.293389375394
Infants: 0.95 efficacy,2056.0,cancer_deaths,19201.515026698842,16104.498110365672,22298.531943032016
Infants: 0.95 efficacy,2056.0,cancer_deaths,18334.34849695347,15856.73328590317,20811.96370800377
Infants: 0.95 efficacy,2056.0,cancer_deaths,21431.367213104208,20068.678704425613,22794.055721782803
Infants: 0.95 efficacy,2056.0,cancer_deaths,22422.412112413687,21555.24716096987,23289.5770638575
Infants: 0.95 efficacy,2057.0,cancer_deaths,21431.367434620217,20811.96359724576,22050.77127199467
Infants: 0.95 efficacy,2057.0,cancer_deaths,20688.082763316073,20068.679368973637,21307.48615765851
Infants: 0.95 efficacy,2057.0,cancer_deaths,21431.366493177182,19077.633140568112,23785.09984578625
Infants: 0.95 efficacy,2057.0,cancer_deaths,21307.487375996552,20811.96426179379,21803.010490199315
Infants: 0.95 efficacy,2058.0,cancer_deaths,19077.63413739015,16847.78211712179,21307.486157658506
Infants: 0.95 efficacy,2058.0,cancer_deaths,20564.203203103425,17591.066566909925,23537.33983929693
Infants: 0.95 efficacy,2058.0,cancer_deaths,23289.578060679538,20811.963486487763,25767.192634871313
Infants: 0.95 efficacy,2058.0,cancer_deaths,18953.75258353343,17095.54278815914,20811.96237890772
Infants: 0.95 efficacy,2059.0,cancer_deaths,17838.827293326278,15856.735888716266,19820.91869793629
Infants: 0.95 efficacy,2059.0,cancer_deaths,19944.798645801948,18334.350795182054,21555.24649642184
Infants: 0.95 efficacy,2059.0,cancer_deaths,17838.827514842284,17591.065459329886,18086.589570354685
Infants: 0.95 efficacy,2059.0,cancer_deaths,20192.56075669335,19573.158469930957,20811.963043455744
Infants: 0.95 efficacy,2060.0,cancer_deaths,24156.743510534372,23785.10095336629,24528.386067702453
Infants: 0.95 efficacy,2060.0,cancer_deaths,20935.844320417455,20811.962489665722,21059.726151169183
Infants: 0.95 efficacy,2060.0,cancer_deaths,18582.11168773541,18086.589791870694,19077.633583600127
Infants: 0.95 efficacy,2060.0,cancer_deaths,19449.275365462177,18334.34858002197,20564.202150902387
Infants: 0.95 efficacy,2061.0,cancer_deaths,17219.42301291981,15608.97255948682,18829.8734663528
Infants: 0.95 efficacy,2061.0,cancer_deaths,19573.15647628688,17591.064905539864,21555.2480470339
Infants: 0.95 efficacy,2061.0,cancer_deaths,18086.58868429065,17343.30489905054,18829.87246953076
Infants: 0.95 efficacy,2061.0,cancer_deaths,21679.12882558459,21307.48626841651,22050.77138275267
Infants: 0.95 efficacy,2062.0,cancer_deaths,18953.754023387482,18334.350019876027,19573.158026898942
Infants: 0.95 efficacy,2062.0,cancer_deaths,19449.27669455823,18086.587687468615,20811.965701647845
Infants: 0.95 efficacy,2062.0,cancer_deaths,21059.72554200016,20811.964926341814,21307.486157658506
Infants: 0.95 efficacy,2062.0,cancer_deaths,17962.70762884495,14122.405542796616,21803.009714893284
Infants: 0.95 efficacy,2063.0,cancer_deaths,18705.99290931812,16847.78178484778,20564.204033788457
Infants: 0.95 efficacy,2063.0,cancer_deaths,19573.157306971916,18334.350130634033,20811.9644833098
Infants: 0.95 efficacy,2063.0,cancer_deaths,19820.91853179928,17343.30478829254,22298.532275306028
Infants: 0.95 efficacy,2063.0,cancer_deaths,19077.63341746312,19077.633251326115,19077.633583600127
Infants: 0.95 efficacy,2064.0,cancer_deaths,14617.928823136386,12883.59853259574,16352.259113677032
Infants: 0.95 efficacy,2064.0,cancer_deaths,20564.202400107897,16600.020061609393,24528.384738606404
Infants: 0.95 efficacy,2064.0,cancer_deaths,22298.53216454802,19573.15725159291,25023.907077503136
Infants: 0.95 efficacy,2064.0,cancer_deaths,20935.844431175457,17095.54356346517,24776.145298885745
Infants: 0.95 efficacy,2065.0,cancer_deaths,18829.87390938482,17343.304234502517,20316.44358426712
Infants: 0.95 efficacy,2065.0,cancer_deaths,16228.378113610333,16104.497445817648,16352.25878140302
Infants: 0.95 efficacy,2065.0,cancer_deaths,19573.157085455903,16847.78189560578,22298.532275306025
Infants: 0.95 efficacy,2065.0,cancer_deaths,16352.258172233996,15113.450109832082,17591.066234635913
Infants: 0.95 efficacy,2066.0,cancer_deaths,19820.918033388265,18582.110912429383,21059.725154347147
Infants: 0.95 efficacy,2066.0,cancer_deaths,17714.94668091259,15856.736774780298,19573.156587044887
Infants: 0.95 efficacy,2066.0,cancer_deaths,19077.63496807518,18829.87457393284,19325.395362217518
Infants: 0.95 efficacy,2066.0,cancer_deaths,18829.871638845732,18829.871140434712,18829.872137256752
Infants: 0.95 efficacy,2067.0,cancer_deaths,19201.515303593853,18086.587133678593,20316.443473509113
Infants: 0.95 efficacy,2067.0,cancer_deaths,16723.901227813098,16352.259002919029,17095.543452707163
Infants: 0.95 efficacy,2067.0,cancer_deaths,16352.25745230697,14865.689549552735,17838.825355061206
Infants: 0.95 efficacy,2067.0,cancer_deaths,19820.9189194523,18334.349133811993,21307.488705092605
Infants: 0.95 efficacy,2068.0,cancer_deaths,18582.11052477637,14865.689438794732,22298.531610758004
Infants: 0.95 efficacy,2068.0,cancer_deaths,17838.82707181027,16352.259002919029,19325.39514070151
Infants: 0.95 efficacy,2068.0,cancer_deaths,19325.394420774483,18829.871694224734,19820.91714732423
Infants: 0.95 efficacy,2068.0,cancer_deaths,17838.826628778254,16847.782560153806,18829.870697402697
Infants: 0.95 efficacy,2069.0,cancer_deaths,18086.587964363625,16104.496227479602,20068.67970124765
Infants: 0.95 efficacy,2069.0,cancer_deaths,16971.66261877747,16352.259667467053,17591.06557008789
Infants: 0.95 efficacy,2069.0,cancer_deaths,18086.588241258636,17095.543009675148,19077.633472842124
Infants: 0.95 efficacy,2069.0,cancer_deaths,18829.87152808773,18582.11058015537,19077.632476020088
Infants: 0.95 efficacy,2070.0,cancer_deaths,16600.01862175534,15608.97233797081,17591.064905539864
Infants: 0.95 efficacy,2070.0,cancer_deaths,18086.588518153647,17343.305452840563,18829.87158346673
Infants: 0.95 efficacy,2070.0,cancer_deaths,22670.175497022134,20068.68180564973,25271.66918839454
Infants: 0.95 efficacy,2070.0,cancer_deaths,16971.661649644935,15608.973500929853,18334.349798360017
Infants: 0.95 efficacy,2071.0,cancer_deaths,17962.705413684867,15856.732565976143,20068.678261393594
Infants: 0.95 efficacy,2071.0,cancer_deaths,17591.065182434875,17591.06479478186,17591.06557008789
Infants: 0.95 efficacy,2071.0,cancer_deaths,16847.78159102127,16600.019950851387,17095.543231191154
Infants: 0.95 efficacy,2071.0,cancer_deaths,18458.23085380572,15608.973888582866,21307.487819028567
Infants: 0.95 efficacy,2072.0,cancer_deaths,15980.614742846636,15608.972116454803,16352.257369238469
Infants: 0.95 efficacy,2072.0,cancer_deaths,15856.734130432953,14370.164912427417,17343.303348438487
Infants: 0.95 efficacy,2072.0,cancer_deaths,18705.99108181105,18582.111244703396,18829.870918918707
Infants: 0.95 efficacy,2072.0,cancer_deaths,18582.110303260357,16600.017791070306,20564.20281545041
Infants: 0.95 efficacy,2073.0,cancer_deaths,15856.735085720737,13626.883259278886,18086.586912162587
Infants: 0.95 efficacy,2073.0,cancer_deaths,17095.541265236585,17095.540849894067,17095.5416805791
Infants: 0.95 efficacy,2073.0,cancer_deaths,15980.615005896896,15113.45143892813,16847.77857286566
Infants: 0.95 efficacy,2073.0,cancer_deaths,18829.871749603735,18086.586579888575,19573.1569193189
Infants: 0.95 efficacy,2074.0,cancer_deaths,17467.183753180907,16600.018815581843,18334.348690779974
Infants: 0.95 efficacy,2074.0,cancer_deaths,15980.614950517893,14122.403549152543,17838.826351883243
Infants: 0.95 efficacy,2074.0,cancer_deaths,13998.523490528878,12635.836200188329,15361.210780869429
Infants: 0.95 efficacy,2074.0,cancer_deaths,16600.017735691305,15113.449445284055,18086.586026098554
Infants: 0.95 efficacy,2075.0,cancer_deaths,19325.394254637475,16352.255458662898,22298.533050612055
Infants: 0.95 efficacy,2075.0,cancer_deaths,19201.513420707786,17343.30213010044,21059.72471131513
Infants: 0.95 efficacy,2075.0,cancer_deaths,15980.615116654899,14617.928103209359,17343.302130100437
Infants: 0.95 efficacy,2075.0,cancer_deaths,17838.825299682205,17343.301797826425,18334.34880153798
Infants: 0.95 efficacy,2076.0,cancer_deaths,18705.989863473005,18582.108918785307,18829.870808160704
Infants: 0.95 efficacy,2076.0,cancer_deaths,18334.347873939696,17838.82604729873,18829.86970058066
Infants: 0.95 efficacy,2076.0,cancer_deaths,17838.82554888771,14617.925278880255,21059.72581889517
Infants: 0.95 efficacy,2076.0,cancer_deaths,14617.92757710884,14122.402995362523,15113.452158855156
Infants: 0.95 efficacy,2077.0,cancer_deaths,16971.660182101383,15608.970898116757,18334.349466086005
Infants: 0.95 efficacy,2077.0,cancer_deaths,18953.75047913135,18086.58536155053,19820.915596712173
Infants: 0.95 efficacy,2077.0,cancer_deaths,17838.826158056734,14865.68805431968,20811.96426179379
Infants: 0.95 efficacy,2077.0,cancer_deaths,17343.30165937892,15608.970898116757,19077.632420641086
Infants: 0.95 efficacy,2078.0,cancer_deaths,16723.898181967983,16352.256455484934,17095.53990845103
Infants: 0.95 efficacy,2078.0,cancer_deaths,19573.155202569837,18334.348136989956,20811.962268149717
Infants: 0.95 efficacy,2078.0,cancer_deaths,16600.0176249333,16600.01701576428,16600.018234102325
Infants: 0.95 efficacy,2078.0,cancer_deaths,19944.79764897991,17343.302351616447,22546.292946343376
Infants: 0.95 efficacy,2079.0,cancer_deaths,19573.154897985325,17095.539963830033,22050.769832140613
Infants: 0.95 efficacy,2079.0,cancer_deaths,17095.540240725044,13874.641216745134,20316.439264704957
Infants: 0.95 efficacy,2079.0,cancer_deaths,17962.705565977125,16600.018317170827,19325.392814783423
Infants: 0.95 efficacy,2079.0,cancer_deaths,19325.39411618997,19325.39347933145,19325.394753048495
Infants: 0.95 efficacy,2080.0,cancer_deaths,17467.182797893125,17343.301853205427,17591.063742580824
Infants: 0.95 efficacy,2080.0,cancer_deaths,18334.34687711766,17838.82383213865,18829.86992209667
Infants: 0.95 efficacy,2080.0,cancer_deaths,20316.439375462964,18829.870475886688,21803.008275039236
Infants: 0.95 efficacy,2080.0,cancer_deaths,18086.586039943304,17838.824025965157,18334.34805392145
Infants: 0.95 efficacy,2081.0,cancer_deaths,18458.228071010868,17591.062994964297,19325.39314705744
Infants: 0.95 efficacy,2081.0,cancer_deaths,17095.53963155602,16600.01684962727,17591.06241348477
Infants: 0.95 efficacy,2081.0,cancer_deaths,14370.164621687656,13379.118850158899,15361.210393216414
Infants: 0.95 efficacy,2081.0,cancer_deaths,18458.228043321364,18086.585278482024,18829.870808160704
Infants: 0.95 efficacy,2082.0,cancer_deaths,18582.1100125206,17343.30218547944,19820.917839561756
Infants: 0.95 efficacy,2082.0,cancer_deaths,20811.962517355227,15113.448891494034,26510.476143216416
Infants: 0.95 efficacy,2082.0,cancer_deaths,17591.063354927806,16600.018234102325,18582.10847575329
Infants: 0.95 efficacy,2082.0,cancer_deaths,18458.22908167765,18086.58757671061,18829.870586644694
Infants: 0.95 efficacy,2083.0,cancer_deaths,20192.558763049277,18829.870918918707,21555.246607179848
Infants: 0.95 efficacy,2083.0,cancer_deaths,19325.39453153249,19077.633417463123,19573.15564560185
Infants: 0.95 efficacy,2083.0,cancer_deaths,20068.67817832509,17591.06346568581,22546.292890964378
Infants: 0.95 efficacy,2083.0,cancer_deaths,18582.10973562559,16600.017818759807,20564.20165249137
Infants: 0.95 efficacy,2084.0,cancer_deaths,17343.30275311421,15113.449140699544,19573.156365528877
Infants: 0.95 efficacy,2084.0,cancer_deaths,19077.632739070348,17838.825105855696,20316.440372285
Infants: 0.95 efficacy,2084.0,cancer_deaths,17095.541057565326,16600.0175141753,17591.064600955353
Infants: 0.95 efficacy,2084.0,cancer_deaths,20316.440524577254,18829.871777293236,21803.009271861272
Infants: 0.95 efficacy,2085.0,cancer_deaths,17962.70544137437,16104.493901561516,19820.916981187227
Infants: 0.95 efficacy,2085.0,cancer_deaths,20068.677818361582,18582.109223369822,21555.24641335334
Infants: 0.95 efficacy,2085.0,cancer_deaths,18458.2290955224,17838.8251889242,19077.63300212061
Infants: 0.95 efficacy,2085.0,cancer_deaths,17219.42191918452,16352.256317037429,18086.58752133161
Infants: 0.95 efficacy,2086.0,cancer_deaths,19201.51306074427,18086.586524509574,20316.43959697897
Infants: 0.95 efficacy,2086.0,cancer_deaths,18210.467081544255,16352.255514041899,20068.67864904661
Infants: 0.95 efficacy,2086.0,cancer_deaths,14494.045289480342,13874.641908982658,15113.448669978026
Infants: 0.95 efficacy,2086.0,cancer_deaths,18210.466887717746,15113.449002252039,21307.484773183456
Infants: 0.95 efficacy,2087.0,cancer_deaths,20564.20134790686,20068.67862135711,21059.724074456608
Infants: 0.95 efficacy,2087.0,cancer_deaths,15237.32921316796,14122.402081608989,16352.25634472693
Infants: 0.95 efficacy,2087.0,cancer_deaths,18086.586649112327,17095.540489930554,19077.6328082941
Infants: 0.95 efficacy,2087.0,cancer_deaths,18829.871818827487,16847.78026192522,20811.963375729756
Infants: 0.95 efficacy,2088.0,cancer_deaths,19325.394226947974,19325.39403312147,19325.394420774483
Infants: 0.95 efficacy,2088.0,cancer_deaths,16600.017168056533,16104.494178456527,17095.540157656542
Infants: 0.95 efficacy,2088.0,cancer_deaths,21679.127884141555,19077.63327901562,24280.622489267495
Infants: 0.95 efficacy,2088.0,cancer_deaths,20811.96345879826,19077.633500531625,22546.293417064895
Infants: 0.95 efficacy,2089.0,cancer_deaths,20935.84368355893,19325.394697669493,22546.292669448365
Infants: 0.95 efficacy,2089.0,cancer_deaths,17838.825258147954,16847.77998503021,18829.870531265693
Infants: 0.95 efficacy,2089.0,cancer_deaths,18458.228915540647,15856.732953629158,21059.724877452136
Infants: 0.95 efficacy,2089.0,cancer_deaths,20316.440219992743,18582.10974947034,22050.770690515146
Infants: 0.95 efficacy,2090.0,cancer_deaths,21926.888873608168,20564.200627979833,23289.577119236503
Infants: 0.95 efficacy,2090.0,cancer_deaths,19697.035856517774,18829.871057366214,20564.200655669334
Infants: 0.95 efficacy,2090.0,cancer_deaths,19573.15524410409,19077.632060677573,20068.678427530605
Infants: 0.95 efficacy,2090.0,cancer_deaths,18582.109458730578,18334.348109300456,18829.870808160704
Infants: 0.95 efficacy,2091.0,cancer_deaths,19573.15474569307,18334.347610889436,20811.961880496703
Infants: 0.95 efficacy,2091.0,cancer_deaths,18829.87065586845,18582.109278748823,19077.632032988073
Infants: 0.95 efficacy,2091.0,cancer_deaths,17467.182687135122,16352.256040142418,18582.109334127825
Infants: 0.95 efficacy,2091.0,cancer_deaths,20811.96261426848,20564.201901696877,21059.72332684008
Infants: 0.95 efficacy,2092.0,cancer_deaths,20688.082043389048,17838.82604729873,23537.33803947936
Infants: 0.95 efficacy,2092.0,cancer_deaths,18829.87104352146,18829.870503576192,18829.87158346673
Infants: 0.95 efficacy,2092.0,cancer_deaths,21183.604825317798,19325.393977742468,23041.815672893128
Infants: 0.95 efficacy,2092.0,cancer_deaths,20564.200891030094,19820.9162058812,21307.485576178984
Infants: 0.95 efficacy,2093.0,cancer_deaths,22174.650361485794,22050.76974907211,22298.53097389948
Infants: 0.95 efficacy,2093.0,cancer_deaths,18953.751434419137,18334.347361683926,19573.155507154348
Infants: 0.95 efficacy,2093.0,cancer_deaths,21059.72410214611,19820.9162058812,22298.53199841102
Infants: 0.95 efficacy,2093.0,cancer_deaths,19201.51301921002,16847.779486619194,21555.246551800847
Infants: 0.95 efficacy,2094.0,cancer_deaths,18705.990278815523,18334.348856916986,19077.63170071406
Infants: 0.95 efficacy,2094.0,cancer_deaths,23289.577271528757,21803.008025833722,24776.14651722379
Infants: 0.95 efficacy,2094.0,cancer_deaths,21183.604963765305,19573.155479464847,22794.05444806576
Infants: 0.95 efficacy,2094.0,cancer_deaths,20068.677915274835,19573.15473184832,20564.20109870135
Infants: 0.95 efficacy,2095.0,cancer_deaths,19820.916842739724,19325.39350702095,20316.44017845849
Infants: 0.95 efficacy,2095.0,cancer_deaths,19944.79757975616,19573.155230259337,20316.43992925298
Infants: 0.95 efficacy,2095.0,cancer_deaths,17095.540711446563,16600.018012586315,17591.06341030681
Infants: 0.95 efficacy,2095.0,cancer_deaths,20316.439901563484,20068.678150635595,20564.20165249137
Infants: 0.95 efficacy,2096.0,cancer_deaths,19944.79782896167,18582.110081744355,21307.485576178984
Infants: 0.95 efficacy,2096.0,cancer_deaths,22050.76988751962,21555.246551800847,22546.29322323839
Infants: 0.95 efficacy,2096.0,cancer_deaths,20440.320029410897,19325.393756226462,21555.246302595337
Infants: 0.95 efficacy,2096.0,cancer_deaths,22670.172824985282,21307.484828562458,24032.86082140811
Infants: 0.95 efficacy,2097.0,cancer_deaths,24900.026008212684,24280.62232313049,25519.429693294882
Infants: 0.95 efficacy,2097.0,cancer_deaths,22917.934395931417,21555.246053389827,24280.62273847301
Infants: 0.95 efficacy,2097.0,cancer_deaths,19697.03610572328,16847.779237413684,22546.29297403288
Infants: 0.95 efficacy,2097.0,cancer_deaths,21307.484703959704,20811.961880496703,21803.007527422706
Infants: 0.95 efficacy,2098.0,cancer_deaths,24280.623070747017,22546.29272482737,26014.953416666667
Infants: 0.95 efficacy,2098.0,cancer_deaths,21926.88916434793,19077.632032988073,24776.146295707782
Infants: 0.95 efficacy,2098.0,cancer_deaths,19449.274493242898,19077.632282193583,19820.916704292216
Infants: 0.95 efficacy,2098.0,cancer_deaths,22546.292849430123,22546.29272482737,22546.29297403288
Infants: 0.95 efficacy,2099.0,cancer_deaths,22670.17346184381,22298.53174920551,23041.815174482108
Infants: 0.95 efficacy,2099.0,cancer_deaths,22050.76976291686,19820.9162058812,24280.623319952527
Infants: 0.95 efficacy,2099.0,cancer_deaths,22794.05419886025,21555.246302595337,24032.862095125158
Infants: 0.95 efficacy,2099.0,cancer_deaths,24280.622433888493,22794.05419886025,25767.19066891674
Infants: 0.95 efficacy,2100.0,cancer_deaths,18953.751669779896,17095.540711446563,20811.96262811323
Infants: 0.95 efficacy,1960.0,cum_cancers,0.0,0.0,0.0
Infants: 0.95 efficacy,1960.0,cum_cancers,0.0,0.0,0.0
Infants: 0.95 efficacy,1960.0,cum_cancers,0.0,0.0,0.0
Infants: 0.95 efficacy,1960.0,cum_cancers,0.0,0.0,0.0
Infants: 0.95 efficacy,1961.0,cum_cancers,0.0,0.0,0.0
Infants: 0.95 efficacy,1961.0,cum_cancers,0.0,0.0,0.0
Infants: 0.95 efficacy,1961.0,cum_cancers,0.0,0.0,0.0
Infants: 0.95 efficacy,1961.0,cum_cancers,0.0,0.0,0.0
Infants: 0.95 efficacy,1962.0,cum_cancers,0.0,0.0,0.0
Infants: 0.95 efficacy,1962.0,cum_cancers,0.0,0.0,0.0
Infants: 0.95 efficacy,1962.0,cum_cancers,0.0,0.0,0.0
Infants: 0.95 efficacy,1962.0,cum_cancers,0.0,0.0,0.0
Infants: 0.95 efficacy,1963.0,cum_cancers,247.76147403287825,0.0,495.5229480657565
Infants: 0.95 efficacy,1963.0,cum_cancers,247.76147403287825,0.0,495.5229480657565
Infants: 0.95 efficacy,1963.0,cum_cancers,495.5229480657565,495.5229480657565,495.5229480657565
Infants: 0.95 efficacy,1963.0,cum_cancers,619.4036850821956,495.5229480657565,743.2844220986348
Infants: 0.95 efficacy,1964.0,cum_cancers,619.4036850821956,495.5229480657565,743.2844220986348
Infants: 0.95 efficacy,1964.0,cum_cancers,619.4036850821956,495.5229480657565,743.2844220986348
Infants: 0.95 efficacy,1964.0,cum_cancers,867.165159115074,743.2844220986348,991.045896131513
Infants: 0.95 efficacy,1964.0,cum_cancers,1114.926633147952,991.045896131513,1238.8073701643912
Infants: 0.95 efficacy,1965.0,cum_cancers,1486.5688441972693,1238.8073701643912,1734.3303182301477
Infants: 0.95 efficacy,1965.0,cum_cancers,1734.3303182301477,1238.8073701643912,2229.853266295904
Infants: 0.95 efficacy,1965.0,cum_cancers,2105.9725292794647,1486.5688441972693,2725.3762143616605
Infants: 0.95 efficacy,1965.0,cum_cancers,2601.495477345221,2229.8532662959037,2973.1376883945386
Infants: 0.95 efficacy,1966.0,cum_cancers,2973.1376883945386,2725.3762143616605,3220.8991624274167
Infants: 0.95 efficacy,1966.0,cum_cancers,3344.779899443856,2973.1376883945386,3716.422110493173
Infants: 0.95 efficacy,1966.0,cum_cancers,4211.945058558929,3468.660636460295,4955.229480657564
Infants: 0.95 efficacy,1966.0,cum_cancers,4583.587269608246,3716.422110493173,5450.75242872332
Infants: 0.95 efficacy,1967.0,cum_cancers,5450.752428723321,4707.4680066246865,6194.036850821955
Infants: 0.95 efficacy,1967.0,cum_cancers,6070.156113805517,5202.990954690443,6937.32127292059
Infants: 0.95 efficacy,1967.0,cum_cancers,7556.724971847536,7185.082746953469,7928.367196741604
Infants: 0.95 efficacy,1967.0,cum_cancers,8547.770881823799,7680.605695019224,9414.936068628374
Infants: 0.95 efficacy,1968.0,cum_cancers,9291.055290077684,8919.413037494116,9662.697542661252
Infants: 0.95 efficacy,1968.0,cum_cancers,9910.45897515988,9414.935985559872,10405.981964759887
Infants: 0.95 efficacy,1968.0,cum_cancers,10405.981923225634,10158.220407658506,10653.743438792764
Infants: 0.95 efficacy,1968.0,cum_cancers,11644.789307234778,11149.26630379002,12140.312310679536
Infants: 0.95 efficacy,1969.0,cum_cancers,12264.192992316972,11644.789251855775,12883.59673277817
Infants: 0.95 efficacy,1969.0,cum_cancers,13379.119639309674,12635.835175676788,14122.40410294256
Infants: 0.95 efficacy,1969.0,cum_cancers,15237.330666866761,15113.449832937069,15361.211500796453
Infants: 0.95 efficacy,1969.0,cum_cancers,16600.01877404759,16352.257396927966,16847.780151167215
Infants: 0.95 efficacy,1970.0,cum_cancers,18953.752708136184,18829.872054188247,19077.633362084118
Infants: 0.95 efficacy,1970.0,cum_cancers,21555.24811625765,21555.2480470339,21555.248185481407
Infants: 0.95 efficacy,1970.0,cum_cancers,23041.81697429967,22794.05555564579,23289.578392953546
Infants: 0.95 efficacy,1970.0,cum_cancers,23661.220659381863,23289.57850371155,24032.86281505218
Infants: 0.95 efficacy,1971.0,cum_cancers,25147.789503579137,25023.908711183696,25271.670295974574
Infants: 0.95 efficacy,1971.0,cum_cancers,27253.76201901385,26014.95471807321,28492.56931995449
Infants: 0.95 efficacy,1971.0,cum_cancers,29731.376731653134,27749.285091682366,31713.4683716239
Infants: 0.95 efficacy,1971.0,cum_cancers,32085.110734965474,29731.376911634892,34438.844558296056
Infants: 0.95 efficacy,1972.0,cum_cancers,34686.606143086945,32704.514544650425,36668.69774152346
Infants: 0.95 efficacy,1972.0,cum_cancers,38774.670381560936,35677.652205355465,41871.6885577664
Infants: 0.95 efficacy,1972.0,cum_cancers,41747.80801457647,38898.55128471438,44597.064744438554
Infants: 0.95 efficacy,1972.0,cum_cancers,46207.514505634026,43853.78070999295,48561.24830127511
Infants: 0.95 efficacy,1973.0,cum_cancers,49428.413640371946,47322.44129107424,51534.38598966965
Infants: 0.95 efficacy,1973.0,cum_cancers,51782.14765752904,49800.05603140303,53764.23928365506
Infants: 0.95 efficacy,1973.0,cum_cancers,55994.092646864214,53516.47808651719,58471.707207211235
Infants: 0.95 efficacy,1973.0,cum_cancers,58100.065162298924,55498.56987878021,60701.56044581764
Infants: 0.95 efficacy,1974.0,cum_cancers,61940.367982119045,58223.94603776288,65656.7899264752
Infants: 0.95 efficacy,1974.0,cum_cancers,67391.12027239485,62435.891013253306,72346.34953153641
Infants: 0.95 efficacy,1974.0,cum_cancers,70488.13864242684,65656.79012030172,75319.48716455195
Infants: 0.95 efficacy,1974.0,cum_cancers,76929.93678729991,72841.87264573917,81018.00092886065
Infants: 0.95 efficacy,1975.0,cum_cancers,81018.00106730816,76310.53325450998,85725.46888010633
Infants: 0.95 efficacy,1975.0,cum_cancers,86468.75392521874,83495.61680445897,89441.89104597851
Infants: 0.95 efficacy,1975.0,cum_cancers,90185.17595264342,87212.03883188365,93158.31307340317
Infants: 0.95 efficacy,1975.0,cum_cancers,95388.16674119685,91919.50672775033,98856.82675464338
Infants: 0.95 efficacy,1976.0,cum_cancers,99847.87316303066,94397.12141270011,105298.62491336119
Infants: 0.95 efficacy,1976.0,cum_cancers,103564.29519045532,98113.54346781428,109015.04691309636
Infants: 0.95 efficacy,1976.0,cum_cancers,107528.47871960237,103068.77286540334,111988.18457380141
Infants: 0.95 efficacy,1976.0,cum_cancers,112112.06585076312,107032.95636686089,117191.17533466533
Infants: 0.95 efficacy,1977.0,cum_cancers,117686.69894727912,112979.23157751295,122394.16631704528
Infants: 0.95 efficacy,1977.0,cum_cancers,123632.97419946545,120659.83710639519,126606.1112925357
Infants: 0.95 efficacy,1977.0,cum_cancers,127473.2769500618,124871.78208188561,130074.77181823799
Infants: 0.95 efficacy,1977.0,cum_cancers,134410.59851372213,132304.62669052495,136516.57033691934
Infants: 0.95 efficacy,1978.0,cum_cancers,139118.0664234336,138003.14053790216,140232.992308965
Infants: 0.95 efficacy,1978.0,cum_cancers,144197.17654419434,143949.41580393325,144444.93728445543
Infants: 0.95 efficacy,1978.0,cum_cancers,149524.04809745372,148904.6451461433,150143.45104876414
Infants: 0.95 efficacy,1978.0,cum_cancers,156213.60771635966,154850.9204398639,157576.29499285546
Infants: 0.95 efficacy,1979.0,cum_cancers,163646.45231115428,159558.38841879903,167734.51620350953
Infants: 0.95 efficacy,1979.0,cum_cancers,170583.77339024836,164761.379179663,176406.16760083375
Infants: 0.95 efficacy,1979.0,cum_cancers,176653.9293379169,170955.41589203745,182352.44278379634
Infants: 0.95 efficacy,1979.0,cum_cancers,185697.22395695726,179379.30695059837,192015.14096331614
Infants: 0.95 efficacy,1980.0,cum_cancers,192882.3066762212,184582.29782222028,201182.3155302221
Infants: 0.95 efficacy,1980.0,cum_cancers,200686.79364820215,193006.18846543867,208367.39883096563
Infants: 0.95 efficacy,1980.0,cum_cancers,205518.1424333775,198456.940894162,212579.34397259305
Infants: 0.95 efficacy,1980.0,cum_cancers,211464.41763018485,203412.17023637207,219516.66502399763
Infants: 0.95 efficacy,1981.0,cum_cancers,219640.54631480406,210597.252955636,228683.83967397214
Infants: 0.95 efficacy,1981.0,cum_cancers,225834.5829856443,217534.57400704062,234134.59196424796
Infants: 0.95 efficacy,1981.0,cum_cancers,233391.30772213108,223976.37216575845,242806.24327850368
Infants: 0.95 efficacy,1981.0,cum_cancers,240080.86738257128,230913.693272542,249248.04149260055
Infants: 0.95 efficacy,1982.0,cum_cancers,249991.32695305542,239089.8222202115,260892.83168589935
Infants: 0.95 efficacy,1982.0,cum_cancers,256309.24440244632,246027.14343775308,266591.34536713955
Infants: 0.95 efficacy,1982.0,cum_cancers,264857.01579652587,253212.22621239608,276501.8053806556
Infants: 0.95 efficacy,1982.0,cum_cancers,272537.62153307936,260892.8316028308,284182.41146332794
Infants: 0.95 efficacy,1983.0,cum_cancers,280837.63076088857,268325.67565768014,293349.58586409694
Infants: 0.95 efficacy,1983.0,cum_cancers,289261.5214456412,275758.520072493,302764.52281878935
Infants: 0.95 efficacy,1983.0,cum_cancers,296818.24616828316,284925.694251746,308710.7980848204
Infants: 0.95 efficacy,1983.0,cum_cancers,304746.61307428504,293349.58400890033,316143.64213966974
Infants: 0.95 efficacy,1984.0,cum_cancers,314161.54958594544,301030.1897316091,327292.9094402818
Infants: 0.95 efficacy,1984.0,cum_cancers,320603.34773081855,307471.98794570594,333734.70751593116
Infants: 0.95 efficacy,1984.0,cum_cancers,327912.31114556466,314161.54760614614,341663.07468498324
Infants: 0.95 efficacy,1984.0,cum_cancers,335840.67824539304,321594.3916056165,350086.9648851696
Infants: 0.95 efficacy,1985.0,cum_cancers,343645.16453898116,330018.28166735533,357272.047410607
Infants: 0.95 efficacy,1985.0,cum_cancers,352192.9354346497,337698.887168548,366686.9837007514
Infants: 0.95 efficacy,1985.0,cum_cancers,360369.0638839082,347361.5844620038,373376.54330581264
Infants: 0.95 efficacy,1985.0,cum_cancers,366563.1009977804,353060.0982816915,380066.1037138693
Infants: 0.95 efficacy,1986.0,cum_cancers,375730.2755646864,362227.27312549244,389233.2780038804
Infants: 0.95 efficacy,1986.0,cum_cancers,385392.97375805094,370651.16343643685,400134.784079665
Infants: 0.95 efficacy,1986.0,cum_cancers,395055.6719098812,381552.66945684253,408558.6743629199
Infants: 0.95 efficacy,1986.0,cum_cancers,401992.993168957,389233.2753456882,414752.7109922258
Infants: 0.95 efficacy,1987.0,cum_cancers,411036.2868742439,395922.83500612853,426149.7387423592
Infants: 0.95 efficacy,1987.0,cum_cancers,419955.70009171974,407319.8629777779,432591.5372056616
Infants: 0.95 efficacy,1987.0,cum_cancers,428998.99440617557,415991.51515040814,442006.47366194293
Infants: 0.95 efficacy,1987.0,cum_cancers,438290.0500285273,425901.9738902073,450678.12616684724
Infants: 0.95 efficacy,1988.0,cum_cancers,447828.86738796206,437051.24108006136,458606.4936958628
Infants: 0.95 efficacy,1988.0,cum_cancers,455509.4733321868,446466.17775785876,464552.7689065149
Infants: 0.95 efficacy,1988.0,cum_cancers,463066.1983040343,454642.3062071172,471490.09040095145
Infants: 0.95 efficacy,1988.0,cum_cancers,473719.9425735122,464305.00433125807,483134.8808157663
Infants: 0.95 efficacy,1989.0,cum_cancers,482391.59397083643,472481.1327251375,492302.05521653534
Infants: 0.95 efficacy,1989.0,cum_cancers,491558.7686069661,480657.26111901697,502460.27609491535
Infants: 0.95 efficacy,1989.0,cum_cancers,503079.6774679243,492054.28864763444,514105.0662882142
Infants: 0.95 efficacy,1989.0,cum_cancers,512370.733533308,500973.702598882,523767.76446773397
Infants: 0.95 efficacy,1990.0,cum_cancers,522900.5967196506,513609.5389098284,532191.6545294728
Infants: 0.95 efficacy,1990.0,cum_cancers,531324.4865875631,523024.47453542484,539624.4986397013
Infants: 0.95 efficacy,1990.0,cum_cancers,540615.5423760517,530209.5570331728,551021.5277189306
Infants: 0.95 efficacy,1990.0,cum_cancers,549782.7167768208,541358.8228939308,558206.6106597107
Infants: 0.95 efficacy,1991.0,cum_cancers,560312.5802400582,551021.5208519346,569603.639628182
Infants: 0.95 efficacy,1991.0,cum_cancers,571337.9665406037,563657.3567198488,579018.5763613585
Infants: 0.95 efficacy,1991.0,cum_cancers,580752.9029691955,573320.0539025465,588185.7520358445
Infants: 0.95 efficacy,1991.0,cum_cancers,589052.9125985025,578770.8063035804,599335.0188934245
Infants: 0.95 efficacy,1992.0,cum_cancers,598096.2064699263,587937.9813688975,608254.4315709552
Infants: 0.95 efficacy,1992.0,cum_cancers,606272.3356252671,595123.0639220243,617421.6073285098
Infants: 0.95 efficacy,1992.0,cum_cancers,616058.9140295475,604290.2384335514,627827.5896255437
Infants: 0.95 efficacy,1992.0,cum_cancers,626712.6582159568,615191.74428782,638233.5721440935
Infants: 0.95 efficacy,1993.0,cum_cancers,636870.8787897523,624358.9185778311,649382.8390016735
Infants: 0.95 efficacy,1993.0,cum_cancers,646038.0534674162,634021.6158712867,658054.4910635458
Infants: 0.95 efficacy,1993.0,cum_cancers,653594.7785084876,640463.4140576941,666726.1429592811
Infants: 0.95 efficacy,1993.0,cum_cancers,663505.2381897297,650373.8734066623,676636.6029727972
Infants: 0.95 efficacy,1994.0,cum_cancers,671681.3675665866,658302.2407418515,685060.4943913217
Infants: 0.95 efficacy,1994.0,cum_cancers,680848.5427288169,666973.8925545182,694723.1929031154
Infants: 0.95 efficacy,1994.0,cum_cancers,689520.194458415,674902.2595020543,704138.1294147758
Infants: 0.95 efficacy,1994.0,cum_cancers,699554.5345305549,683573.9107886206,715535.1582724892
Infants: 0.95 efficacy,1995.0,cum_cancers,710084.3967200754,697696.314116257,722472.4793238938
Infants: 0.95 efficacy,1995.0,cum_cancers,719994.8560136646,707854.5346346736,732135.1773926556
Infants: 0.95 efficacy,1995.0,cum_cancers,731144.1224282125,717021.7088139266,745266.5360424987
Infants: 0.95 efficacy,1995.0,cum_cancers,739320.2509882291,725941.1215468361,752699.380429622
Infants: 0.95 efficacy,1996.0,cum_cancers,749850.1143545534,735851.5812003887,763848.647508718
Infants: 0.95 efficacy,1996.0,cum_cancers,761371.023796991,748982.9404040219,773759.1071899602
Infants: 0.95 efficacy,1996.0,cum_cancers,773387.4562982523,763353.1068393717,783421.8057571329
Infants: 0.95 efficacy,1996.0,cum_cancers,784041.2000970086,774254.6122506085,793827.7879434088
Infants: 0.95 efficacy,1997.0,cum_cancers,795685.9906225814,785403.8793297046,805968.1019154583
Infants: 0.95 efficacy,1997.0,cum_cancers,805968.0924318044,797296.4308585887,814639.75400502
Infants: 0.95 efficacy,1997.0,cum_cancers,816002.4324485653,807702.4131556225,824302.451741508
Infants: 0.95 efficacy,1997.0,cum_cancers,826780.057095096,817860.6344493452,835699.4797408469
Infants: 0.95 efficacy,1998.0,cum_cancers,836814.3968349618,829753.1853136813,843875.6083562425
Infants: 0.95 efficacy,1998.0,cum_cancers,845609.9293984898,839663.6449395445,851556.213857435
Infants: 0.95 efficacy,1998.0,cum_cancers,853662.1771245766,848583.0578939702,858741.296355183
Infants: 0.95 efficacy,1998.0,cum_cancers,862705.4714390323,858741.2784123867,866669.6644656782
Infants: 0.95 efficacy,1999.0,cum_cancers,873483.0961270975,869642.7831590754,877323.4090951195
Infants: 0.95 efficacy,1999.0,cum_cancers,885004.0051541924,883021.9036982937,886986.1066100912
Infants: 0.95 efficacy,1999.0,cum_cancers,895533.8689081699,892436.8405699177,898630.897246422
Infants: 0.95 efficacy,1999.0,cum_cancers,906187.6128176842,905320.4382164493,907054.7874189189
Infants: 0.95 efficacy,2000.0,cum_cancers,917212.9977337546,913744.3282781882,920681.6671893208
Infants: 0.95 efficacy,2000.0,cum_cancers,927742.8613908186,925389.1190806562,930096.603700981
Infants: 0.95 efficacy,2000.0,cum_cancers,938024.9631861968,935795.101156174,940254.8252162195
Infants: 0.95 efficacy,2000.0,cum_cancers,948554.8257910599,946201.083453208,950908.5681289118
Infants: 0.95 efficacy,2001.0,cum_cancers,958713.0469740243,958341.3966499513,959084.6972980973
Infants: 0.95 efficacy,2001.0,cum_cancers,972092.1668210054,971720.5332213908,972463.80042062
Infants: 0.95 efficacy,2001.0,cum_cancers,982002.626474558,981383.2147595207,982622.0381895953
Infants: 0.95 efficacy,2001.0,cum_cancers,993647.4161694457,993028.0039559975,994266.828382894
Infants: 0.95 efficacy,2002.0,cum_cancers,1004548.9214145455,1004177.2874549673,1004920.5553741237
Infants: 0.95 efficacy,2002.0,cum_cancers,1015326.545964163,1012848.9393507027,1017804.1525776233
Infants: 0.95 efficacy,2002.0,cum_cancers,1025237.004980857,1023254.9213154624,1027219.0886462517
Infants: 0.95 efficacy,2002.0,cum_cancers,1036138.5105582308,1032669.8572733329,1039607.1638431286
Infants: 0.95 efficacy,2003.0,cum_cancers,1047287.7769450892,1046048.9764834553,1048526.5774067233
Infants: 0.95 efficacy,2003.0,cum_cancers,1059551.9709757627,1058684.8127944018,1060419.1291571234
Infants: 0.95 efficacy,2003.0,cum_cancers,1069957.953245107,1069834.0800950138,1070081.8263952003
Infants: 0.95 efficacy,2003.0,cum_cancers,1079001.2472549784,1077762.432228667,1080240.0622812896
Infants: 0.95 efficacy,2004.0,cum_cancers,1089778.8720814907,1088168.4151902488,1091389.3289727326
Infants: 0.95 efficacy,2004.0,cum_cancers,1098946.0467314653,1097583.3512588772,1100308.7422040533
Infants: 0.95 efficacy,2004.0,cum_cancers,1110962.4789281422,1109723.6637910728,1112201.2940652117
Infants: 0.95 efficacy,2004.0,cum_cancers,1121492.3421975533,1121368.4537628554,1121616.230632251
Infants: 0.95 efficacy,2005.0,cum_cancers,1133013.2510585114,1132765.497379073,1133261.0047379497
Infants: 0.95 efficacy,2005.0,cum_cancers,1143914.75635899,1141684.9107211516,1146144.6019968283
Infants: 0.95 efficacy,2005.0,cum_cancers,1155435.6657737382,1152586.4163539042,1158284.915193572
Infants: 0.95 efficacy,2005.0,cum_cancers,1166213.2903787345,1162744.637647627,1169681.9431098423
Infants: 0.95 efficacy,2006.0,cum_cancers,1179716.2905889237,1178353.6090995336,1181078.9720783136
Infants: 0.95 efficacy,2006.0,cum_cancers,1189998.3920243382,1189750.6372096306,1190246.1468390462
Infants: 0.95 efficacy,2006.0,cum_cancers,1201147.6586604025,1201147.652250283,1201147.6650705219
Infants: 0.95 efficacy,2006.0,cum_cancers,1211553.641469692,1210067.0792709752,1213040.203668409
Infants: 0.95 efficacy,2007.0,cum_cancers,1223570.073223337,1222455.153027998,1224684.9934186758
Infants: 0.95 efficacy,2007.0,cum_cancers,1237692.4782123435,1237320.8297296222,1238064.1266950648
Infants: 0.95 efficacy,2007.0,cum_cancers,1249956.6721876378,1247974.5741375475,1251938.770237728
Infants: 0.95 efficacy,2007.0,cum_cancers,1262964.1496297428,1258876.0796872317,1267052.2195722542
Infants: 0.95 efficacy,2008.0,cum_cancers,1273246.2518266188,1271016.392662459,1275476.1109907785
Infants: 0.95 efficacy,2008.0,cum_cancers,1288607.4639365845,1285882.083208834,1291332.8446643348
Infants: 0.95 efficacy,2008.0,cum_cancers,1301119.419192085,1298517.9191875064,1303720.919196664
Infants: 0.95 efficacy,2008.0,cum_cancers,1312020.9248248376,1308923.9015952982,1315117.9480543772
Infants: 0.95 efficacy,2009.0,cum_cancers,1322922.4308037092,1319329.88455688,1326514.9770505382
Infants: 0.95 efficacy,2009.0,cum_cancers,1335186.6245574872,1332709.0049853404,1337664.2441296342
Infants: 0.95 efficacy,2009.0,cum_cancers,1346335.8913043095,1342123.9410539689,1350547.84155465
Infants: 0.95 efficacy,2009.0,cum_cancers,1360210.5343485614,1357237.3918283489,1363183.6768687742
Infants: 0.95 efficacy,2010.0,cum_cancers,1372226.9667667544,1370120.9892533645,1374332.9442801443
Infants: 0.95 efficacy,2010.0,cum_cancers,1383500.1148459173,1380526.9722149468,1386473.257476888
Infants: 0.95 efficacy,2010.0,cum_cancers,1394525.501091084,1391676.239072527,1397374.7631096407
Infants: 0.95 efficacy,2010.0,cum_cancers,1410010.5933704306,1407532.9724138088,1412488.2143270527
Infants: 0.95 efficacy,2011.0,cum_cancers,1423761.3541962784,1421159.8521842104,1426362.856208346
Infants: 0.95 efficacy,2011.0,cum_cancers,1436025.5478392984,1433547.9268272978,1438503.1688512992
Infants: 0.95 efficacy,2011.0,cum_cancers,1447050.9338352594,1442219.578723033,1451882.2889474859
Infants: 0.95 efficacy,2011.0,cum_cancers,1459810.6500663818,1457580.7902792084,1462040.5098535554
Infants: 0.95 efficacy,2012.0,cum_cancers,1470464.3940866538,1467243.488791002,1473685.299382306
Infants: 0.95 efficacy,2012.0,cum_cancers,1485082.3215253155,1484091.2696897862,1486073.3733608448
Infants: 0.95 efficacy,2012.0,cum_cancers,1498709.2033447404,1497965.9126786594,1499452.4940108217
Infants: 0.95 efficacy,2012.0,cum_cancers,1511840.5614961723,1508124.1341938977,1515556.988798447
Infants: 0.95 efficacy,2013.0,cum_cancers,1525343.5625924254,1522989.8235219344,1527697.3016629166
Infants: 0.95 efficacy,2013.0,cum_cancers,1539837.6089756414,1539094.3306313881,1540580.8873198945
Infants: 0.95 efficacy,2013.0,cum_cancers,1553588.3705767947,1551730.1659455122,1555446.575208077
Infants: 0.95 efficacy,2013.0,cum_cancers,1568454.0601817265,1567834.662948298,1569073.457415155
Infants: 0.95 efficacy,2014.0,cum_cancers,1584558.555357005,1582700.3522763345,1586416.7584376754
Infants: 0.95 efficacy,2014.0,cum_cancers,1597566.0336713295,1595831.7114799677,1599300.3558626913
Infants: 0.95 efficacy,2014.0,cum_cancers,1613918.2909574993,1611936.2083719952,1615900.3735430033
Infants: 0.95 efficacy,2014.0,cum_cancers,1628288.4567283012,1627545.1811529982,1629031.7323036043
Infants: 0.95 efficacy,2015.0,cum_cancers,1642410.8604159013,1641915.3295624831,1642906.3912693195
Infants: 0.95 efficacy,2015.0,cum_cancers,1659506.4007120053,1656285.494225705,1662727.3071983056
Infants: 0.95 efficacy,2015.0,cum_cancers,1674372.089264736,1670655.6604395388,1678088.518089933
Infants: 0.95 efficacy,2015.0,cum_cancers,1688618.373218631,1688494.500165451,1688742.246271811
Infants: 0.95 efficacy,2016.0,cum_cancers,1705094.5120032788,1702864.6517038497,1707324.3723027078
Infants: 0.95 efficacy,2016.0,cum_cancers,1719712.438777392,1716739.2951357549,1722685.5824190292
Infants: 0.95 efficacy,2016.0,cum_cancers,1734206.4861020506,1729870.6540071138,1738542.3181969873
Infants: 0.95 efficacy,2016.0,cum_cancers,1748452.7712050597,1743002.013099989,1753903.5293101307
Infants: 0.95 efficacy,2017.0,cum_cancers,1762079.6516953888,1760840.8373474702,1763318.4660433074
Infants: 0.95 efficacy,2017.0,cum_cancers,1777812.5049226682,1776449.809574683,1779175.2002706535
Infants: 0.95 efficacy,2017.0,cum_cancers,1792925.9542571944,1791811.0364708418,1794040.8720435468
Infants: 0.95 efficacy,2017.0,cum_cancers,1812746.8709614864,1811384.173730615,1814109.568192358
Infants: 0.95 efficacy,2018.0,cum_cancers,1828603.6048565586,1828231.9519712068,1828975.2577419106
Infants: 0.95 efficacy,2018.0,cum_cancers,1843964.8155820493,1843593.1631951085,1844336.46796899
Infants: 0.95 efficacy,2018.0,cum_cancers,1861803.6406602152,1860193.1815399686,1863414.099780462
Infants: 0.95 efficacy,2018.0,cum_cancers,1875802.1650368082,1873820.0638578043,1877784.266215812
Infants: 0.95 efficacy,2019.0,cum_cancers,1890791.733343578,1890172.3399174558,1891411.1267697003
Infants: 0.95 efficacy,2019.0,cum_cancers,1907515.632910021,1905781.3136952806,1909249.9521247614
Infants: 0.95 efficacy,2019.0,cum_cancers,1922876.8448538496,1920894.7630298068,1924858.9266778925
Infants: 0.95 efficacy,2019.0,cum_cancers,1937990.2946867864,1936255.973256886,1939724.616116687
Infants: 0.95 efficacy,2020.0,cum_cancers,1952608.2218623976,1949635.093713036,1955581.3500117592
Infants: 0.95 efficacy,2020.0,cum_cancers,1968217.1946434006,1965491.8280511403,1970942.5612356607
Infants: 0.95 efficacy,2020.0,cum_cancers,1985188.8541609538,1981596.323060282,1988781.3852616257
Infants: 0.95 efficacy,2020.0,cum_cancers,2004018.7262982107,2002656.047550081,2005381.40504634
Infants: 0.95 efficacy,2021.0,cum_cancers,2021485.9094283779,2019999.3504554876,2022972.4684012681
Infants: 0.95 efficacy,2021.0,cum_cancers,2037094.8834554078,2035360.56328538,2038829.203625436
Infants: 0.95 efficacy,2021.0,cum_cancers,2055676.9933710154,2054685.9375205084,2056668.0492215224
Infants: 0.95 efficacy,2021.0,cum_cancers,2072896.414556428,2070542.6710833064,2075250.1580295498
Infants: 0.95 efficacy,2022.0,cum_cancers,2090363.5981296273,2085656.1218576864,2095071.074401568
Infants: 0.95 efficacy,2022.0,cum_cancers,2106220.3329661423,2102751.66497812,2109689.000954165
Infants: 0.95 efficacy,2022.0,cum_cancers,2121953.185695011,2118112.8758697473,2125793.495520275
Infants: 0.95 efficacy,2022.0,cum_cancers,2138057.681091806,2135456.1773352996,2140659.184848312
Infants: 0.95 efficacy,2023.0,cum_cancers,2155896.505394666,2152799.4784685783,2158993.5323207537
Infants: 0.95 efficacy,2023.0,cum_cancers,2176832.3480814025,2171877.1096708807,2181787.5864919242
Infants: 0.95 efficacy,2023.0,cum_cancers,2195662.2193879746,2188724.889572843,2202599.549203106
Infants: 0.95 efficacy,2023.0,cum_cancers,2213624.9250785545,2206563.7151494203,2220686.135007689
Infants: 0.95 efficacy,2024.0,cum_cancers,2229729.4208076233,2223163.732165185,2236295.1094500613
Infants: 0.95 efficacy,2024.0,cum_cancers,2247568.246273442,2242736.886426311,2252399.606120573
Infants: 0.95 efficacy,2024.0,cum_cancers,2265902.595296496,2260823.475332118,2270981.715260874
Infants: 0.95 efficacy,2024.0,cum_cancers,2283369.778509732,2276184.68655602,2290554.870463444
Infants: 0.95 efficacy,2025.0,cum_cancers,2299722.0359620387,2291298.137441158,2308145.9344829195
Infants: 0.95 efficacy,2025.0,cum_cancers,2315950.411749731,2308393.677349609,2323507.1461498532
Infants: 0.95 efficacy,2025.0,cum_cancers,2336762.37462705,2327966.832939832,2345557.916314268
Infants: 0.95 efficacy,2025.0,cum_cancers,2357945.98100298,2349026.558537211,2366865.4034687486
Infants: 0.95 efficacy,2026.0,cum_cancers,2377395.255260862,2368104.190902473,2386686.319619251
Infants: 0.95 efficacy,2026.0,cum_cancers,2397216.171799017,2388420.629945662,2406011.7136523724
Infants: 0.95 efficacy,2026.0,cum_cancers,2418647.5386244683,2411214.684892139,2426080.3923567976
Infants: 0.95 efficacy,2026.0,cum_cancers,2436610.244370427,2428805.7484685825,2444414.740272272
Infants: 0.95 efficacy,2027.0,cum_cancers,2457669.9685833314,2451104.2797470666,2464235.6574195963
Infants: 0.95 efficacy,2027.0,cum_cancers,2478729.6929623727,2472164.004236866,2485295.381687879
Infants: 0.95 efficacy,2027.0,cum_cancers,2497435.6833242564,2491737.1598270885,2503134.2068214244
Infants: 0.95 efficacy,2027.0,cum_cancers,2518123.7650353713,2512549.1226490284,2523698.4074217146
Infants: 0.95 efficacy,2028.0,cum_cancers,2535219.3058298863,2528901.379104513,2541537.23255526
Infants: 0.95 efficacy,2028.0,cum_cancers,2554668.581915276,2551199.9114905773,2558137.2523399745
Infants: 0.95 efficacy,2028.0,cum_cancers,2577214.8769106427,2573498.445205738,2580931.308615547
Infants: 0.95 efficacy,2028.0,cum_cancers,2599017.8847980285,2594558.1684771986,2603477.601118859
Infants: 0.95 efficacy,2029.0,cum_cancers,2617971.637381562,2614379.086178313,2621564.1885848115
Infants: 0.95 efficacy,2029.0,cum_cancers,2636305.985130899,2632465.6717613796,2640146.2985004187
Infants: 0.95 efficacy,2029.0,cum_cancers,2654516.4523232016,2650056.7346732756,2658976.1699731275
Infants: 0.95 efficacy,2029.0,cum_cancers,2676938.864823268,2673841.8357373993,2680035.8939091368
Infants: 0.95 efficacy,2030.0,cum_cancers,2697626.946866657,2694406.037888302,2700847.8558450122
Infants: 0.95 efficacy,2030.0,cum_cancers,2720544.882757822,2719925.4687445564,2721164.2967710877
Infants: 0.95 efficacy,2030.0,cum_cancers,2741728.4885799615,2739498.6439112555,2743958.333248668
Infants: 0.95 efficacy,2030.0,cum_cancers,2762416.5699588023,2759319.5600617575,2765513.5798558476
Infants: 0.95 efficacy,2031.0,cum_cancers,2783971.8168982565,2780379.2841085247,2787564.3496879884
Infants: 0.95 efficacy,2031.0,cum_cancers,2804783.779609438,2797474.8241277337,2812092.7350911424
Infants: 0.95 efficacy,2031.0,cum_cancers,2826710.6699367454,2815313.649925827,2838107.6899476633
Infants: 0.95 efficacy,2031.0,cum_cancers,2848885.3202705416,2836868.896643765,2860901.7438973184
Infants: 0.95 efficacy,2032.0,cum_cancers,2869449.52153538,2856194.29100916,2882704.7520615994
Infants: 0.95 efficacy,2032.0,cum_cancers,2891995.8157000616,2876262.9705996495,2907728.6608004733
Infants: 0.95 efficacy,2032.0,cum_cancers,2914046.585864476,2897818.2179821352,2930274.9537468166
Infants: 0.95 efficacy,2032.0,cum_cancers,2935725.7137486176,2919621.2261464167,2951830.2013508184
Infants: 0.95 efficacy,2033.0,cum_cancers,2955546.630342152,2938698.858179405,2972394.4025048986
Infants: 0.95 efficacy,2033.0,cum_cancers,2979331.7317385506,2962979.4819147,2995683.9815624007
Infants: 0.95 efficacy,2033.0,cum_cancers,3000019.813781939,2981809.3519475544,3018230.2756163236
Infants: 0.95 efficacy,2033.0,cum_cancers,3021946.702835529,3003860.122001211,3040033.283669847
Infants: 0.95 efficacy,2034.0,cum_cancers,3044369.1150033213,3025910.8919441095,3062827.3380625336
Infants: 0.95 efficacy,2034.0,cum_cancers,3070755.7130815587,3055642.2707109414,3085869.155452176
Infants: 0.95 efficacy,2034.0,cum_cancers,3094416.9318442093,3076701.9942592974,3112131.8694291217
Infants: 0.95 efficacy,2034.0,cum_cancers,3115352.7755000796,3097513.9561951733,3133191.5948049854
Infants: 0.95 efficacy,2035.0,cum_cancers,3138270.7111697276,3117087.11156388,3159454.310775575
Infants: 0.95 efficacy,2035.0,cum_cancers,3159330.435327253,3137651.3124964447,3181009.558158061
Infants: 0.95 efficacy,2035.0,cum_cancers,3181381.2054916676,3158711.036986244,3204051.3739970913
Infants: 0.95 efficacy,2035.0,cum_cancers,3204546.9030506914,3180514.0465903785,3228579.759511004
Infants: 0.95 efficacy,2036.0,cum_cancers,3227960.3621668164,3203060.3415303663,3252860.382803267
Infants: 0.95 efficacy,2036.0,cum_cancers,3247905.159483522,3225111.110476443,3270699.2084906017
Infants: 0.95 efficacy,2036.0,cum_cancers,3270203.6918695867,3243940.981949152,3296466.401790022
Infants: 0.95 efficacy,2036.0,cum_cancers,3297209.691403901,3269212.6510267886,3325206.7317810133
Infants: 0.95 efficacy,2037.0,cum_cancers,3323100.765149597,3292502.228865952,3353699.301433242
Infants: 0.95 efficacy,2037.0,cum_cancers,3346390.342213454,3317526.136940277,3375254.547486631
Infants: 0.95 efficacy,2037.0,cum_cancers,3372157.5351805994,3343293.3289106004,3401021.741450599
Infants: 0.95 efficacy,2037.0,cum_cancers,3394951.5899055605,3362123.2001617933,3427779.9796493277
Infants: 0.95 efficacy,2038.0,cum_cancers,3419603.8564749183,3389129.2009144453,3450078.5120353918
Infants: 0.95 efficacy,2038.0,cum_cancers,3445494.9307744047,3418117.2936808765,3472872.5678679324
Infants: 0.95 efficacy,2038.0,cum_cancers,3471138.242686104,3442645.679748579,3499630.8056236296
Infants: 0.95 efficacy,2038.0,cum_cancers,3497029.3163764216,3470147.2027293704,3523911.4300234728
Infants: 0.95 efficacy,2039.0,cum_cancers,3518708.4437067728,3489968.1199874524,3547448.767426093
Infants: 0.95 efficacy,2039.0,cum_cancers,3544103.9936183393,3511027.8442557356,3577180.1429809425
Infants: 0.95 efficacy,2039.0,cum_cancers,3569004.020194186,3535308.4686555783,3602699.571732794
Infants: 0.95 efficacy,2039.0,cum_cancers,3592417.47831349,3558598.0463839844,3626236.9102429957
Infants: 0.95 efficacy,2040.0,cum_cancers,3616450.340879337,3582630.9091159683,3650269.772642705
Infants: 0.95 efficacy,2040.0,cum_cancers,3642217.5346217877,3609884.671757995,3674550.3974855803
Infants: 0.95 efficacy,2040.0,cum_cancers,3669719.057879474,3635404.1035003136,3704034.012258635
Infants: 0.95 efficacy,2040.0,cum_cancers,3691893.7088778187,3659189.2052289858,3724598.212526651
Infants: 0.95 efficacy,2041.0,cum_cancers,3715183.286495466,3682726.5441822186,3747640.028808713
Infants: 0.95 efficacy,2041.0,cum_cancers,3738348.9824484987,3706759.4051420745,3769938.559754923
Infants: 0.95 efficacy,2041.0,cum_cancers,3763744.5335230236,3733517.6437838348,3793971.4232622124
Infants: 0.95 efficacy,2041.0,cum_cancers,3786166.9460230907,3755568.41394825,3816765.478097931
Infants: 0.95 efficacy,2042.0,cum_cancers,3812429.661882923,3782326.652590011,3842532.671175835
Infants: 0.95 efficacy,2042.0,cum_cancers,3836834.1666736635,3809084.8918963196,3864583.4414510075
Infants: 0.95 efficacy,2042.0,cum_cancers,3860867.02923951,3836338.654538347,3885395.403940673
Infants: 0.95 efficacy,2042.0,cum_cancers,3885271.5343071464,3862353.609062594,3908189.4595516985
Infants: 0.95 efficacy,2043.0,cum_cancers,3913392.461955996,3892828.271171633,3933956.65274036
Infants: 0.95 efficacy,2043.0,cum_cancers,3934576.067445862,3914135.7568862597,3955016.3780054646
Infants: 0.95 efficacy,2043.0,cum_cancers,3959228.3339044624,3939159.6651821015,3979297.0026268233
Infants: 0.95 efficacy,2043.0,cum_cancers,3981650.745961497,3963688.0505852555,3999613.4413377387
Infants: 0.95 efficacy,2044.0,cum_cancers,4005807.489361273,3988464.197767027,4023150.7809555195
Infants: 0.95 efficacy,2044.0,cum_cancers,4027734.3796885805,4009523.9238074385,4045944.835569722
Infants: 0.95 efficacy,2044.0,cum_cancers,4049785.150296027,4029840.364179723,4069729.9364123307
Infants: 0.95 efficacy,2044.0,cum_cancers,4077658.315114059,4057341.8880465785,4097974.7421815395
Infants: 0.95 efficacy,2045.0,cum_cancers,4099956.848829219,4079640.4207649166,4120273.2768935217
Infants: 0.95 efficacy,2045.0,cum_cancers,4124361.353121549,4106894.182742396,4141828.5235007014
Infants: 0.95 efficacy,2045.0,cum_cancers,4149013.619469391,4131918.0912597533,4166109.1476790286
Infants: 0.95 efficacy,2045.0,cum_cancers,4174533.050990192,4158676.3301230296,4190389.7718573553
Infants: 0.95 efficacy,2046.0,cum_cancers,4199928.600901759,4185186.8066538996,4214670.395149618
Infants: 0.95 efficacy,2046.0,cum_cancers,4226439.077709524,4214174.897315929,4238703.258103118
Infants: 0.95 efficacy,2046.0,cum_cancers,4250843.582500264,4238207.759161849,4263479.4058386795
Infants: 0.95 efficacy,2046.0,cum_cancers,4276115.252297828,4262240.621783074,4289989.882812581
Infants: 0.95 efficacy,2047.0,cum_cancers,4299404.830081612,4284786.915061692,4314022.745101533
Infants: 0.95 efficacy,2047.0,cum_cancers,4326782.473557569,4310801.870915034,4342763.076200104
Infants: 0.95 efficacy,2047.0,cum_cancers,4349328.767334597,4337560.110332101,4361097.424337095
Infants: 0.95 efficacy,2047.0,cum_cancers,4374104.914405612,4362831.780517317,4385378.048293906
Infants: 0.95 efficacy,2048.0,cum_cancers,4399004.941258354,4386864.641920205,4411145.240596504
Infants: 0.95 efficacy,2048.0,cum_cancers,4425391.536733778,4412631.832339916,4438151.24112764
Infants: 0.95 efficacy,2048.0,cum_cancers,4448557.234458938,4435921.4108436275,4461193.05807425
Infants: 0.95 efficacy,2048.0,cum_cancers,4472466.216135478,4457724.4196724575,4487208.012598497
Infants: 0.95 efficacy,2049.0,cum_cancers,4496375.19803353,4480022.952058521,4512727.44400854
Infants: 0.95 efficacy,2049.0,cum_cancers,4524000.602014389,4512479.702969357,4535521.5010594195
Infants: 0.95 efficacy,2049.0,cum_cancers,4546051.372511078,4537008.088372513,4555094.656649643
Infants: 0.95 efficacy,2049.0,cum_cancers,4569960.354409131,4560545.428654841,4579375.280163421
Infants: 0.95 efficacy,2050.0,cum_cancers,4592258.886629058,4583339.483822834,4601178.289435282
Infants: 0.95 efficacy,2050.0,cum_cancers,4614061.896122435,4603408.162638017,4624715.629606853
Infants: 0.95 efficacy,2050.0,cum_cancers,4640448.492040891,4631405.208289979,4649491.775791803
Infants: 0.95 efficacy,2050.0,cum_cancers,4664481.355215907,4658658.970710491,4670303.739721322
Infants: 0.95 efficacy,2051.0,cum_cancers,4686160.483487701,4681700.787657101,4690620.179318301
Infants: 0.95 efficacy,2051.0,cum_cancers,4708706.778649204,4707220.219953208,4710193.337345201
Infants: 0.95 efficacy,2051.0,cum_cancers,4735217.255623106,4733235.175363519,4737199.3358826935
Infants: 0.95 efficacy,2051.0,cum_cancers,4756772.505054615,4752560.571390285,4760984.438718946
Infants: 0.95 efficacy,2052.0,cum_cancers,4780557.605343433,4776841.194239516,4784274.016447351
Infants: 0.95 efficacy,2052.0,cum_cancers,4807315.843652921,4805086.001559338,4809545.685746504
Infants: 0.95 efficacy,2052.0,cum_cancers,4835560.64997592,4832587.523654064,4838533.776297775
Infants: 0.95 efficacy,2052.0,cum_cancers,4859221.87042763,4857611.433057485,4860832.307797775
Infants: 0.95 efficacy,2053.0,cum_cancers,4881148.760921074,4878175.6120322775,4884121.909809871
Infants: 0.95 efficacy,2053.0,cum_cancers,4904562.219317272,4901217.428092823,4907907.010541721
Infants: 0.95 efficacy,2053.0,cum_cancers,4925869.70553031,4922772.675586067,4928966.735474552
Infants: 0.95 efficacy,2053.0,cum_cancers,4950274.209933397,4949778.676117203,4950769.7437495915
Infants: 0.95 efficacy,2054.0,cum_cancers,4973439.905941809,4972820.513138699,4974059.298744918
Infants: 0.95 efficacy,2054.0,cum_cancers,4996110.079445187,4994623.522521319,4997596.636369055
Infants: 0.95 efficacy,2054.0,cum_cancers,5020019.061232483,5018656.382595111,5021381.739869855
Infants: 0.95 efficacy,2054.0,cum_cancers,5047396.702161007,5045662.361833023,5049131.04248899
Infants: 0.95 efficacy,2055.0,cum_cancers,5070438.5191076165,5068951.962405264,5071925.075809969
Infants: 0.95 efficacy,2055.0,cum_cancers,5094719.143119806,5089516.163891618,5099922.122347994
Infants: 0.95 efficacy,2055.0,cum_cancers,5119371.40885848,5113301.262629825,5125441.555087134
Infants: 0.95 efficacy,2055.0,cum_cancers,5140678.8959022015,5138077.410808418,5143280.380995986
Infants: 0.95 efficacy,2056.0,cum_cancers,5163968.472024617,5160128.179422221,5167808.764627012
Infants: 0.95 efficacy,2056.0,cum_cancers,5185647.600074895,5182178.9487005705,5189116.251449219
Infants: 0.95 efficacy,2056.0,cum_cancers,5211043.150706388,5210919.260831838,5211167.040580939
Infants: 0.95 efficacy,2056.0,cum_cancers,5235943.1777252685,5235447.646456509,5236438.708994027
Infants: 0.95 efficacy,2057.0,cum_cancers,5259108.874619743,5256011.849604232,5262205.899635254
Infants: 0.95 efficacy,2057.0,cum_cancers,5281159.645836359,5278558.143879672,5283761.147793046
Infants: 0.95 efficacy,2057.0,cum_cancers,5304449.225170756,5299617.869809325,5309280.580532186
Infants: 0.95 efficacy,2057.0,cum_cancers,5324270.1430380065,5321916.401087809,5326623.884988205
Infants: 0.95 efficacy,2058.0,cum_cancers,5345205.987801456,5339507.468208509,5350904.507394403
Infants: 0.95 efficacy,2058.0,cum_cancers,5366885.115131808,5361310.4750436945,5372459.755219922
Infants: 0.95 efficacy,2058.0,cum_cancers,5387944.840729187,5378901.54183212,5396988.139626254
Infants: 0.95 efficacy,2058.0,cum_cancers,5408632.924710842,5401695.599547547,5415570.2498741355
Infants: 0.95 efficacy,2059.0,cum_cancers,5434647.879013572,5426967.270175796,5442328.487851348
Infants: 0.95 efficacy,2059.0,cum_cancers,5458928.5031918995,5452238.939142674,5465618.067241124
Infants: 0.95 efficacy,2059.0,cum_cancers,5480112.108238732,5472059.856511515,5488164.359965951
Infants: 0.95 efficacy,2059.0,cum_cancers,5505755.41859982,5496092.717692886,5515418.119506755
Infants: 0.95 efficacy,2060.0,cum_cancers,5530779.325511185,5521364.3857737,5540194.265248672
Infants: 0.95 efficacy,2060.0,cum_cancers,5553449.49984525,5545397.247065829,5561501.752624669
Infants: 0.95 efficacy,2060.0,cum_cancers,5574880.869993441,5565218.167425135,5584543.5725617455
Infants: 0.95 efficacy,2060.0,cum_cancers,5598170.446281992,5589994.312613263,5606346.57995072
Infants: 0.95 efficacy,2061.0,cum_cancers,5619849.57494144,5609815.231200442,5629883.918682437
Infants: 0.95 efficacy,2061.0,cum_cancers,5642767.509614266,5633600.331378502,5651934.68785003
Infants: 0.95 efficacy,2061.0,cum_cancers,5661721.261754767,5650448.11260956,5672994.410899974
Infants: 0.95 efficacy,2061.0,cum_cancers,5686125.7653271705,5672746.645106382,5699504.885547958
Infants: 0.95 efficacy,2062.0,cum_cancers,5707557.131986484,5693558.608814386,5721555.655158583
Infants: 0.95 efficacy,2062.0,cum_cancers,5729236.2602029005,5714122.810411499,5744349.709994302
Infants: 0.95 efficacy,2062.0,cum_cancers,5751410.910979728,5734687.011787095,5768134.810172361
Infants: 0.95 efficacy,2062.0,cum_cancers,5775196.009939451,5757976.588518679,5792415.431360222
Infants: 0.95 efficacy,2063.0,cum_cancers,5798733.347729725,5781513.925810542,5815952.769648908
Infants: 0.95 efficacy,2063.0,cum_cancers,5818306.505036697,5799104.992931241,5837508.017142152
Infants: 0.95 efficacy,2063.0,cum_cancers,5840233.394920971,5822890.093773849,5857576.696068094
Infants: 0.95 efficacy,2063.0,cum_cancers,5863894.614597376,5846179.671502255,5881609.557692498
Infants: 0.95 efficacy,2064.0,cum_cancers,5887679.71571688,5869221.489113413,5906137.942320347
Infants: 0.95 efficacy,2064.0,cum_cancers,5912084.220563,5896475.250869377,5927693.190256623
Infants: 0.95 efficacy,2064.0,cum_cancers,5933143.945717346,5916048.407013389,5950239.4844213035
Infants: 0.95 efficacy,2064.0,cum_cancers,5952221.578719467,5932152.902853216,5972290.254585719
Infants: 0.95 efficacy,2065.0,cum_cancers,5973529.063271135,5950982.774215167,5996075.352327103
Infants: 0.95 efficacy,2065.0,cum_cancers,5995703.714934027,5969812.646906214,6021594.782961841
Infants: 0.95 efficacy,2065.0,cum_cancers,6017754.485430716,5993102.225299167,6042406.745562265
Infants: 0.95 efficacy,2065.0,cum_cancers,6038690.329141965,6015648.518577785,6061732.139706144
Infants: 0.95 efficacy,2066.0,cum_cancers,6063218.714988151,6040176.90398094,6086260.525995362
Infants: 0.95 efficacy,2066.0,cum_cancers,6082172.466824068,6056529.161433246,6107815.7722148895
Infants: 0.95 efficacy,2066.0,cum_cancers,6103603.833926413,6078332.170705107,6128875.49714772
Infants: 0.95 efficacy,2066.0,cum_cancers,6121814.301617127,6095427.710392042,6148200.892842213
Infants: 0.95 efficacy,2067.0,cum_cancers,6142874.026494579,6119212.811123893,6166535.241865266
Infants: 0.95 efficacy,2067.0,cum_cancers,6164181.512762995,6136556.112700202,6191806.912825788
Infants: 0.95 efficacy,2067.0,cum_cancers,6184745.713820163,6155881.5063179815,6213609.921322344
Infants: 0.95 efficacy,2067.0,cum_cancers,6209645.741725106,6179418.846600311,6239872.636849902
Infants: 0.95 efficacy,2068.0,cum_cancers,6231448.750886209,6199487.525747769,6263409.97602465
Infants: 0.95 efficacy,2068.0,cum_cancers,6252260.713652769,6218069.634777311,6286451.792528228
Infants: 0.95 efficacy,2068.0,cum_cancers,6275674.17138442,6239872.643273868,6311475.699494973
Infants: 0.95 efficacy,2068.0,cum_cancers,6298344.345663104,6266135.358690667,6330553.332635541
Infants: 0.95 efficacy,2069.0,cum_cancers,6321881.685280886,6286947.321623364,6356816.048938406
Infants: 0.95 efficacy,2069.0,cum_cancers,6343065.29032772,6309245.853344882,6376884.727310558
Infants: 0.95 efficacy,2069.0,cum_cancers,6367717.555346465,6336499.61366099,6398935.497031939
Infants: 0.95 efficacy,2069.0,cum_cancers,6384565.334999221,6355825.007832559,6413305.662165884
Infants: 0.95 efficacy,2070.0,cum_cancers,6405996.7022677045,6381592.2007997045,6430401.2037357045
Infants: 0.95 efficacy,2070.0,cum_cancers,6426189.260781549,6398439.97887416,6453938.542688938
Infants: 0.95 efficacy,2070.0,cum_cancers,6449850.4800703,6419747.463591964,6479953.496548637
Infants: 0.95 efficacy,2070.0,cum_cancers,6469299.755934174,6441054.950414171,6497544.561454177
Infants: 0.95 efficacy,2071.0,cum_cancers,6489987.839140522,6458398.252987304,6521577.425293741
Infants: 0.95 efficacy,2071.0,cum_cancers,6514268.463097333,6481687.830272677,6546849.095921989
Infants: 0.95 efficacy,2071.0,cum_cancers,6540159.536953786,6507950.546464783,6572368.527442791
Infants: 0.95 efficacy,2071.0,cum_cancers,6561219.261388208,6529010.270290034,6593428.252486382
Infants: 0.95 efficacy,2072.0,cum_cancers,6583889.43516848,6552795.3699143035,6614983.500422656
Infants: 0.95 efficacy,2072.0,cum_cancers,6607674.536371052,6574102.8562381,6641246.216504005
Infants: 0.95 efficacy,2072.0,cum_cancers,6632574.564386752,6599374.526866347,6665774.601907158
Infants: 0.95 efficacy,2072.0,cum_cancers,6653634.288530434,6619690.966629464,6687577.610431404
Infants: 0.95 efficacy,2073.0,cum_cancers,6675189.535359129,6643723.828475383,6706655.242242876
Infants: 0.95 efficacy,2073.0,cum_cancers,6698355.232308985,6671720.875013409,6724989.58960456
Infants: 0.95 efficacy,2073.0,cum_cancers,6720901.525753738,6693276.122617411,6748526.928890066
Infants: 0.95 efficacy,2073.0,cum_cancers,6747040.360724263,6720282.122373241,6773798.599075284
Infants: 0.95 efficacy,2074.0,cum_cancers,6769958.296241619,6746792.600371655,6793123.992111583
Infants: 0.95 efficacy,2074.0,cum_cancers,6792752.351271164,6767604.563359732,6817900.1391825965
Infants: 0.95 efficacy,2074.0,cum_cancers,6816909.0949755255,6792132.949981224,6841685.239969826
Infants: 0.95 efficacy,2074.0,cum_cancers,6839827.030215986,6814183.720145638,6865470.340286334
Infants: 0.95 efficacy,2075.0,cum_cancers,6863983.773089662,6839455.389223275,6888512.156956049
Infants: 0.95 efficacy,2075.0,cum_cancers,6886282.30525421,6860267.352709763,6912297.257798658
Infants: 0.95 efficacy,2075.0,cum_cancers,6910810.689494405,6884300.214444924,6937321.164543887
Infants: 0.95 efficacy,2075.0,cum_cancers,6935339.073679222,6913288.304996195,6957389.842362248
Infants: 0.95 efficacy,2076.0,cum_cancers,6959371.934860594,6938807.734634112,6979936.135087076
Infants: 0.95 efficacy,2076.0,cum_cancers,6981174.94382787,6959867.45970539,7002482.427950351
Infants: 0.95 efficacy,2076.0,cum_cancers,7001243.621397026,6977706.283620597,7024780.959173456
Infants: 0.95 efficacy,2076.0,cum_cancers,7026019.767831182,7003721.237701812,7048318.297960551
Infants: 0.95 efficacy,2077.0,cum_cancers,7050548.152182136,7028992.906336417,7072103.398027854
Infants: 0.95 efficacy,2077.0,cum_cancers,7071236.233879406,7048813.822874572,7093658.64488424
Infants: 0.95 efficacy,2077.0,cum_cancers,7094773.572278848,7073837.729841317,7115709.41471638
Infants: 0.95 efficacy,2077.0,cum_cancers,7116824.3420832995,7096384.022067733,7137264.662098866
Infants: 0.95 efficacy,2078.0,cum_cancers,7137884.066545408,7118682.553346218,7157085.5797446
Infants: 0.95 efficacy,2078.0,cum_cancers,7161916.928169813,7142219.891634903,7181613.964704724
Infants: 0.95 efficacy,2078.0,cum_cancers,7186073.670766594,7164270.661300905,7207876.680232282
Infants: 0.95 efficacy,2078.0,cum_cancers,7210849.817062302,7190533.376163917,7231166.257960686
Infants: 0.95 efficacy,2079.0,cum_cancers,7232900.586755995,7210354.292480555,7255446.881031433
Infants: 0.95 efficacy,2079.0,cum_cancers,7255446.879342375,7233891.630935378,7277002.127749372
Infants: 0.95 efficacy,2079.0,cum_cancers,7279108.098728039,7258172.253590782,7300043.943865296
Infants: 0.95 efficacy,2079.0,cum_cancers,7304503.648404244,7280966.30845419,7328040.988354299
Infants: 0.95 efficacy,2080.0,cum_cancers,7329775.31703885,7305494.692306733,7354055.941770967
Infants: 0.95 efficacy,2080.0,cum_cancers,7353808.178137153,7328288.746367146,7379327.60990716
Infants: 0.95 efficacy,2080.0,cum_cancers,7379823.131609198,7351330.562593829,7408315.7006245665
Infants: 0.95 efficacy,2080.0,cum_cancers,7404103.754832238,7374372.378155964,7433835.1315085115
Infants: 0.95 efficacy,2081.0,cum_cancers,7430366.470152125,7400387.332015663,7460345.608288586
Infants: 0.95 efficacy,2081.0,cum_cancers,7453779.9279945325,7426897.80754971,7480662.048439356
Infants: 0.95 efficacy,2081.0,cum_cancers,7477936.670106747,7452912.7603295185,7502960.579883976
Infants: 0.95 efficacy,2081.0,cum_cancers,7501969.531855754,7476945.6224246435,7526993.441286864
Infants: 0.95 efficacy,2082.0,cum_cancers,7527860.603898546,7502712.8134812135,7553008.394315877
Infants: 0.95 efficacy,2082.0,cum_cancers,7551893.465952136,7526993.437244197,7576793.494660074
Infants: 0.95 efficacy,2082.0,cum_cancers,7575802.447476381,7552512.868377347,7599092.026575416
Infants: 0.95 efficacy,2082.0,cum_cancers,7605286.061086477,7584969.619343562,7625602.5028293915
Infants: 0.95 efficacy,2083.0,cum_cancers,7627584.591894239,7608506.957161525,7646662.226626953
Infants: 0.95 efficacy,2083.0,cum_cancers,7653599.545615491,7633283.103844887,7673915.987386096
Infants: 0.95 efficacy,2083.0,cum_cancers,7679738.3795615025,7659298.056873899,7700178.702249105
Infants: 0.95 efficacy,2083.0,cum_cancers,7706124.975050771,7684074.203391124,7728175.746710418
Infants: 0.95 efficacy,2084.0,cum_cancers,7733130.974031296,7713062.2939147055,7753199.654147886
Infants: 0.95 efficacy,2084.0,cum_cancers,7760756.3767384365,7738581.724051033,7782931.02942584
Infants: 0.95 efficacy,2084.0,cum_cancers,7788381.779168681,7765835.484754795,7810928.073582567
Infants: 0.95 efficacy,2084.0,cum_cancers,7814892.255574948,7794328.052330311,7835456.458819585
Infants: 0.95 efficacy,2085.0,cum_cancers,7838305.713957301,7819847.483020429,7856763.944894174
Infants: 0.95 efficacy,2085.0,cum_cancers,7863949.025190609,7842146.014631186,7885752.0357500315
Infants: 0.95 efficacy,2085.0,cum_cancers,7892937.1156865,7871134.104241014,7914740.127131987
Infants: 0.95 efficacy,2085.0,cum_cancers,7917093.858061766,7897149.057796129,7937038.658327403
Infants: 0.95 efficacy,2086.0,cum_cancers,7944967.022159871,7921429.680562291,7968504.36375745
Infants: 0.95 efficacy,2086.0,cum_cancers,7972220.782019103,7948683.440296922,7995758.123741285
Infants: 0.95 efficacy,2086.0,cum_cancers,7998235.734411258,7974946.154412314,8021525.314410202
Infants: 0.95 efficacy,2086.0,cum_cancers,8022268.5958972145,7996253.64079149,8048283.55100294
Infants: 0.95 efficacy,2087.0,cum_cancers,8049026.833459085,8024746.207951663,8073307.458966508
Infants: 0.95 efficacy,2087.0,cum_cancers,8076280.593484456,8051504.444738228,8101056.742230684
Infants: 0.95 efficacy,2087.0,cum_cancers,8103658.234606805,8080244.773344744,8127071.6958688665
Infants: 0.95 efficacy,2087.0,cum_cancers,8132274.6833762145,8106755.2496540975,8157794.117098331
Infants: 0.95 efficacy,2088.0,cum_cancers,8157794.113055665,8133761.247942384,8181826.978168946
Infants: 0.95 efficacy,2088.0,cum_cancers,8182941.901160924,8160767.247005978,8205116.555315871
Infants: 0.95 efficacy,2088.0,cum_cancers,8209824.018975245,8186782.2003949545,8232865.837555535
Infants: 0.95 efficacy,2088.0,cum_cancers,8235591.2106132945,8212797.152980937,8258385.268245652
Infants: 0.95 efficacy,2089.0,cum_cancers,8261977.80624101,8237077.776051683,8286877.836430337
Infants: 0.95 efficacy,2089.0,cum_cancers,8287621.117557386,8264827.05926048,8310415.175854291
Infants: 0.95 efficacy,2089.0,cum_cancers,8316980.849530555,8293319.625949932,8340642.073111178
Infants: 0.95 efficacy,2089.0,cum_cancers,8344110.72958037,8320325.62526273,8367895.83389801
Infants: 0.95 efficacy,2090.0,cum_cancers,8370497.324571228,8346588.339128919,8394406.310013536
Infants: 0.95 efficacy,2090.0,cum_cancers,8396512.276963383,8376319.71343774,8416704.840489024
Infants: 0.95 efficacy,2090.0,cum_cancers,8426863.05592642,8408033.180231063,8445692.931621775
Infants: 0.95 efficacy,2090.0,cum_cancers,8455107.861737162,8437021.270090096,8473194.453384228
Infants: 0.95 efficacy,2091.0,cum_cancers,8481618.337700397,8464027.268904483,8499209.40649631
Infants: 0.95 efficacy,2091.0,cum_cancers,8509243.739826059,8490289.982770672,8528197.496881446
Infants: 0.95 efficacy,2091.0,cum_cancers,8537984.06873716,8520516.880802866,8555451.256671455
Infants: 0.95 efficacy,2091.0,cum_cancers,8569573.655527238,8550743.778835058,8588403.532219416
Infants: 0.95 efficacy,2092.0,cum_cancers,8596579.654978484,8576758.732500931,8616400.577456035
Infants: 0.95 efficacy,2092.0,cum_cancers,8625443.865000408,8603269.208865663,8647618.521135155
Infants: 0.95 efficacy,2092.0,cum_cancers,8655175.241344409,8638699.100732256,8671651.381956562
Infants: 0.95 efficacy,2092.0,cum_cancers,8685649.90033838,8668430.475290282,8702869.325386478
Infants: 0.95 efficacy,2093.0,cum_cancers,8713027.540740803,8696427.51900398,8729627.562477626
Infants: 0.95 efficacy,2093.0,cum_cancers,8745608.173828509,8729875.316503184,8761341.031153835
Infants: 0.95 efficacy,2093.0,cum_cancers,8772490.292030483,8761093.260182304,8783887.32387866
Infants: 0.95 efficacy,2093.0,cum_cancers,8801973.90511448,8791320.157439193,8812627.652789764
Infants: 0.95 efficacy,2094.0,cum_cancers,8831705.279935556,8820308.247824326,8843102.312046785
Infants: 0.95 efficacy,2094.0,cum_cancers,8861436.654881235,8850039.62315766,8872833.68660481
Infants: 0.95 efficacy,2094.0,cum_cancers,8891663.552151967,8881009.805113541,8902317.299190395
Infants: 0.95 efficacy,2094.0,cum_cancers,8923253.138831288,8911236.70289653,8935269.574766045
Infants: 0.95 efficacy,2095.0,cum_cancers,8950754.660607584,8940224.793032456,8961284.528182711
Infants: 0.95 efficacy,2095.0,cum_cancers,8980486.034542598,8969956.166842869,8991015.902242329
Infants: 0.95 efficacy,2095.0,cum_cancers,9014305.476149585,9002908.442141624,9025702.510157544
Infants: 0.95 efficacy,2095.0,cum_cancers,9044780.136541873,9028180.110610092,9061380.162473656
Infants: 0.95 efficacy,2096.0,cum_cancers,9073272.703217482,9057663.723195676,9088881.683239289
Infants: 0.95 efficacy,2096.0,cum_cancers,9102508.554827442,9086404.05185757,9118613.057797315
Infants: 0.95 efficacy,2096.0,cum_cancers,9132239.929274712,9117374.233315041,9147105.625234384
Infants: 0.95 efficacy,2096.0,cum_cancers,9163829.515690982,9148096.653547684,9179562.37783428
Infants: 0.95 efficacy,2097.0,cum_cancers,9193189.248425614,9178819.074029533,9207559.422821693
Infants: 0.95 efficacy,2097.0,cum_cancers,9221557.935250267,9207311.641466603,9235804.229033934
Infants: 0.95 efficacy,2097.0,cum_cancers,9255129.615134016,9240759.439215012,9269499.791053018
Infants: 0.95 efficacy,2097.0,cum_cancers,9280153.522765309,9267022.153856507,9293284.891674109
Infants: 0.95 efficacy,2098.0,cum_cancers,9310999.825008685,9298983.384006748,9323016.266010622
Infants: 0.95 efficacy,2098.0,cum_cancers,9339864.0345322,9328219.23561671,9351508.833447691
Infants: 0.95 efficacy,2098.0,cum_cancers,9371577.500674818,9362410.316790396,9380744.684559241
Infants: 0.95 efficacy,2098.0,cum_cancers,9404034.251377985,9392884.976047419,9415183.52670855
Infants: 0.95 efficacy,2099.0,cum_cancers,9438844.735738344,9428314.863594448,9449374.607882239
Infants: 0.95 efficacy,2099.0,cum_cancers,9467213.421801537,9455568.623135252,9478858.22046782
Infants: 0.95 efficacy,2099.0,cum_cancers,9500537.338937534,9490750.75300171,9510323.924873358
Infants: 0.95 efficacy,2099.0,cum_cancers,9530888.118343603,9522464.221677918,9539312.015009286
Infants: 0.95 efficacy,2100.0,cum_cancers,9562477.70463527,9554920.97402861,9570034.435241928
